tmc_period_id,tmc_code,period,corridor,direction,network_link_id,network_link_type,network_ftype,observed_day_count,observed_t0_hour,observed_t2_hour,observed_t3_hour,pred_t0_hour,pred_t2_hour,pred_t3_hour,pred_span_min,pred_t2_fraction,model,feature_set,deployment_scope,eligible_for_full_network,target_mode,data_model,validation,group_column,fold,error_t0_min,abs_error_t0_min,error_t2_min,abs_error_t2_min,error_t3_min,abs_error_t3_min,mean_abs_boundary_error_min,physical_violation,date
110+04604::AM,110+04604,AM,I495_CW,CLOCKWISE,32094.0,301.0,1.0,16.0,6.875,8.125,10.125,6.754932157844532,7.459442112274631,8.966772179875809,132.71040132187665,0.3185175905186403,ridge_core,core_network,full_network,True,constrained,aggregate_all_days,corridor_held_out,corridor,1,-7.204070529328064,7.204070529328064,-39.93347326352216,39.93347326352216,-69.49366920745146,69.49366920745146,38.87707100010056,False,
110+04604::MD,110+04604,MD,I495_CW,CLOCKWISE,32094.0,301.0,1.0,1.0,6.5,9.0,10.5,10.588780674930437,11.785391445846502,13.722505431556147,188.02348539754271,0.3818493530378,ridge_core,core_network,full_network,True,constrained,aggregate_all_days,corridor_held_out,corridor,1,245.32684049582625,245.32684049582625,167.1234867507901,167.1234867507901,193.35032589336893,193.35032589336893,201.93355104666173,False,
110+04604::PM,110+04604,PM,I495_CW,CLOCKWISE,32094.0,301.0,1.0,4.0,16.25,17.125,18.625,15.183630483025006,16.603207579017223,18.451757433587773,196.08761703376604,0.434370242486378,ridge_core,core_network,full_network,True,constrained,aggregate_all_days,corridor_held_out,corridor,1,-63.982171018499656,63.982171018499656,-31.307545258966627,31.307545258966627,-10.394553984733648,10.394553984733648,35.22809008739998,False,
110+04605::AM,110+04605,AM,I495_CW,CLOCKWISE,31966.0,201.0,1.0,16.0,6.25,8.25,11.25,6.986875678297134,7.790088746992301,9.628974585825828,158.5259344517216,0.3040056776097218,ridge_core,core_network,full_network,True,constrained,aggregate_all_days,corridor_held_out,corridor,1,44.21254069782806,44.21254069782806,-27.59467518046195,27.59467518046195,-97.26152485045031,97.26152485045031,56.35624690958011,False,
110+04605::MD,110+04605,MD,I495_CW,CLOCKWISE,31966.0,201.0,1.0,6.0,6.25,9.375,11.75,10.935555681571778,12.341279377117434,14.8394328962567,234.23263288109536,0.3600839929744335,ridge_core,core_network,full_network,True,constrained,aggregate_all_days,corridor_held_out,corridor,1,281.1333408943067,281.1333408943067,177.97676262704607,177.97676262704607,185.365973775402,185.365973775402,214.82535909891823,False,
110+04606::AM,110+04606,AM,I495_CW,CLOCKWISE,32702.0,401.0,1.0,15.0,6.25,7.5,11.5,6.9346608125888505,7.874398506167503,9.568132302968168,158.00828942275905,0.3568436935853425,ridge_core,core_network,full_network,True,constrained,aggregate_all_days,corridor_held_out,corridor,1,41.07964875533103,41.07964875533103,22.46391037005017,22.46391037005017,-115.9120618219099,115.9120618219099,59.8185403157637,False,
110+04606::MD,110+04606,MD,I495_CW,CLOCKWISE,32702.0,401.0,1.0,5.0,10.5,12.5,13.5,10.811235807774658,12.43237836231869,14.701853635259564,233.4370696490943,0.4166799789718801,ridge_core,core_network,full_network,True,constrained,aggregate_all_days,corridor_held_out,corridor,1,18.674148466479465,18.674148466479465,-4.057298260878568,4.057298260878568,72.11121811557383,72.11121811557383,31.614221614310622,False,
110+04606::PM,110+04606,PM,I495_CW,CLOCKWISE,32702.0,401.0,1.0,2.0,18.125,18.5,20.0,15.263694949921396,17.05807517866728,19.09078980890017,229.6256915387262,0.4688622296716995,ridge_core,core_network,full_network,True,constrained,aggregate_all_days,corridor_held_out,corridor,1,-171.67830300471624,171.67830300471624,-86.51548927996316,86.51548927996316,-54.55261146599007,54.55261146599007,104.24880125022317,False,
110+04607::MD,110+04607,MD,I495_CW,CLOCKWISE,31977.0,201.0,1.0,1.0,8.0,9.5,10.5,10.85737868283939,11.91915510395222,13.831031772536448,178.41918538182347,0.3570612943357831,ridge_core,core_network,full_network,True,constrained,aggregate_all_days,corridor_held_out,corridor,1,171.44272097036335,171.44272097036335,145.14930623713326,145.14930623713326,199.8619063521868,199.8619063521868,172.15131118656112,False,
110+04608::AM,110+04608,AM,I495_CW,CLOCKWISE,32677.0,201.0,1.0,3.0,7.25,7.75,9.75,7.022260942897836,7.76330181528017,9.446293995253065,145.44198314131364,0.305705762412079,ridge_core,core_network,full_network,True,constrained,aggregate_all_days,corridor_held_out,corridor,1,-13.664343426129816,13.664343426129816,0.7981089168101896,0.7981089168101896,-18.222360284816222,18.222360284816222,10.89493754258541,False,
110+04608::MD,110+04608,MD,I495_CW,CLOCKWISE,32677.0,201.0,1.0,9.0,9.75,10.0,11.5,10.860490122033546,12.061076558492836,14.176381628910509,198.95349041261764,0.3620704820918733,ridge_core,core_network,full_network,True,constrained,aggregate_all_days,corridor_held_out,corridor,1,66.62940732201278,66.62940732201278,123.66459350957015,123.66459350957015,160.58289773463042,160.58289773463042,116.9589661887378,False,
110+04608::PM,110+04608,PM,I495_CW,CLOCKWISE,32677.0,201.0,1.0,6.0,15.0,15.875,17.625,15.408213778753511,16.97154188035359,19.09705949452395,221.3307429462264,0.4237987224341174,ridge_core,core_network,full_network,True,constrained,aggregate_all_days,corridor_held_out,corridor,1,24.492826725210683,24.492826725210683,65.79251282121547,65.79251282121547,88.32356967143703,88.32356967143703,59.53630307262106,False,
110+04609::AM,110+04609,AM,I495_CW,CLOCKWISE,32657.0,501.0,1.0,5.0,7.75,8.75,10.25,7.104730263041432,8.00956638116561,9.45064656962874,140.75497839523848,0.385706905051731,ridge_core,core_network,full_network,True,constrained,aggregate_all_days,corridor_held_out,corridor,1,-38.71618421751407,38.71618421751407,-44.42601713006336,44.42601713006336,-47.96120582227562,47.96120582227562,43.70113572328435,False,
110+04609::MD,110+04609,MD,I495_CW,CLOCKWISE,32657.0,501.0,1.0,2.0,10.5,11.625,14.375,11.487441009550976,12.438676681281846,14.217299463630477,163.79150724476995,0.3484560418542368,ridge_core,core_network,full_network,True,constrained,aggregate_all_days,corridor_held_out,corridor,1,59.24646057305864,59.24646057305864,48.82060087691077,48.82060087691077,-9.462032182171392,9.462032182171392,39.176364544046926,False,
110+04610::AM,110+04610,AM,I495_CW,CLOCKWISE,32001.0,101.0,1.0,3.0,8.25,8.5,9.75,7.041915619171943,7.95919730911324,9.475589469602964,146.02043102586126,0.3769123334989366,ridge_core,core_network,full_network,True,constrained,aggregate_all_days,corridor_held_out,corridor,1,-72.48506284968344,72.48506284968344,-32.44816145320557,32.44816145320557,-16.464631823822167,16.464631823822167,40.46595204223706,False,
110+04610::MD,110+04610,MD,I495_CW,CLOCKWISE,32001.0,101.0,1.0,7.0,10.375,13.0,14.5,10.782080067951672,12.194892258770178,14.030263985254075,194.8910350381443,0.4349544935841681,ridge_core,core_network,full_network,True,constrained,aggregate_all_days,corridor_held_out,corridor,1,24.42480407710029,24.42480407710029,-48.30646447378932,48.30646447378932,-28.18416088475548,28.18416088475548,33.63847647854836,False,
110+04610::PM,110+04610,PM,I495_CW,CLOCKWISE,32001.0,101.0,1.0,7.0,14.5,17.0,19.5,15.369858040430117,16.985328509156695,18.694019329371,199.44967733645308,0.4859783651596775,ridge_core,core_network,full_network,True,constrained,aggregate_all_days,corridor_held_out,corridor,1,52.19148242580701,52.19148242580701,-0.8802894505983261,0.8802894505983261,-48.358840237739855,48.358840237739855,33.8102040380484,False,
110+04611::AM,110+04611,AM,I495_CW,CLOCKWISE,32633.0,101.0,1.0,1.0,6.25,6.75,8.75,7.036992710234152,7.880626699811489,9.329083805714475,137.52546572881948,0.3680630282281811,ridge_core,core_network,full_network,True,constrained,aggregate_all_days,corridor_held_out,corridor,1,47.21956261404912,47.21956261404912,67.83760198868934,67.83760198868934,34.74502834286863,34.74502834286863,49.93406431520236,False,
110+04611::MD,110+04611,MD,I495_CW,CLOCKWISE,32633.0,101.0,1.0,12.0,9.25,13.875,15.625,10.779124996922334,12.04640379627056,13.772823488846038,179.6219095154222,0.4233154416742519,ridge_core,core_network,full_network,True,constrained,aggregate_all_days,corridor_held_out,corridor,1,91.74749981534006,91.74749981534006,-109.71577222376648,109.71577222376648,-111.1305906692377,111.1305906692377,104.19795423611475,False,
110+04611::PM,110+04611,PM,I495_CW,CLOCKWISE,32633.0,101.0,1.0,10.0,10.875,17.75,19.5,15.391171043473236,16.917764011572924,18.57454127732792,191.0022140312809,0.4795524415804964,ridge_core,core_network,full_network,True,constrained,aggregate_all_days,corridor_held_out,corridor,1,270.97026260839414,270.97026260839414,-49.93415930562456,49.93415930562456,-55.52752336032498,55.52752336032498,125.47731509144788,False,
110+04612::AM,110+04612,AM,I495_CW,CLOCKWISE,32757.0,301.0,1.0,1.0,6.5,6.75,9.25,6.840326314478012,7.711000628364722,9.331653615682589,149.47963807227464,0.3494821067732579,ridge_core,core_network,full_network,True,constrained,aggregate_all_days,corridor_held_out,corridor,1,20.419578868680706,20.419578868680706,57.66003770188334,57.66003770188334,4.89921694095532,4.89921694095532,27.65961117050645,False,
110+04612::MD,110+04612,MD,I495_CW,CLOCKWISE,32757.0,301.0,1.0,4.0,9.25,11.125,13.375,10.647824977380946,12.047326024700409,14.07003390686787,205.33253576921533,0.4089466996771823,ridge_core,core_network,full_network,True,constrained,aggregate_all_days,corridor_held_out,corridor,1,83.86949864285675,83.86949864285675,55.33956148202442,55.33956148202442,41.70203441207221,41.70203441207221,60.30369817898446,False,
110+04612::PM,110+04612,PM,I495_CW,CLOCKWISE,32757.0,301.0,1.0,14.0,14.375,16.375,20.0,15.194974534783569,16.81477906354839,18.7103869997402,210.924747897398,0.4607722550090019,ridge_core,core_network,full_network,True,constrained,aggregate_all_days,corridor_held_out,corridor,1,49.19847208701402,49.19847208701402,26.38674381290336,26.38674381290336,-77.37678001558791,77.37678001558791,50.9873319718351,False,
110+04613::AM,110+04613,AM,I495_CW,CLOCKWISE,32022.0,501.0,1.0,1.0,5.5,6.25,9.5,6.887697651301263,7.975216412852788,9.73371240632788,170.76088530159706,0.3821198606334542,ridge_core,core_network,full_network,True,constrained,aggregate_all_days,corridor_held_out,corridor,1,83.26185907807577,83.26185907807577,103.51298477116728,103.51298477116728,14.022744379672822,14.022744379672822,66.93252940963862,False,
110+04613::MD,110+04613,MD,I495_CW,CLOCKWISE,32022.0,501.0,1.0,5.0,8.75,13.5,19.25,10.686523006910544,12.51034147788527,14.820177985113972,248.01929869220567,0.4412120703328259,ridge_core,core_network,full_network,True,constrained,aggregate_all_days,corridor_held_out,corridor,1,116.19138041463256,116.19138041463256,-59.37951132688383,59.37951132688383,-265.7893208931617,265.7893208931617,147.12007087822602,False,
110+04613::PM,110+04613,PM,I495_CW,CLOCKWISE,32022.0,501.0,1.0,16.0,14.25,16.25,20.25,15.105057064396464,17.204053995369087,19.32071654670356,252.93956893842568,0.4979047619434171,ridge_core,core_network,full_network,True,constrained,aggregate_all_days,corridor_held_out,corridor,1,51.30342386378782,51.30342386378782,57.243239722145205,57.243239722145205,-55.75700719778652,55.75700719778652,54.76789026123985,False,
110+04614::AM,110+04614,AM,I495_CW,CLOCKWISE,16465.0,501.0,1.0,1.0,6.75,7.25,8.5,6.754381098737001,7.980061511015573,9.746497627424151,179.52699172122905,0.4096365901953568,ridge_core,core_network,full_network,True,constrained,aggregate_all_days,corridor_held_out,corridor,1,0.2628659242200726,0.2628659242200726,43.80369066093438,43.80369066093438,74.78985764544909,74.78985764544909,39.61880474353452,False,
110+04614::MD,110+04614,MD,I495_CW,CLOCKWISE,16465.0,501.0,1.0,2.0,8.75,11.875,16.375,10.295706521174898,12.547206303978902,14.904900807296176,276.5516571672767,0.4884801210449044,ridge_core,core_network,full_network,True,constrained,aggregate_all_days,corridor_held_out,corridor,1,92.74239127049388,92.74239127049388,40.3323782387341,40.3323782387341,-88.20595156222943,88.20595156222943,73.76024035715245,False,
110+04614::PM,110+04614,PM,I495_CW,CLOCKWISE,16465.0,501.0,1.0,20.0,14.25,16.5,20.125,14.776928245764156,17.215402426956796,19.326802133292134,272.99243325167856,0.5359432462242384,ridge_core,core_network,full_network,True,constrained,aggregate_all_days,corridor_held_out,corridor,1,31.61569474584944,31.61569474584944,42.924145617407774,42.924145617407774,-47.89187200247199,47.89187200247199,40.8105707885764,False,
110+04647::PM,110+04647,PM,I495_CW,CLOCKWISE,32770.0,301.0,1.0,9.0,15.0,17.25,19.0,15.250139014284134,16.949207062949526,18.901750736533,219.09670333493185,0.4652926373067428,ridge_core,core_network,full_network,True,constrained,aggregate_all_days,corridor_held_out,corridor,1,15.008340857048026,15.008340857048026,-18.047576223028443,18.047576223028443,-5.894955808020015,5.894955808020015,12.98362429603216,False,
110+04648::MD,110+04648,MD,I495_CW,CLOCKWISE,32338.0,201.0,1.0,1.0,10.5,11.25,12.5,10.998609627631703,12.456252042477676,14.87667686618902,232.684034313439,0.3758682676652692,ridge_core,core_network,full_network,True,constrained,aggregate_all_days,corridor_held_out,corridor,1,29.91657765790229,29.91657765790229,72.37512254866064,72.37512254866064,142.60061197134124,142.60061197134124,81.63077072596805,False,
110+04648::PM,110+04648,PM,I495_CW,CLOCKWISE,32338.0,201.0,1.0,3.0,16.75,17.75,19.0,15.448253306075785,17.09788035338849,19.30336029314708,231.30641922427785,0.4279069433987147,ridge_core,core_network,full_network,True,constrained,aggregate_all_days,corridor_held_out,corridor,1,-78.10480163545304,78.10480163545304,-39.1271787966906,39.1271787966906,18.20161758882477,18.20161758882477,45.14453267365614,False,
110+05634::AM,110+05634,AM,US1_NB,NORTHBOUND,38835.0,402.0,2.0,5.0,6.25,7.25,8.0,6.688792381119214,7.67073680540285,9.529004466722416,170.4127251361921,0.34572926059326,ridge_core,core_network,full_network,True,constrained,aggregate_all_days,corridor_held_out,corridor,1,26.32754286715283,26.32754286715283,25.244208324171,25.244208324171,91.74026800334497,91.74026800334497,47.77067306488959,False,
110+05635::AM,110+05635,AM,US1_NB,NORTHBOUND,31940.0,502.0,2.0,9.0,6.25,7.75,9.0,6.804774581813112,7.810744103043902,9.576116349466748,166.2805060592181,0.3629900624210984,ridge_core,core_network,full_network,True,constrained,aggregate_all_days,corridor_held_out,corridor,1,33.286474908786694,33.286474908786694,3.644646182634119,3.644646182634119,34.56698096800487,34.56698096800487,23.83270068647523,False,
110+05636::AM,110+05636,AM,US1_NB,NORTHBOUND,29332.0,402.0,2.0,3.0,7.25,7.5,9.0,6.656910719919883,7.814257432746606,9.84245004824285,191.13235969937804,0.3633126430229981,ridge_core,core_network,full_network,True,constrained,aggregate_all_days,corridor_held_out,corridor,1,-35.585356804807034,35.585356804807034,18.855445964796367,18.855445964796367,50.54700289457095,50.54700289457095,34.99593522139145,False,
110+05636::MD,110+05636,MD,US1_NB,NORTHBOUND,29332.0,402.0,2.0,5.0,8.0,12.0,14.0,10.38706872212982,11.86356090083116,14.110999808148998,223.43586516115064,0.3964875140263904,ridge_core,core_network,full_network,True,constrained,aggregate_all_days,corridor_held_out,corridor,1,143.2241233277892,143.2241233277892,-8.186345950130374,8.186345950130374,6.659988488939881,6.659988488939881,52.69015258895316,False,
110+05637::AM,110+05637,AM,US1_NB,NORTHBOUND,35047.0,402.0,2.0,1.0,7.0,7.25,8.5,6.813756214216219,7.8606281317720175,9.802759142542964,179.34017569960474,0.3502411816444226,ridge_core,core_network,full_network,True,constrained,aggregate_all_days,corridor_held_out,corridor,1,-11.17462714702688,11.17462714702688,36.63768790632105,36.63768790632105,78.16554855257785,78.16554855257785,41.99262120197526,False,
110+05638::AM,110+05638,AM,US1_NB,NORTHBOUND,29321.0,402.0,2.0,11.0,6.5,7.75,9.0,6.786390720503184,7.843022831670889,9.830897152236478,182.6703859039976,0.3470618751710584,ridge_core,core_network,full_network,True,constrained,aggregate_all_days,corridor_held_out,corridor,1,17.18344323019105,17.18344323019105,5.581369900253339,5.581369900253339,49.85382913418867,49.85382913418867,24.206214088211016,False,
110+05638::MD,110+05638,MD,US1_NB,NORTHBOUND,29321.0,402.0,2.0,4.0,12.375,13.25,16.0,10.564447149939298,11.969718624355764,14.234482791554427,220.20213849690785,0.382904040081209,ridge_core,core_network,full_network,True,constrained,aggregate_all_days,corridor_held_out,corridor,1,-108.63317100364212,108.63317100364212,-76.81688253865417,76.81688253865417,-105.93103250673424,105.93103250673424,97.12702868301018,False,
110+05638::PM,110+05638,PM,US1_NB,NORTHBOUND,29321.0,402.0,2.0,13.0,15.0,16.5,19.25,15.052913327493783,16.849566573248104,19.069831504374,241.0150906128128,0.4472715566115198,ridge_core,core_network,full_network,True,constrained,aggregate_all_days,corridor_held_out,corridor,1,3.174799649627005,3.174799649627005,20.97399439488626,20.97399439488626,-10.810109737560367,10.810109737560367,11.652967927357878,False,
110+05643::AM,110+05643,AM,US1_NB,NORTHBOUND,29109.0,202.0,2.0,2.0,6.875,7.75,9.125,6.666355569525189,7.772653542994836,9.542151407082711,172.5477502534513,0.3846928071254359,ridge_core,core_network,full_network,True,constrained,aggregate_all_days,corridor_held_out,corridor,1,-12.518665828488658,12.518665828488658,1.3592125796901475,1.3592125796901475,25.02908442496267,25.02908442496267,12.96898761104716,False,
110+05647::AM,110+05647,AM,US1_NB,NORTHBOUND,29087.0,202.0,2.0,4.0,6.875,7.5,8.5,6.665535855246488,7.771565859614561,9.543104717342024,172.6541317257321,0.384362653814174,ridge_core,core_network,full_network,True,constrained,aggregate_all_days,corridor_held_out,corridor,1,-12.567848685210716,12.567848685210716,16.293951576873642,16.293951576873642,62.586283040521415,62.586283040521415,30.48269443420192,False,
110+05647::MD,110+05647,MD,US1_NB,NORTHBOUND,29087.0,202.0,2.0,1.0,10.0,10.25,14.25,10.338465859452477,11.739980339396627,13.672701674613531,200.05414890966333,0.4203405390738549,ridge_core,core_network,full_network,True,constrained,aggregate_all_days,corridor_held_out,corridor,1,20.307951567148592,20.307951567148592,89.39882036379774,89.39882036379774,-34.63789952318802,34.63789952318802,48.11489048471145,False,
110+05647::PM,110+05647,PM,US1_NB,NORTHBOUND,29087.0,202.0,2.0,2.0,14.125,17.5,20.375,14.871635273370645,16.731095885129406,18.683184798497987,228.6929715076406,0.4878489967139124,ridge_core,core_network,full_network,True,constrained,aggregate_all_days,corridor_held_out,corridor,1,44.79811640223858,44.79811640223858,-46.13424689223564,46.13424689223564,-101.5089120901208,101.5089120901208,64.147091794865,False,
110+05649::AM,110+05649,AM,US1_NB,NORTHBOUND,29074.0,202.0,2.0,1.0,7.75,8.25,13.5,6.618063489045085,7.738131185244681,9.552033529712876,176.03820244006752,0.3817583958507842,ridge_core,core_network,full_network,True,constrained,aggregate_all_days,corridor_held_out,corridor,1,-67.91619065729492,67.91619065729492,-30.71212888531914,30.71212888531914,-236.87798821722745,236.87798821722745,111.83543591994716,False,
110+05649::MD,110+05649,MD,US1_NB,NORTHBOUND,29074.0,202.0,2.0,2.0,11.625,12.375,13.125,10.334781947143918,11.793142679200576,13.8194730995991,209.0814691473109,0.4185050175907704,ridge_core,core_network,full_network,True,constrained,aggregate_all_days,corridor_held_out,corridor,1,-77.41308317136489,77.41308317136489,-34.911439247965426,34.911439247965426,41.66838597594605,41.66838597594605,51.33096946509213,False,
110+05649::PM,110+05649,PM,US1_NB,NORTHBOUND,29074.0,202.0,2.0,14.0,13.375,16.625,18.875,14.829586481635124,16.728021488575518,18.74162385570457,234.72224244416725,0.4852803860014167,ridge_core,core_network,full_network,True,constrained,aggregate_all_days,corridor_held_out,corridor,1,87.27518889810753,87.27518889810753,6.181289314531071,6.181289314531071,-8.00256865772532,8.00256865772532,33.81968229012131,False,
110+06895::AM,110+06895,AM,US15_NB,NORTHBOUND,,,,1.0,6.25,6.75,7.5,6.734113698192513,7.837066945494645,9.570396557892948,170.17697158202603,0.388872796494855,ridge_core,core_network,full_network,True,constrained,aggregate_all_days,corridor_held_out,corridor,1,29.046821891550803,29.046821891550803,65.22401672967872,65.22401672967872,124.2237934735768,124.2237934735768,72.8315440316021,False,
110+06895::MD,110+06895,MD,US15_NB,NORTHBOUND,,,,1.0,14.5,14.75,17.25,10.274716461274886,11.61065236999787,13.426547915936586,189.109887279702,0.4238601993603036,ridge_core,core_network,full_network,True,constrained,aggregate_all_days,corridor_held_out,corridor,1,-253.5170123235068,253.5170123235068,-188.3608578001277,188.3608578001277,-229.40712504380485,229.40712504380485,223.76166505581315,False,
110+06895::PM,110+06895,PM,US15_NB,NORTHBOUND,,,,14.0,14.5,16.375,18.0,14.90695471611732,16.708746481364233,18.571176198522902,219.85328894433525,0.4917256704864973,ridge_core,core_network,full_network,True,constrained,aggregate_all_days,corridor_held_out,corridor,1,24.417282967039142,24.417282967039142,20.024788881854008,20.024788881854008,34.27057191137436,34.27057191137436,26.23754792008917,False,
110+06897::AM,110+06897,AM,US15_NB,NORTHBOUND,38930.0,403.0,3.0,1.0,6.75,7.75,8.75,6.651648561663628,7.567205305986227,9.429062648704113,166.64484522242907,0.3296435877511459,ridge_core,core_network,full_network,True,constrained,aggregate_all_days,corridor_held_out,corridor,1,-5.901086300182303,5.901086300182303,-10.96768164082638,10.96768164082638,40.74375892224676,40.74375892224676,19.20417562108515,False,
110+06897::PM,110+06897,PM,US15_NB,NORTHBOUND,38930.0,403.0,3.0,3.0,16.5,16.75,18.0,14.967264502475311,16.56658432441666,18.74858806781037,226.8794139201037,0.4229523854036101,ridge_core,core_network,full_network,True,constrained,aggregate_all_days,corridor_held_out,corridor,1,-91.96412985148132,91.96412985148132,-11.00494053500043,11.00494053500043,44.91528406862244,44.91528406862244,49.29478481836807,False,
110+06900::MD,110+06900,MD,US15_NB,NORTHBOUND,36149.0,603.0,3.0,1.0,14.5,14.75,15.75,10.817978943649871,11.850339138643982,13.544863043589473,163.61304599637597,0.3785860187519438,ridge_core,core_network,full_network,True,constrained,aggregate_all_days,corridor_held_out,corridor,1,-220.9212633810077,220.9212633810077,-173.9796516813611,173.9796516813611,-132.30821738463175,132.30821738463175,175.73637748233352,False,
110+06901::AM,110+06901,AM,US15_NB,NORTHBOUND,36151.0,603.0,3.0,1.0,7.5,7.75,9.25,6.966332907053261,7.774033336480441,9.381804689812697,144.92830696556612,0.3343861994961755,ridge_core,core_network,full_network,True,constrained,aggregate_all_days,corridor_held_out,corridor,1,-32.020025576804315,32.020025576804315,1.4420001888264622,1.4420001888264622,7.908281388761793,7.908281388761793,13.790102384797525,False,
110+06901::MD,110+06901,MD,US15_NB,NORTHBOUND,36151.0,603.0,3.0,1.0,8.75,9.0,9.75,10.776688118845613,11.80424149096299,13.560974460919873,167.05718052445556,0.3690544886097679,ridge_core,core_network,full_network,True,constrained,aggregate_all_days,corridor_held_out,corridor,1,121.60128713073676,121.60128713073676,168.2544894577794,168.2544894577794,228.6584676551924,228.6584676551924,172.8380814145695,False,
110+06901::PM,110+06901,PM,US15_NB,NORTHBOUND,36151.0,603.0,3.0,7.0,15.5,17.0,18.0,15.356657381262634,16.745624885232534,18.5012837801058,188.6775839305901,0.4416955554659425,ridge_core,core_network,full_network,True,constrained,aggregate_all_days,corridor_held_out,corridor,1,-8.600557124241952,8.600557124241952,-15.262506886047971,15.262506886047971,30.07702680634808,30.07702680634808,17.980030272212666,False,
110+06902::MD,110+06902,MD,US15_NB,NORTHBOUND,35965.0,302.0,2.0,3.0,11.75,14.25,17.5,10.92695326297278,11.950402791660563,13.746403363156077,169.16700601099788,0.3629961490083644,ridge_core,core_network,full_network,True,constrained,aggregate_all_days,corridor_held_out,corridor,1,-49.38280422163327,49.38280422163327,-137.9758325003662,137.9758325003662,-225.2157982106354,225.2157982106354,137.5248116442116,False,
110+06902::PM,110+06902,PM,US15_NB,NORTHBOUND,35965.0,302.0,2.0,19.0,12.75,16.75,18.75,15.549347961108252,16.921755853464397,18.748547588617768,191.951977650571,0.4289847624871485,ridge_core,core_network,full_network,True,constrained,aggregate_all_days,corridor_held_out,corridor,1,167.9608776664952,167.9608776664952,10.305351207863822,10.305351207863822,-0.0871446829339106,0.0871446829339106,59.45112451909765,False,
110+06903::AM,110+06903,AM,US15_NB,NORTHBOUND,36190.0,502.0,2.0,2.0,7.625,7.875,8.625,6.9841861249896215,7.950427375786909,9.691127062658904,162.41645626015696,0.3569495135084981,ridge_core,core_network,full_network,True,constrained,aggregate_all_days,corridor_held_out,corridor,1,-38.44883250062271,38.44883250062271,4.52564254721457,4.52564254721457,63.96762375953422,63.96762375953422,35.64736626912383,False,
110+06903::MD,110+06903,MD,US15_NB,NORTHBOUND,36190.0,502.0,2.0,2.0,12.25,14.25,20.0,10.948006720423807,12.16310742959138,14.209261152807589,195.67526594302663,0.3725869092278727,ridge_core,core_network,full_network,True,constrained,aggregate_all_days,corridor_held_out,corridor,1,-78.11959677457146,78.11959677457146,-125.21355422451713,125.21355422451713,-347.4443308315448,347.4443308315448,183.59249394354447,False,
110+06903::PM,110+06903,PM,US15_NB,NORTHBOUND,36190.0,502.0,2.0,21.0,13.25,15.25,19.5,15.41550825526182,17.03117111291223,19.06842310315268,219.1748908734513,0.4422941472570242,ridge_core,core_network,full_network,True,constrained,aggregate_all_days,corridor_held_out,corridor,1,129.9304953157093,129.9304953157093,106.87026677473376,106.87026677473376,-25.89461381083929,25.89461381083929,87.56512530042745,False,
110+06904::PM,110+06904,PM,US15_NB,NORTHBOUND,36183.0,602.0,2.0,4.0,15.0,16.375,18.0,15.47876530757658,16.68636541950976,18.223534729372947,164.68616530778206,0.439964137731774,ridge_core,core_network,full_network,True,constrained,aggregate_all_days,corridor_held_out,corridor,1,28.72591845459482,28.72591845459482,18.68192517058553,18.68192517058553,13.41208376237681,13.41208376237681,20.27330912918572,False,
110+07858::AM,110+07858,AM,US15_NB,NORTHBOUND,36804.0,202.0,2.0,1.0,7.0,7.5,8.5,6.7899641217274525,7.894357366354989,9.686948583619865,173.81906771354457,0.3812216665829506,ridge_core,core_network,full_network,True,constrained,aggregate_all_days,corridor_held_out,corridor,1,-12.602152696352851,12.602152696352851,23.66144198129936,23.66144198129936,71.21691501719177,71.21691501719177,35.82683656494799,False,
110+07858::MD,110+07858,MD,US15_NB,NORTHBOUND,36804.0,202.0,2.0,1.0,11.0,13.25,14.75,10.51678277679007,11.915839485909226,13.88818813798728,202.28432167183263,0.4149773044859671,ridge_core,core_network,full_network,True,constrained,aggregate_all_days,corridor_held_out,corridor,1,-28.99303339259582,28.99303339259582,-80.04963084544644,80.04963084544644,-51.70871172076321,51.70871172076321,53.583791986268494,False,
110+07887::MD,110+07887,MD,US15_NB,NORTHBOUND,36192.0,502.0,2.0,1.0,11.75,12.0,17.5,11.05536163081729,12.276474152282056,14.317311892726565,195.7170157145564,0.3743504417354385,ridge_core,core_network,full_network,True,constrained,aggregate_all_days,corridor_held_out,corridor,1,-41.67830215096263,41.67830215096263,16.588449136923344,16.588449136923344,-190.96128643640623,190.96128643640623,83.07601257476406,False,
110+07887::PM,110+07887,PM,US15_NB,NORTHBOUND,36192.0,502.0,2.0,16.0,13.0,16.625,18.625,15.48820013312334,17.103202035233682,19.11685352715661,217.7192036419964,0.4450692107341942,ridge_core,core_network,full_network,True,constrained,aggregate_all_days,corridor_held_out,corridor,1,149.29200798740032,149.29200798740032,28.692122114020933,28.692122114020933,29.51121162939664,29.51121162939664,69.16511391027264,False,
110+09527::AM,110+09527,AM,US1_NB,NORTHBOUND,38694.0,602.0,2.0,1.0,6.5,7.75,8.75,6.527195305392336,7.231788804468289,8.548780440144546,121.29510808513254,0.348535160337097,ridge_core,core_network,full_network,True,constrained,aggregate_all_days,corridor_held_out,corridor,1,1.63171832354017,1.63171832354017,-31.092671731902648,31.092671731902648,-12.073173591327269,12.073173591327269,14.932521215590029,False,
110+09527::PM,110+09527,PM,US1_NB,NORTHBOUND,38694.0,602.0,2.0,1.0,14.5,15.0,16.0,15.072396236451642,16.323043233775884,17.90519620700202,169.96799823302288,0.4414879307843457,ridge_core,core_network,full_network,True,constrained,aggregate_all_days,corridor_held_out,corridor,1,34.343774187098504,34.343774187098504,79.38259402655305,79.38259402655305,114.31177242012126,114.31177242012126,76.01271354459094,False,
110+09528::AM,110+09528,AM,US1_NB,NORTHBOUND,,,,1.0,6.25,8.25,11.75,6.734113698192513,7.837066945494645,9.570396557892948,170.17697158202603,0.388872796494855,ridge_core,core_network,full_network,True,constrained,aggregate_all_days,corridor_held_out,corridor,1,29.046821891550803,29.046821891550803,-24.77598327032128,24.77598327032128,-130.7762065264232,130.7762065264232,61.53300389609843,False,
110+09528::MD,110+09528,MD,US1_NB,NORTHBOUND,,,,6.0,10.75,11.125,13.125,10.274716461274886,11.61065236999787,13.426547915936586,189.109887279702,0.4238601993603036,ridge_core,core_network,full_network,True,constrained,aggregate_all_days,corridor_held_out,corridor,1,-28.51701232350681,28.51701232350681,29.139142199872232,29.139142199872232,18.092874956195185,18.092874956195185,25.24967649319141,False,
110+09528::PM,110+09528,PM,US1_NB,NORTHBOUND,,,,14.0,14.875,16.375,18.375,14.90695471611732,16.708746481364233,18.571176198522902,219.85328894433525,0.4917256704864973,ridge_core,core_network,full_network,True,constrained,aggregate_all_days,corridor_held_out,corridor,1,1.9172829670391425,1.9172829670391425,20.024788881854008,20.024788881854008,11.77057191137436,11.77057191137436,11.23754792008917,False,
110+09529::AM,110+09529,AM,US1_NB,NORTHBOUND,38537.0,502.0,2.0,5.0,6.5,8.0,10.25,6.851009574770132,7.682921150589442,9.171556865924432,139.23283746925813,0.3584980056172415,ridge_core,core_network,full_network,True,constrained,aggregate_all_days,corridor_held_out,corridor,1,21.060574486207937,21.060574486207937,-19.0247309646335,19.0247309646335,-64.706588044534,64.706588044534,34.93063116512514,False,
110+09529::PM,110+09529,PM,US1_NB,NORTHBOUND,38537.0,502.0,2.0,2.0,12.875,17.125,19.875,15.208251824302971,16.688336610440217,18.40983402978329,192.09493232881928,0.4622979174495986,ridge_core,core_network,full_network,True,constrained,aggregate_all_days,corridor_held_out,corridor,1,139.9951094581783,139.9951094581783,-26.19980337358697,26.19980337358697,-87.90995821300235,87.90995821300235,84.7016236815892,False,
110+09531::MD,110+09531,MD,US1_NB,NORTHBOUND,38208.0,302.0,2.0,12.0,11.75,13.0,15.5,10.619008997243316,11.640934804897125,13.353893577564122,164.0930748192485,0.3736632306193829,ridge_core,core_network,full_network,True,constrained,aggregate_all_days,corridor_held_out,corridor,1,-67.85946016540112,67.85946016540112,-81.54391170617262,81.54391170617262,-128.76638534615267,128.76638534615267,92.7232524059088,False,
110+09531::PM,110+09531,PM,US1_NB,NORTHBOUND,38208.0,302.0,2.0,5.0,13.25,16.75,19.5,15.250612113253116,16.620993554698483,18.370066341053032,187.1672536679951,0.4393016666931085,ridge_core,core_network,full_network,True,constrained,aggregate_all_days,corridor_held_out,corridor,1,120.03672679518694,120.03672679518694,-7.740386718091017,7.740386718091017,-67.79601953681805,67.79601953681805,65.191044350032,False,
110+09532::AM,110+09532,AM,US1_NB,NORTHBOUND,38214.0,202.0,2.0,7.0,6.0,7.25,9.75,6.4593613952255735,7.551750399871091,9.296780865781663,170.24516823336546,0.384993835413213,ridge_core,core_network,full_network,True,constrained,aggregate_all_days,corridor_held_out,corridor,1,27.56168371353441,27.56168371353441,18.105023992265465,18.105023992265465,-27.193148053100096,27.193148053100096,24.2866185863,False,
110+09532::MD,110+09532,MD,US1_NB,NORTHBOUND,38214.0,202.0,2.0,5.0,10.75,12.75,16.25,10.222586741467742,11.670821073382202,13.65112191164701,205.71211021075607,0.4224061472406409,ridge_core,core_network,full_network,True,constrained,aggregate_all_days,corridor_held_out,corridor,1,-31.64479551193548,31.64479551193548,-64.75073559706789,64.75073559706789,-155.9326853011794,155.9326853011794,84.10940547006092,False,
110+09532::PM,110+09532,PM,US1_NB,NORTHBOUND,38214.0,202.0,2.0,3.0,14.0,16.25,17.75,14.684550578475616,16.571389796471333,18.53850184767805,231.237076152146,0.4895856450167815,ridge_core,core_network,full_network,True,constrained,aggregate_all_days,corridor_held_out,corridor,1,41.07303470853694,41.07303470853694,19.283387788279995,19.283387788279995,47.310110860682926,47.310110860682926,35.88884445249995,False,
110+10058::AM,110+10058,AM,VA234_NB,NORTHBOUND,38536.0,302.0,2.0,1.0,4.75,6.0,8.5,6.83233995415947,7.609518622611792,9.177204052816377,140.6918459194143,0.3314386829059629,ridge_core,core_network,full_network,True,constrained,aggregate_all_days,corridor_held_out,corridor,1,124.9403972495682,124.9403972495682,96.57111735670752,96.57111735670752,40.6322431689825,40.6322431689825,87.38125259175274,False,
110+10059::AM,110+10059,AM,VA234_NB,NORTHBOUND,38985.0,502.0,2.0,4.0,7.5,8.5,10.0,6.810209633348763,7.668364599391531,9.242236054718276,145.92158528217078,0.3528559387769837,ridge_core,core_network,full_network,True,constrained,aggregate_all_days,corridor_held_out,corridor,1,-41.387421999074206,41.387421999074206,-49.898124036508165,49.898124036508165,-45.46583671690343,45.46583671690343,45.5837942508286,False,
110+10059::MD,110+10059,MD,VA234_NB,NORTHBOUND,38985.0,502.0,2.0,1.0,7.0,9.75,10.75,10.63483219112822,11.839757315679613,13.71344506323402,184.716772326348,0.3913857229237182,ridge_core,core_network,full_network,True,constrained,aggregate_all_days,corridor_held_out,corridor,1,218.0899314676932,218.0899314676932,125.38543894077677,125.38543894077677,177.80670379404114,177.80670379404114,173.76069140083703,False,
110+10059::PM,110+10059,PM,VA234_NB,NORTHBOUND,38985.0,502.0,2.0,17.0,14.75,16.25,17.75,15.172405411122794,16.703547886544598,18.529996228823386,201.4554490620353,0.4560241430700575,ridge_core,core_network,full_network,True,constrained,aggregate_all_days,corridor_held_out,corridor,1,25.34432466736764,25.34432466736764,27.21287319267589,27.21287319267589,46.79977372940293,46.79977372940293,33.118990529815484,False,
110+10061::AM,110+10061,AM,VA234_NB,NORTHBOUND,38177.0,502.0,2.0,6.0,6.375,7.875,10.125,6.660011500151524,7.627302002079222,9.334684010455192,160.48035061822014,0.361648201116733,ridge_core,core_network,full_network,True,constrained,aggregate_all_days,corridor_held_out,corridor,1,17.10069000909142,17.10069000909142,-14.861879875246656,14.861879875246656,-47.4189593726884,47.4189593726884,26.46050975234216,False,
110+10061::MD,110+10061,MD,VA234_NB,NORTHBOUND,38177.0,502.0,2.0,10.0,11.25,12.25,14.0,10.552676780249916,11.84148668046788,13.850805155213774,197.8877024978314,0.390770083421052,ridge_core,core_network,full_network,True,constrained,aggregate_all_days,corridor_held_out,corridor,1,-41.83939318500503,41.83939318500503,-24.510799171927147,24.510799171927147,-8.951690687173581,8.951690687173581,25.10062768136859,False,
110+10061::PM,110+10061,PM,VA234_NB,NORTHBOUND,38177.0,502.0,2.0,7.0,14.75,16.75,18.0,15.004489793613969,16.658373094744725,18.59344759117065,215.3374678534012,0.4608255082455129,ridge_core,core_network,full_network,True,constrained,aggregate_all_days,corridor_held_out,corridor,1,15.269387616838015,15.269387616838015,-5.497614315316497,5.497614315316497,35.606855470239296,35.606855470239296,18.791285800797937,False,
110+10062::AM,110+10062,AM,VA234_NB,NORTHBOUND,40825.0,502.0,2.0,13.0,6.25,7.5,9.5,6.722546192969914,7.686719210144638,9.260919740223104,152.30241283519135,0.3798389004715516,ridge_core,core_network,full_network,True,constrained,aggregate_all_days,corridor_held_out,corridor,1,28.35277157819485,28.35277157819485,11.203152608678266,11.203152608678266,-14.344815586613784,14.344815586613784,17.966913257828967,False,
110+10062::MD,110+10062,MD,VA234_NB,NORTHBOUND,40825.0,502.0,2.0,9.0,12.75,14.5,17.5,10.54918510651386,11.808227259951456,13.618401034097744,184.15295565503305,0.4102162191073749,ridge_core,core_network,full_network,True,constrained,aggregate_all_days,corridor_held_out,corridor,1,-132.0488936091685,132.0488936091685,-161.5063644029127,161.5063644029127,-232.8959379541353,232.8959379541353,175.48373198873887,False,
110+10062::PM,110+10062,PM,VA234_NB,NORTHBOUND,40825.0,502.0,2.0,4.0,14.75,15.625,17.875,15.052098500170985,16.670048670405297,18.415724524883483,201.81756148275,0.4810136912805594,ridge_core,core_network,full_network,True,constrained,aggregate_all_days,corridor_held_out,corridor,1,18.12591001025908,18.12591001025908,62.70292022431782,62.70292022431782,32.443471493009,32.443471493009,37.7574339091953,False,
110+10066::MD,110+10066,MD,VA234_NB,NORTHBOUND,38376.0,402.0,2.0,1.0,9.75,10.25,14.0,10.368121287852412,11.800546143170994,13.740259178082304,202.3282734137936,0.4247824086520161,ridge_core,core_network,full_network,True,constrained,aggregate_all_days,corridor_held_out,corridor,1,37.08727727114475,37.08727727114475,93.03276859025964,93.03276859025964,-15.584449315061732,15.584449315061732,48.56816505882204,False,
110+11476::MD,110+11476,MD,VA643_NB,NORTHBOUND,29827.0,503.0,3.0,1.0,9.0,9.5,10.25,10.643579452077384,11.627434587250406,13.323170147112444,160.77544170210362,0.3671662007917778,ridge_core,core_network,full_network,True,constrained,aggregate_all_days,corridor_held_out,corridor,1,98.61476712464297,98.61476712464297,127.64607523502434,127.64607523502434,184.39020882674663,184.39020882674663,136.88368372880464,False,
110+11477::MD,110+11477,MD,VA643_NB,NORTHBOUND,,,,8.0,10.0,12.875,14.875,10.274716461274886,11.61065236999787,13.426547915936586,189.109887279702,0.4238601993603036,ridge_core,core_network,full_network,True,constrained,aggregate_all_days,corridor_held_out,corridor,1,16.482987676493188,16.482987676493188,-75.86085780012777,75.86085780012777,-86.90712504380483,86.90712504380483,59.7503235068086,False,
110+11478::AM,110+11478,AM,VA643_NB,NORTHBOUND,,,,7.0,6.5,8.0,9.25,6.734113698192513,7.837066945494645,9.570396557892948,170.17697158202603,0.388872796494855,ridge_core,core_network,full_network,True,constrained,aggregate_all_days,corridor_held_out,corridor,1,14.046821891550804,14.046821891550804,-9.77598327032128,9.77598327032128,19.2237934735768,19.2237934735768,14.348866211816294,False,
110+11478::MD,110+11478,MD,VA643_NB,NORTHBOUND,,,,4.0,10.875,12.75,13.5,10.274716461274886,11.61065236999787,13.426547915936586,189.109887279702,0.4238601993603036,ridge_core,core_network,full_network,True,constrained,aggregate_all_days,corridor_held_out,corridor,1,-36.01701232350681,36.01701232350681,-68.36085780012777,68.36085780012777,-4.407125043804818,4.407125043804818,36.26166505581313,False,
110+11478::PM,110+11478,PM,VA643_NB,NORTHBOUND,,,,15.0,14.75,16.25,19.25,14.90695471611732,16.708746481364233,18.571176198522902,219.85328894433525,0.4917256704864973,ridge_core,core_network,full_network,True,constrained,aggregate_all_days,corridor_held_out,corridor,1,9.417282967039142,9.417282967039142,27.524788881854008,27.524788881854008,-40.72942808862564,40.72942808862564,25.89049997917293,False,
110+13273::AM,110+13273,AM,VA234_NB,NORTHBOUND,38162.0,303.0,3.0,8.0,5.5,7.75,10.25,6.770460059688586,7.682396733860377,9.62480348317227,171.260605409021,0.3194908736870859,ridge_core,core_network,full_network,True,constrained,aggregate_all_days,corridor_held_out,corridor,1,76.22760358131518,76.22760358131518,-4.056195968377399,4.056195968377399,-37.51179100966379,37.51179100966379,39.26519685311879,False,
110+13273::MD,110+13273,MD,VA234_NB,NORTHBOUND,38162.0,303.0,3.0,3.0,10.75,11.5,13.5,10.49904328036786,11.662790999698425,13.82678308511884,199.6643882850588,0.3497111515957745,ridge_core,core_network,full_network,True,constrained,aggregate_all_days,corridor_held_out,corridor,1,-15.05740317792835,15.05740317792835,9.767459981905375,9.767459981905375,19.60698510713044,19.60698510713044,14.810616088988056,False,
110+13273::PM,110+13273,PM,VA234_NB,NORTHBOUND,38162.0,303.0,3.0,3.0,13.75,15.75,19.75,15.066375614454062,16.627055017809674,18.82285806275236,225.388946897898,0.4154629829463482,ridge_core,core_network,full_network,True,constrained,aggregate_all_days,corridor_held_out,corridor,1,78.98253686724371,78.98253686724371,52.623301068580446,52.623301068580446,-55.62851623485841,55.62851623485841,62.41145139022752,False,
110+13274::AM,110+13274,AM,VA234_NB,NORTHBOUND,39019.0,603.0,3.0,1.0,6.0,7.0,8.75,6.503928555948886,7.414143368378292,9.027456318710666,151.4116657657068,0.3606914201067697,ridge_core,core_network,full_network,True,constrained,aggregate_all_days,corridor_held_out,corridor,1,30.23571335693317,30.23571335693317,24.848602102697548,24.848602102697548,16.647379122639947,16.647379122639947,23.91056486075689,False,
110+13274::MD,110+13274,MD,VA234_NB,NORTHBOUND,39019.0,603.0,3.0,8.0,9.0,11.5,14.875,10.29577575326704,11.426137874080046,13.221998421310374,175.57336008260012,0.3862871179139769,ridge_core,core_network,full_network,True,constrained,aggregate_all_days,corridor_held_out,corridor,1,77.74654519602234,77.74654519602234,-4.43172755519722,4.43172755519722,-99.18009472137754,99.18009472137754,60.45278915753237,False,
110+13279::AM,110+13279,AM,VA659_NB,NORTHBOUND,36970.0,403.0,3.0,1.0,5.25,8.25,13.0,7.0540320208969725,7.879800339458242,9.79679570007339,164.5658207505851,0.3010716252481608,ridge_core,core_network,full_network,True,constrained,aggregate_all_days,corridor_held_out,corridor,1,108.24192125381836,108.24192125381836,-22.21197963250546,22.21197963250546,-192.1922579955965,192.1922579955965,107.5487196273068,False,
110+13281::AM,110+13281,AM,VA659_NB,NORTHBOUND,36970.0,403.0,3.0,16.0,6.5,7.375,9.5,7.0540320208969725,7.879800339458242,9.79679570007339,164.5658207505851,0.3010716252481608,ridge_core,core_network,full_network,True,constrained,aggregate_all_days,corridor_held_out,corridor,1,33.24192125381835,33.24192125381835,30.28802036749454,30.28802036749454,17.807742004403444,17.807742004403444,27.112561208572107,False,
110+13281::MD,110+13281,MD,VA659_NB,NORTHBOUND,36970.0,403.0,3.0,7.0,13.0,13.75,15.5,10.926511865306944,12.0085662836927,14.202271502491948,196.5455782311003,0.3303216774829089,ridge_core,core_network,full_network,True,constrained,aggregate_all_days,corridor_held_out,corridor,1,-124.40928808158336,124.40928808158336,-104.48602297843804,104.48602297843804,-77.8637098504831,77.8637098504831,102.25300697016816,False,
110+13281::PM,110+13281,PM,VA659_NB,NORTHBOUND,36970.0,403.0,3.0,4.0,15.0,16.0,18.75,15.456524101048904,16.884491340546543,19.058479290956463,216.11731139445345,0.3964422554446841,ridge_core,core_network,full_network,True,constrained,aggregate_all_days,corridor_held_out,corridor,1,27.391446062934257,27.391446062934257,53.06948043279256,53.06948043279256,18.50875745738776,18.50875745738776,32.98989465103819,False,
110+13288::AM,110+13288,AM,VA659_NB,NORTHBOUND,36970.0,403.0,3.0,1.0,6.75,8.0,13.75,7.0540320208969725,7.879800339458242,9.79679570007339,164.5658207505851,0.3010716252481608,ridge_core,core_network,full_network,True,constrained,aggregate_all_days,corridor_held_out,corridor,1,18.241921253818347,18.241921253818347,-7.211979632505461,7.211979632505461,-237.1922579955965,237.1922579955965,87.5487196273068,False,
110+16037::AM,110+16037,AM,US15_NB,NORTHBOUND,38671.0,603.0,3.0,2.0,7.125,8.25,9.0,6.492865796337272,7.3920285558650045,9.033167838393211,152.41812252335652,0.3539589956791177,ridge_core,core_network,full_network,True,constrained,aggregate_all_days,corridor_held_out,corridor,1,-37.92805221976369,37.92805221976369,-51.478286648099726,51.478286648099726,1.990070303592795,1.990070303592795,30.46546972381874,False,
110+17040::MD,110+17040,MD,I495_NB,NORTHBOUND,32632.0,501.0,1.0,1.0,13.25,14.25,16.75,11.308892107518062,12.169630720695672,13.957033290948488,158.88847100582555,0.3250350164724228,ridge_core,core_network,full_network,True,constrained,aggregate_all_days,corridor_held_out,corridor,1,-116.46647354891628,116.46647354891628,-124.8221567582597,124.8221567582597,-167.57800254309075,167.57800254309075,136.28887761675557,False,
110+17040::PM,110+17040,PM,I495_NB,NORTHBOUND,32632.0,501.0,1.0,3.0,15.25,15.75,18.75,15.969929752832066,17.140767420058406,18.97965871023426,180.58373744413169,0.3890176437139814,ridge_core,core_network,full_network,True,constrained,aggregate_all_days,corridor_held_out,corridor,1,43.19578516992394,43.19578516992394,83.44604520350437,83.44604520350437,13.77952261405568,13.77952261405568,46.80711766249467,False,
110+17041::AM,110+17041,AM,I495_NB,NORTHBOUND,32751.0,501.0,1.0,1.0,6.0,6.75,9.0,7.384922543905649,8.074595424624915,9.529547048738849,128.6774702899919,0.321582113402601,ridge_core,core_network,full_network,True,constrained,aggregate_all_days,corridor_held_out,corridor,1,83.09535263433894,83.09535263433894,79.4757254774949,79.4757254774949,31.772822924330804,31.772822924330804,64.78130034538822,False,
110+17041::MD,110+17041,MD,I495_NB,NORTHBOUND,32751.0,501.0,1.0,3.0,9.25,12.25,13.25,11.477124362586116,12.41619728242538,14.215377341261254,164.2951787205082,0.342946005045019,ridge_core,core_network,full_network,True,constrained,aggregate_all_days,corridor_held_out,corridor,1,133.62746175516705,133.62746175516705,9.971836945522767,9.971836945522767,57.92264047567525,57.92264047567525,67.17397972545503,False,
110+17041::PM,110+17041,PM,I495_NB,NORTHBOUND,32751.0,501.0,1.0,10.0,12.75,16.375,19.25,16.07312585523187,17.3525638936705,19.1853681015706,186.7345347803236,0.4110984740804719,ridge_core,core_network,full_network,True,constrained,aggregate_all_days,corridor_held_out,corridor,1,199.38755131391213,199.38755131391213,58.65383362022996,58.65383362022996,-3.877913905764245,3.877913905764245,87.30643294663544,False,
110+17245::AM,110+17245,AM,VA234_NB,NORTHBOUND,39272.0,302.0,2.0,7.0,6.0,7.5,10.25,6.686296483806045,7.574892722541941,9.22298484421991,152.20130162483196,0.3502977553738292,ridge_core,core_network,full_network,True,constrained,aggregate_all_days,corridor_held_out,corridor,1,41.17778902836268,41.17778902836268,4.493563352516468,4.493563352516468,-61.62090934680538,61.62090934680538,35.76408724256151,False,
110+17245::MD,110+17245,MD,VA234_NB,NORTHBOUND,39272.0,302.0,2.0,2.0,11.0,11.5,13.5,10.527996544067165,11.694229013949004,13.601991851653436,184.4397184551765,0.3793865485102438,ridge_core,core_network,full_network,True,constrained,aggregate_all_days,corridor_held_out,corridor,1,-28.32020735597013,28.32020735597013,11.65374083694033,11.65374083694033,6.11951109920625,6.11951109920625,15.364486430705568,False,
110+17245::PM,110+17245,PM,VA234_NB,NORTHBOUND,39272.0,302.0,2.0,10.0,12.375,16.5,18.5,15.04789251520313,16.564966877071164,18.430321482117154,202.94573801484125,0.4485162516959356,ridge_core,core_network,full_network,True,constrained,aggregate_all_days,corridor_held_out,corridor,1,160.37355091218785,160.37355091218785,3.898012624269853,3.898012624269853,-4.1807110729707375,4.1807110729707375,56.15075820314282,False,
110+17247::PM,110+17247,PM,VA234_NB,NORTHBOUND,39205.0,502.0,2.0,1.0,16.5,17.0,18.0,15.038918559626488,16.729878549324184,18.71253222781781,220.4168200914796,0.460298807231471,ridge_core,core_network,full_network,True,constrained,aggregate_all_days,corridor_held_out,corridor,1,-87.66488642241072,87.66488642241072,-16.207287040548977,16.207287040548977,42.75193366906883,42.75193366906883,48.87470237734285,False,
110+18118::PM,110+18118,PM,VA619_EB,EASTBOUND,38555.0,502.0,2.0,1.0,15.5,15.75,17.0,14.75032339705989,16.522509943181287,18.42147833869049,220.26929649783608,0.4827327024596383,ridge_core,core_network,full_network,True,constrained,aggregate_all_days,corridor_held_out,corridor,1,-44.98059617640656,44.98059617640656,46.35059659087723,46.35059659087723,85.28870032142947,85.28870032142947,58.87329769623776,False,
110+18120::AM,110+18120,AM,VA619_EB,EASTBOUND,38988.0,404.0,4.0,3.0,6.5,7.5,9.0,6.544941577645139,7.345027053195564,9.196172963812156,159.07388317002102,0.3017788185991332,ridge_core,core_network,full_network,True,constrained,aggregate_all_days,corridor_held_out,corridor,1,2.696494658708364,2.696494658708364,-9.298376808266138,9.298376808266138,11.770377828729366,11.770377828729366,7.9217497652346225,False,
110+18120::MD,110+18120,MD,VA619_EB,EASTBOUND,38988.0,404.0,4.0,4.0,11.0,12.0,13.375,10.19208098281322,11.190474803406213,13.18492256086585,179.57049468315773,0.3335939422636,ridge_core,core_network,full_network,True,constrained,aggregate_all_days,corridor_held_out,corridor,1,-48.4751410312068,48.4751410312068,-48.57151179562735,48.57151179562735,-11.404646348049,11.404646348049,36.15043305829438,False,
110+18120::PM,110+18120,PM,VA619_EB,EASTBOUND,38988.0,404.0,4.0,1.0,17.5,18.25,20.5,14.869290590770074,16.251887317769025,18.34996412871365,208.8404122766147,0.3972210297596039,ridge_core,core_network,full_network,True,constrained,aggregate_all_days,corridor_held_out,corridor,1,-157.84256455379557,157.84256455379557,-119.88676093385848,119.88676093385848,-129.00215227718093,129.00215227718093,135.57715925494497,False,
110+58626::PM,110+58626,PM,I66_EB,EASTBOUND,38500.0,501.0,1.0,1.0,15.25,15.75,17.0,15.000607781697012,16.44014299438384,18.148979976221085,188.9023316714444,0.4572315862751533,ridge_core,core_network,full_network,True,constrained,aggregate_all_days,corridor_held_out,corridor,1,-14.963533098179198,14.963533098179198,41.40857966303045,41.40857966303045,68.9387985732651,68.9387985732651,41.77030377815825,False,
110+58628::PM,110+58628,PM,I66_EB,EASTBOUND,39151.0,501.0,1.0,2.0,15.0,15.5,16.5,15.130384201653245,16.43234101101181,18.345331091433383,192.8968133868084,0.4049699276517764,ridge_core,core_network,full_network,True,constrained,aggregate_all_days,corridor_held_out,corridor,1,7.823052099194676,7.823052099194676,55.940460660708666,55.940460660708666,110.719865486003,110.719865486003,58.16112608196878,False,
110+58633::MD,110+58633,MD,I66_EB,EASTBOUND,31804.0,201.0,1.0,1.0,12.75,14.0,14.75,10.961608382703718,12.197074677312315,14.305538206664934,200.63578943767297,0.3694653774597055,ridge_core,core_network,full_network,True,constrained,aggregate_all_days,corridor_held_out,corridor,1,-107.30349703777694,107.30349703777694,-108.17551936126108,108.17551936126108,-26.66770760010393,26.66770760010393,80.71557466638065,False,
110+59131::AM,110+59131,AM,VA643_NB,NORTHBOUND,29447.0,503.0,3.0,12.0,6.5,7.75,9.5,6.825745041152031,7.733896125407847,9.463523136004182,158.26668569112914,0.3442863848282579,ridge_core,core_network,full_network,True,constrained,aggregate_all_days,corridor_held_out,corridor,1,19.54470246912184,19.54470246912184,-0.9662324755291608,0.9662324755291608,-2.1886118397490506,2.1886118397490506,7.566515594800016,False,
110+59131::PM,110+59131,PM,VA643_NB,NORTHBOUND,29447.0,503.0,3.0,3.0,16.0,16.5,18.0,15.208478699551062,16.740793410614653,18.699493704701364,209.4609003090182,0.4389310010993833,ridge_core,core_network,full_network,True,constrained,aggregate_all_days,corridor_held_out,corridor,1,-47.491278026936286,47.491278026936286,14.447604636879204,14.447604636879204,41.96962228208186,41.96962228208186,34.63616831529912,False,
110+59133::AM,110+59133,AM,VA643_NB,NORTHBOUND,29452.0,403.0,3.0,9.0,6.75,7.5,10.75,6.785863067441534,7.732960773765304,9.69331003936361,174.44681831532452,0.3257489183706955,ridge_core,core_network,full_network,True,constrained,aggregate_all_days,corridor_held_out,corridor,1,2.151784046492047,2.151784046492047,13.977646425918271,13.977646425918271,-63.40139763818343,63.40139763818343,26.510276036864585,False,
110+59133::MD,110+59133,MD,VA643_NB,NORTHBOUND,29452.0,403.0,3.0,4.0,8.625,11.875,14.75,10.525862885380516,11.738688162689618,13.930983337362376,204.3072271189116,0.3561769089851752,ridge_core,core_network,full_network,True,constrained,aggregate_all_days,corridor_held_out,corridor,1,114.05177312283104,114.05177312283104,-8.17871023862292,8.17871023862292,-49.14099975825746,49.14099975825746,57.12382770657048,False,
110+59133::PM,110+59133,PM,VA643_NB,NORTHBOUND,29452.0,403.0,3.0,7.0,15.0,17.25,20.0,15.069281792189363,16.71085093889012,18.977277847257813,234.4797633041068,0.4200539416030708,ridge_core,core_network,full_network,True,constrained,aggregate_all_days,corridor_held_out,corridor,1,4.156907531361895,4.156907531361895,-32.3489436665929,32.3489436665929,-61.36332916453121,61.36332916453121,32.62306012082867,False,
110+59134::AM,110+59134,AM,VA643_NB,NORTHBOUND,29490.0,403.0,3.0,2.0,7.625,8.0,9.0,6.842673899124303,7.793488313345437,9.66421498840865,169.2924653570609,0.3369840750617237,ridge_core,core_network,full_network,True,constrained,aggregate_all_days,corridor_held_out,corridor,1,-46.93956605254185,46.93956605254185,-12.3907011992738,12.3907011992738,39.85289930451902,39.85289930451902,33.061055518778225,False,
110+59134::MD,110+59134,MD,VA643_NB,NORTHBOUND,29490.0,403.0,3.0,1.0,12.0,12.5,17.75,10.5024855677528,11.691409809807377,13.723682173638856,193.27179635316324,0.369093969577041,ridge_core,core_network,full_network,True,constrained,aggregate_all_days,corridor_held_out,corridor,1,-89.85086593483192,89.85086593483192,-48.51541141155739,48.51541141155739,-241.57906958166865,241.57906958166865,126.64844897601932,False,
110+59134::PM,110+59134,PM,VA643_NB,NORTHBOUND,29490.0,403.0,3.0,9.0,15.25,16.75,19.25,15.106991110307916,16.728973531613207,18.848826782731408,224.51014034540964,0.4334723818202243,ridge_core,core_network,full_network,True,constrained,aggregate_all_days,corridor_held_out,corridor,1,-8.580533381525122,8.580533381525122,-1.2615881032076004,1.2615881032076004,-24.070393036115547,24.070393036115547,11.304171506949425,False,
110+59135::AM,110+59135,AM,VA643_NB,NORTHBOUND,,,,9.0,7.25,7.75,9.5,6.734113698192513,7.837066945494645,9.570396557892948,170.17697158202603,0.388872796494855,ridge_core,core_network,full_network,True,constrained,aggregate_all_days,corridor_held_out,corridor,1,-30.9531781084492,30.9531781084492,5.22401672967872,5.22401672967872,4.223793473576798,4.223793473576798,13.466996103901572,False,
110+59135::MD,110+59135,MD,VA643_NB,NORTHBOUND,,,,7.0,11.5,11.875,13.625,10.274716461274886,11.61065236999787,13.426547915936586,189.109887279702,0.4238601993603036,ridge_core,core_network,full_network,True,constrained,aggregate_all_days,corridor_held_out,corridor,1,-73.5170123235068,73.5170123235068,-15.860857800127768,15.860857800127768,-11.907125043804818,11.907125043804818,33.76166505581313,False,
110+59135::PM,110+59135,PM,VA643_NB,NORTHBOUND,,,,1.0,15.5,18.25,22.0,14.90695471611732,16.708746481364233,18.571176198522902,219.85328894433525,0.4917256704864973,ridge_core,core_network,full_network,True,constrained,aggregate_all_days,corridor_held_out,corridor,1,-35.58271703296086,35.58271703296086,-92.475211118146,92.475211118146,-205.72942808862564,205.72942808862564,111.26245207991084,False,
110+59136::AM,110+59136,AM,VA643_NB,NORTHBOUND,31192.0,503.0,3.0,5.0,6.25,6.75,9.25,7.034702813594854,7.839797593843944,9.396712153135333,141.72056037242868,0.3408516498100379,ridge_core,core_network,full_network,True,constrained,aggregate_all_days,corridor_held_out,corridor,1,47.08216881569123,47.08216881569123,65.38785563063662,65.38785563063662,8.802729188119862,8.802729188119862,40.42425121148258,False,
110+59136::MD,110+59136,MD,VA643_NB,NORTHBOUND,31192.0,503.0,3.0,1.0,13.0,13.25,14.25,10.676779795174337,11.668338107712126,13.328252563381074,159.0883660924043,0.3739651126827931,ridge_core,core_network,full_network,True,constrained,aggregate_all_days,corridor_held_out,corridor,1,-139.3932122895399,139.3932122895399,-94.89971353727243,94.89971353727243,-55.30484619713555,55.30484619713555,96.53259067464928,False,
110+59136::PM,110+59136,PM,VA643_NB,NORTHBOUND,31192.0,503.0,3.0,1.0,14.5,18.75,20.25,15.390364773425777,16.747396951224882,18.480959093151395,185.4356591835371,0.4390845376042701,ridge_core,core_network,full_network,True,constrained,aggregate_all_days,corridor_held_out,corridor,1,53.421886405546495,53.421886405546495,-120.15618292650709,120.15618292650709,-106.14245441091632,106.14245441091632,93.24017458098996,False,
110-04146::PM,110-04146,PM,I95_SB,SOUTHBOUND,38991.0,601.0,1.0,17.0,15.0,16.25,18.0,15.119479400028156,17.00779551975077,19.269502335314083,249.0013761171556,0.4550134177975363,ridge_core,core_network,full_network,True,constrained,aggregate_all_days,corridor_held_out,corridor,1,7.168764001689283,7.168764001689283,45.467731185046105,45.467731185046105,76.170140118845,76.170140118845,42.93554510186013,False,
110-04147::AM,110-04147,AM,I95_SB,SOUTHBOUND,38982.0,501.0,1.0,1.0,7.25,7.5,8.5,6.740181200360419,7.771703386691296,9.509420204265176,166.15434023428548,0.3724930151844541,ridge_core,core_network,full_network,True,constrained,aggregate_all_days,corridor_held_out,corridor,1,-30.58912797837488,30.58912797837488,16.30220320147778,16.30220320147778,60.56521225591055,60.56521225591055,35.81884781192107,False,
110-04147::MD,110-04147,MD,I95_SB,SOUTHBOUND,38982.0,501.0,1.0,2.0,11.75,14.625,16.875,10.797762177762742,12.587422737164584,15.070196667405767,256.3460693785815,0.418885430248311,ridge_core,core_network,full_network,True,constrained,aggregate_all_days,corridor_held_out,corridor,1,-57.13426933423548,57.13426933423548,-122.25463577012498,122.25463577012498,-108.28819995565397,108.28819995565397,95.89236835333814,False,
110-04147::PM,110-04147,PM,I95_SB,SOUTHBOUND,38982.0,501.0,1.0,14.0,14.75,16.375,18.125,15.081836271127532,17.002683624850565,19.09452384562383,240.7612544697778,0.4786934736537898,ridge_core,core_network,full_network,True,constrained,aggregate_all_days,corridor_held_out,corridor,1,19.91017626765192,19.91017626765192,37.66101749103392,37.66101749103392,58.17143073742976,58.17143073742976,38.58087483203853,False,
110-04148::MD,110-04148,MD,I95_SB,SOUTHBOUND,39111.0,501.0,1.0,2.0,10.25,11.125,14.25,10.90397048360887,11.91527558474263,13.791500261126531,173.25178665105972,0.3502319210723966,ridge_core,core_network,full_network,True,constrained,aggregate_all_days,corridor_held_out,corridor,1,39.23822901653217,39.23822901653217,47.41653508455784,47.41653508455784,-27.50998433240813,27.50998433240813,38.05491614449938,False,
110-04148::PM,110-04148,PM,I95_SB,SOUTHBOUND,39111.0,501.0,1.0,11.0,15.25,16.5,18.25,15.181898114839594,16.54281558795771,18.180351218652792,179.90718622879183,0.4538731892746314,ridge_core,core_network,full_network,True,constrained,aggregate_all_days,corridor_held_out,corridor,1,-4.08611310962435,4.08611310962435,2.5689352774625007,2.5689352774625007,-4.178926880832492,4.178926880832492,3.611325089306448,False,
110-04149::MD,110-04149,MD,I95_SB,SOUTHBOUND,39103.0,501.0,1.0,4.0,10.5,11.5,12.5,11.111448385030693,11.788111332587842,13.604445662628004,149.57983665583868,0.2714254658991449,ridge_core,core_network,full_network,True,constrained,aggregate_all_days,corridor_held_out,corridor,1,36.68690310184157,36.68690310184157,17.286679955270543,17.286679955270543,66.26673975768026,66.26673975768026,40.08010760493079,False,
110-04149::PM,110-04149,PM,I95_SB,SOUTHBOUND,39103.0,501.0,1.0,1.0,16.5,17.5,18.5,15.012485816389178,16.144040287029426,17.680973660426982,160.10927064226823,0.4240433296964336,ridge_core,core_network,full_network,True,constrained,aggregate_all_days,corridor_held_out,corridor,1,-89.2508510166493,89.2508510166493,-81.35758277823442,81.35758277823442,-49.14158037438106,49.14158037438106,73.25000472308825,False,
110-04150::MD,110-04150,MD,I95_SB,SOUTHBOUND,39011.0,301.0,1.0,1.0,10.75,11.25,13.5,10.764822471471245,12.168153307667216,14.548260783395136,227.0062987154335,0.3709141581014368,ridge_core,core_network,full_network,True,constrained,aggregate_all_days,corridor_held_out,corridor,1,0.8893482882745829,0.8893482882745829,55.08919846003288,55.08919846003288,62.89564700370807,62.89564700370807,39.62473125067184,False,
110-04151::MD,110-04151,MD,I95_SB,SOUTHBOUND,38617.0,401.0,1.0,3.0,9.5,12.75,13.5,10.766454218907626,12.39406527826065,14.51031679042712,224.6317542911696,0.4347411338585641,ridge_core,core_network,full_network,True,constrained,aggregate_all_days,corridor_held_out,corridor,1,75.98725313445755,75.98725313445755,-21.35608330436103,21.35608330436103,60.61900742562713,60.61900742562713,52.6541146214819,False,
110-04151::PM,110-04151,PM,I95_SB,SOUTHBOUND,38617.0,401.0,1.0,2.0,17.25,17.75,20.875,15.22144574459455,16.96257680249839,18.81352353804525,215.52466760704192,0.4847141843860896,ridge_core,core_network,full_network,True,constrained,aggregate_all_days,corridor_held_out,corridor,1,-121.71325532432697,121.71325532432697,-47.24539185009661,47.24539185009661,-123.68858771728505,123.68858771728505,97.5490782972362,False,
110-04152::MD,110-04152,MD,I95_SB,SOUTHBOUND,31941.0,201.0,1.0,2.0,8.375,11.375,21.0,10.941553044650206,12.362989852219954,14.872738753881212,235.87114255386027,0.3615796639248061,ridge_core,core_network,full_network,True,constrained,aggregate_all_days,corridor_held_out,corridor,1,153.99318267901236,153.99318267901236,59.27939113319724,59.27939113319724,-367.6356747671273,367.6356747671273,193.63608285977887,False,
110-04152::PM,110-04152,PM,I95_SB,SOUTHBOUND,31941.0,201.0,1.0,9.0,10.0,17.25,20.75,15.390040874916004,17.073117726620655,19.431175035399463,242.4680496290074,0.41648625976409,ridge_core,core_network,full_network,True,constrained,aggregate_all_days,corridor_held_out,corridor,1,323.40245249496024,323.40245249496024,-10.612936402760695,10.612936402760695,-79.12949787603225,79.12949787603225,137.71496225791773,False,
110-04153::MD,110-04153,MD,I95_SB,SOUTHBOUND,31931.0,401.0,1.0,7.0,10.25,11.75,13.0,10.87340725768463,12.509610108461647,14.665630889868613,227.53341793103888,0.4314626481652696,ridge_core,core_network,full_network,True,constrained,aggregate_all_days,corridor_held_out,corridor,1,37.40443546107777,37.40443546107777,45.57660650769883,45.57660650769883,99.93785339211666,99.93785339211666,60.97296512029775,False,
110-04153::PM,110-04153,PM,I95_SB,SOUTHBOUND,31931.0,401.0,1.0,17.0,14.0,17.25,20.0,15.322796857969562,17.17169843050841,19.12611011822542,228.1987956153515,0.4861291842193584,ridge_core,core_network,full_network,True,constrained,aggregate_all_days,corridor_held_out,corridor,1,79.36781147817373,79.36781147817373,-4.698094169495377,4.698094169495377,-52.43339290647484,52.43339290647484,45.499766184714645,False,
110-04154::AM,110-04154,AM,I95_SB,SOUTHBOUND,31922.0,301.0,1.0,1.0,7.0,7.75,9.25,6.865043976290411,7.69095490299099,9.205088818733332,140.40269054657526,0.3529466238084386,ridge_core,core_network,full_network,True,constrained,aggregate_all_days,corridor_held_out,corridor,1,-8.097361422575329,8.097361422575329,-3.542705820540597,3.542705820540597,-2.694670876000096,2.694670876000096,4.778246039705341,False,
110-04154::MD,110-04154,MD,I95_SB,SOUTHBOUND,31922.0,301.0,1.0,3.0,10.5,11.25,13.25,10.822693500111576,12.388555147999424,14.545593143421048,223.3739785985684,0.4206027016339001,ridge_core,core_network,full_network,True,constrained,aggregate_all_days,corridor_held_out,corridor,1,19.361610006694576,19.361610006694576,68.31330887996536,68.31330887996536,77.73558860526286,77.73558860526286,55.13683583064093,False,
110-04154::PM,110-04154,PM,I95_SB,SOUTHBOUND,31922.0,301.0,1.0,17.0,15.0,17.25,19.5,15.275208158320307,17.000306584901857,18.9250170762299,218.9885350745755,0.4726544499676405,ridge_core,core_network,full_network,True,constrained,aggregate_all_days,corridor_held_out,corridor,1,16.51248949921854,16.51248949921854,-14.981604905888588,14.981604905888588,-34.498975426206044,34.498975426206044,21.997689943771054,False,
110-04155::PM,110-04155,PM,I95_SB,SOUTHBOUND,31311.0,501.0,1.0,10.0,15.625,17.25,18.75,16.021932176307285,17.16885320604682,18.857905062205926,170.15837315391863,0.404418898164503,ridge_core,core_network,full_network,True,constrained,aggregate_all_days,corridor_held_out,corridor,1,23.81593057843709,23.81593057843709,-4.868807637190855,4.868807637190855,6.47430373235558,6.47430373235558,11.719680649327842,False,
110-04156::MD,110-04156,MD,I95_SB,SOUTHBOUND,32831.0,201.0,1.0,3.0,13.5,13.75,18.0,10.991625448179656,12.630159264722568,15.32562354705301,260.0398859324012,0.3780651904228702,ridge_core,core_network,full_network,True,constrained,aggregate_all_days,corridor_held_out,corridor,1,-150.50247310922063,150.50247310922063,-67.1904441166459,67.1904441166459,-160.46258717681943,160.46258717681943,126.05183480089534,False,
110-04156::PM,110-04156,PM,I95_SB,SOUTHBOUND,32831.0,201.0,1.0,9.0,14.5,15.75,17.5,15.41344534161847,17.104450611281067,19.41444816313676,240.06016929109748,0.4226453579507593,ridge_core,core_network,full_network,True,constrained,aggregate_all_days,corridor_held_out,corridor,1,54.80672049710819,54.80672049710819,81.267036676864,81.267036676864,114.86688978820568,114.86688978820568,83.64688232072595,False,
110-04157::MD,110-04157,MD,I95_SB,SOUTHBOUND,31302.0,501.0,1.0,4.0,13.625,14.375,17.75,11.118549982652707,11.980612418078698,13.831888818986894,162.80033018005113,0.3177127839258977,ridge_core,core_network,full_network,True,constrained,aggregate_all_days,corridor_held_out,corridor,1,-150.38700104083756,150.38700104083756,-143.66325491527817,143.66325491527817,-235.0866708607864,235.0866708607864,176.37897560563405,False,
110-04157::PM,110-04157,PM,I95_SB,SOUTHBOUND,31302.0,501.0,1.0,14.0,14.5,17.125,18.5,15.486168510949591,16.660431892373314,18.307561952652133,169.28360650215245,0.4161997983220394,ridge_core,core_network,full_network,True,constrained,aggregate_all_days,corridor_held_out,corridor,1,59.170110656975474,59.170110656975474,-27.87408645760117,27.87408645760117,-11.546282840872024,11.546282840872024,32.86349331848289,False,
110-04158::MD,110-04158,MD,I95_SB,SOUTHBOUND,32578.0,501.0,1.0,3.0,14.25,14.25,16.25,12.15746436363226,13.129392403223626,15.43071623315108,196.39511217112928,0.2969304160923746,ridge_core,core_network,full_network,True,constrained,aggregate_all_days,corridor_held_out,corridor,1,-125.55213818206444,125.55213818206444,-67.23645580658243,67.23645580658243,-49.15702601093514,49.15702601093514,80.64853999986066,False,
110-04158::PM,110-04158,PM,I95_SB,SOUTHBOUND,32578.0,501.0,1.0,5.0,15.5,16.25,18.0,14.648424985197751,16.785985191984743,18.23087935715296,214.94726231731232,0.5966747890833202,ridge_core,core_network,full_network,True,constrained,aggregate_all_days,corridor_held_out,corridor,1,-51.09450088813482,51.09450088813482,32.159111519084576,32.159111519084576,13.852761429177464,13.852761429177464,32.36879127879895,False,
110-04162::AM,110-04162,AM,I66_EB,EASTBOUND,26303.0,101.0,1.0,1.0,7.5,8.75,9.75,7.208660645500286,7.880854146726904,9.131981518839575,115.39925240035753,0.3494962855883469,ridge_core,core_network,full_network,True,constrained,aggregate_all_days,corridor_held_out,corridor,1,-17.48036126998283,17.48036126998283,-52.148751196385774,52.148751196385774,-37.08110886962537,37.08110886962537,35.57007377866466,False,
110-04162::PM,110-04162,PM,I66_EB,EASTBOUND,26303.0,101.0,1.0,1.0,16.75,18.75,20.25,15.741574083959836,16.94403725423283,18.40036419354384,159.5274065750398,0.4522595318594493,ridge_core,core_network,full_network,True,constrained,aggregate_all_days,corridor_held_out,corridor,1,-60.50555496240982,60.50555496240982,-108.3577647460303,108.3577647460303,-110.97814838737,110.97814838737,93.28048936527004,False,
110-04163::PM,110-04163,PM,I66_EB,EASTBOUND,26306.0,101.0,1.0,4.0,15.875,17.25,19.125,15.406636546342687,17.04755561720137,19.351469753227704,236.68999241310107,0.4159666543048618,ridge_core,core_network,full_network,True,constrained,aggregate_all_days,corridor_held_out,corridor,1,-28.10180721943865,28.10180721943865,-12.146662967917903,12.146662967917903,13.58818519366224,13.58818519366224,17.945551793672934,False,
110-04164::PM,110-04164,PM,I66_EB,EASTBOUND,26745.0,101.0,1.0,2.0,16.25,17.5,18.75,15.878009879809158,17.247127815227078,18.921665210369568,182.61931983362456,0.449826864977459,ridge_core,core_network,full_network,True,constrained,aggregate_all_days,corridor_held_out,corridor,1,-22.319407211450542,22.319407211450542,-15.172331086375335,15.172331086375335,10.299912622174077,10.299912622174077,15.930550306666651,False,
110-04165::MD,110-04165,MD,I66_EB,EASTBOUND,26743.0,201.0,1.0,1.0,10.75,11.75,12.75,11.73420562330515,12.640117974864076,14.783772115295877,182.9739895194436,0.2970626657717355,ridge_core,core_network,full_network,True,constrained,aggregate_all_days,corridor_held_out,corridor,1,59.05233739830905,59.05233739830905,53.407078491844544,53.407078491844544,122.0263269177526,122.0263269177526,78.16191426930207,False,
110-04166::MD,110-04166,MD,I66_EB,EASTBOUND,26049.0,501.0,1.0,10.0,9.5,10.5,11.75,10.40898177212439,11.366759473797323,13.247276331630854,170.29767357038787,0.3374483097481876,ridge_core,core_network,full_network,True,constrained,aggregate_all_days,corridor_held_out,corridor,1,54.5389063274634,54.5389063274634,52.00556842783939,52.00556842783939,89.83657989785122,89.83657989785122,65.46035155105135,False,
110-04166::PM,110-04166,PM,I66_EB,EASTBOUND,26049.0,501.0,1.0,14.0,14.125,17.25,19.5,15.134979517810203,16.46266527312947,18.43776401058429,198.1670695664453,0.4019898235031716,ridge_core,core_network,full_network,True,constrained,aggregate_all_days,corridor_held_out,corridor,1,60.59877106861219,60.59877106861219,-47.24008361223177,47.24008361223177,-63.73415936494247,63.73415936494247,57.1910046819288,False,
110-04167::MD,110-04167,MD,I66_EB,EASTBOUND,25608.0,501.0,1.0,8.0,9.5,10.25,11.375,10.414442922395416,11.40838308625314,13.190809572679576,166.58199901704972,0.3580003252653942,ridge_core,core_network,full_network,True,constrained,aggregate_all_days,corridor_held_out,corridor,1,54.866575343724975,54.866575343724975,69.50298517518831,69.50298517518831,108.9485743607746,108.9485743607746,77.77271162656263,False,
110-04167::PM,110-04167,PM,I66_EB,EASTBOUND,25608.0,501.0,1.0,21.0,14.25,17.25,19.75,15.114390384539032,16.497337792348837,18.35467390720963,194.417011360236,0.4267982718592472,ridge_core,core_network,full_network,True,constrained,aggregate_all_days,corridor_held_out,corridor,1,51.86342307234192,51.86342307234192,-45.15973245906977,45.15973245906977,-83.7195655674222,83.7195655674222,60.2475736996113,False,
110-04168::MD,110-04168,MD,I66_EB,EASTBOUND,26322.0,501.0,1.0,6.0,9.875,10.25,11.25,10.56552254871274,11.479538160066475,13.036033089806308,148.23063246561404,0.3699703345322091,ridge_core,core_network,full_network,True,constrained,aggregate_all_days,corridor_held_out,corridor,1,41.43135292276444,41.43135292276444,73.77228960398864,73.77228960398864,107.16198538837848,107.16198538837848,74.12187597171051,False,
110-04168::PM,110-04168,PM,I66_EB,EASTBOUND,26322.0,501.0,1.0,22.0,14.25,17.25,19.5,15.280189618349588,16.560769118164917,18.17299346063073,173.56823053686875,0.442677613012819,ridge_core,core_network,full_network,True,constrained,aggregate_all_days,corridor_held_out,corridor,1,61.81137710097531,61.81137710097531,-41.353852910105005,41.353852910105005,-79.6203923621561,79.6203923621561,60.9285407910788,False,
110-04169::MD,110-04169,MD,I66_EB,EASTBOUND,26183.0,501.0,1.0,1.0,9.5,9.75,11.0,10.548633446128164,11.402457364031662,13.122160000243472,154.41159324691847,0.3317719479280887,ridge_core,core_network,full_network,True,constrained,aggregate_all_days,corridor_held_out,corridor,1,62.91800676768986,62.91800676768986,99.1474418418997,99.1474418418997,127.32960001460832,127.32960001460832,96.46501620806596,False,
110-04169::PM,110-04169,PM,I66_EB,EASTBOUND,26183.0,501.0,1.0,21.0,15.0,17.5,19.25,15.307965596407955,16.496560932798232,18.304947925574307,179.8189397499811,0.3965973789111057,ridge_core,core_network,full_network,True,constrained,aggregate_all_days,corridor_held_out,corridor,1,18.477935784477424,18.477935784477424,-60.20634403210608,60.20634403210608,-56.70312446554156,56.70312446554156,45.129134760708354,False,
110-04170::PM,110-04170,PM,I66_EB,EASTBOUND,26732.0,201.0,1.0,15.0,15.5,17.5,19.0,15.931873875214832,17.021435745148963,18.738777774717672,168.41423397017027,0.3881721316241405,ridge_core,core_network,full_network,True,constrained,aggregate_all_days,corridor_held_out,corridor,1,25.912432512890007,25.912432512890007,-28.7138552910622,28.7138552910622,-15.673333516939678,15.673333516939678,23.43320710696396,False,
110-04171::PM,110-04171,PM,I66_EB,EASTBOUND,26732.0,201.0,1.0,19.0,15.5,17.5,19.0,15.931873875214832,17.021435745148963,18.738777774717672,168.41423397017027,0.3881721316241405,ridge_core,core_network,full_network,True,constrained,aggregate_all_days,corridor_held_out,corridor,1,25.912432512890007,25.912432512890007,-28.7138552910622,28.7138552910622,-15.673333516939678,15.673333516939678,23.43320710696396,False,
110-04172::PM,110-04172,PM,I66_EB,EASTBOUND,32564.0,201.0,1.0,14.0,15.375,17.5,19.125,15.97718615136283,17.270476899785493,18.997679552673336,181.22960407863027,0.4281720158241501,ridge_core,core_network,full_network,True,constrained,aggregate_all_days,corridor_held_out,corridor,1,36.13116908176977,36.13116908176977,-13.771386012870437,13.771386012870437,-7.639226839599829,7.639226839599829,19.18059397808001,False,
110-04173::PM,110-04173,PM,I66_EB,EASTBOUND,32561.0,301.0,1.0,12.0,15.75,17.125,18.625,15.756397831389869,17.06561341407835,18.985511890586128,193.74684355177564,0.4054411082073544,ridge_core,core_network,full_network,True,constrained,aggregate_all_days,corridor_held_out,corridor,1,0.3838698833921228,0.3838698833921228,-3.563195155299041,3.563195155299041,21.63071343516769,21.63071343516769,8.525926157952952,False,
110-04175::AM,110-04175,AM,I66_EB,EASTBOUND,31781.0,201.0,1.0,7.0,6.5,8.0,9.75,7.0116728572888185,7.850619570670265,9.726564478729834,162.8934972864609,0.3090166497829288,ridge_core,core_network,full_network,True,constrained,aggregate_all_days,corridor_held_out,corridor,1,30.70037143732911,30.70037143732911,-8.96282575978411,8.96282575978411,-1.4061312762099476,1.4061312762099476,13.68977615777439,False,
110-04175::MD,110-04175,MD,I66_EB,EASTBOUND,31781.0,201.0,1.0,8.0,12.0,12.75,14.0,10.971891175467167,12.568010434085362,15.26415632608298,257.53590903694885,0.3718594268085228,ridge_core,core_network,full_network,True,constrained,aggregate_all_days,corridor_held_out,corridor,1,-61.68652947196996,61.68652947196996,-10.919373954878251,10.919373954878251,75.84937956497885,75.84937956497885,49.48509433060902,False,
110-04175::PM,110-04175,PM,I66_EB,EASTBOUND,31781.0,201.0,1.0,4.0,15.5,17.5,19.25,15.400432349616736,17.02665994659109,19.31986294547375,235.1658357514209,0.4149142476698874,ridge_core,core_network,full_network,True,constrained,aggregate_all_days,corridor_held_out,corridor,1,-5.974059022995846,5.974059022995846,-28.400403204534683,28.400403204534683,4.191776728425083,4.191776728425083,12.855412985318535,False,
110-04176::AM,110-04176,AM,I66_EB,EASTBOUND,31353.0,501.0,1.0,6.0,6.75,8.0,9.625,6.900883680154943,7.729978510720409,9.593815023474582,161.57588059917825,0.307878191036026,ridge_core,core_network,full_network,True,constrained,aggregate_all_days,corridor_held_out,corridor,1,9.0530208092966,9.0530208092966,-16.201289356775455,16.201289356775455,-1.8710985915251044,1.8710985915251044,9.041802919199052,False,
110-04176::MD,110-04176,MD,I66_EB,EASTBOUND,31353.0,501.0,1.0,2.0,11.0,11.375,13.125,11.05982493374858,12.16606611826512,14.53421121993464,208.4631771711636,0.3183990188180527,ridge_core,core_network,full_network,True,constrained,aggregate_all_days,corridor_held_out,corridor,1,3.5894960249148866,3.5894960249148866,47.46396709590727,47.46396709590727,84.55267319607842,84.55267319607842,45.202045438966856,False,
110-04176::PM,110-04176,PM,I66_EB,EASTBOUND,31353.0,501.0,1.0,5.0,17.5,18.0,18.75,15.525485877314182,16.98604214899506,19.32373823783953,227.89514163152097,0.3845337626483735,ridge_core,core_network,full_network,True,constrained,aggregate_all_days,corridor_held_out,corridor,1,-118.47084736114908,118.47084736114908,-60.83747106029634,60.83747106029634,34.4242942703719,34.4242942703719,71.24420423060577,False,
110-04177::AM,110-04177,AM,I66_EB,EASTBOUND,31790.0,201.0,1.0,10.0,6.75,8.25,10.0,7.0195337436090455,7.831952837083218,9.629790061679577,156.6153790842318,0.3112411175292942,ridge_core,core_network,full_network,True,constrained,aggregate_all_days,corridor_held_out,corridor,1,16.17202461654273,16.17202461654273,-25.08282977500692,25.08282977500692,-22.21259629922549,22.21259629922549,21.15581689692505,False,
110-04177::MD,110-04177,MD,I66_EB,EASTBOUND,31790.0,201.0,1.0,4.0,11.75,12.25,15.25,10.968100541260483,12.391813821195,14.835225807924427,232.0275159998368,0.3681580455144428,ridge_core,core_network,full_network,True,constrained,aggregate_all_days,corridor_held_out,corridor,1,-46.913967524371,46.913967524371,8.508829271699945,8.508829271699945,-24.886451524534365,24.886451524534365,26.76974944020177,False,
110-04177::PM,110-04177,PM,I66_EB,EASTBOUND,31790.0,201.0,1.0,5.0,14.25,16.5,19.0,15.426976667110532,16.930060883680333,19.06056873783985,218.0155242437592,0.413663445789089,ridge_core,core_network,full_network,True,constrained,aggregate_all_days,corridor_held_out,corridor,1,70.61860002663192,70.61860002663192,25.803653020820008,25.803653020820008,3.634124270391084,3.634124270391084,33.352125772614336,False,
110-04178::AM,110-04178,AM,I66_EB,EASTBOUND,31800.0,301.0,1.0,16.0,6.25,7.75,11.25,6.767399022282316,7.641825676447231,9.418028989968484,159.03779806117012,0.3298938987429599,ridge_core,core_network,full_network,True,constrained,aggregate_all_days,corridor_held_out,corridor,1,31.043941336938943,31.043941336938943,-6.490459413166114,6.490459413166114,-109.91826060189098,109.91826060189098,49.15088711733201,False,
110-04178::MD,110-04178,MD,I66_EB,EASTBOUND,31800.0,301.0,1.0,5.0,13.5,14.5,18.25,10.675044943414669,12.132446916438594,14.46476438210195,227.38316632123704,0.384567247418388,ridge_core,core_network,full_network,True,constrained,aggregate_all_days,corridor_held_out,corridor,1,-169.49730339512,169.49730339512,-142.05318501368436,142.05318501368436,-227.1141370738829,227.1141370738829,179.55487516089576,False,
110-04178::PM,110-04178,PM,I66_EB,EASTBOUND,31800.0,301.0,1.0,15.0,13.25,16.625,19.0,15.14116203379446,16.70558913885131,18.759359822093018,217.09186729791327,0.4323774421940916,ridge_core,core_network,full_network,True,constrained,aggregate_all_days,corridor_held_out,corridor,1,113.4697220276676,113.4697220276676,4.835348331078535,4.835348331078535,-14.438410674418948,14.438410674418948,44.24782701105503,False,
110-04179::AM,110-04179,AM,I66_EB,EASTBOUND,35787.0,201.0,1.0,20.0,7.0,8.25,10.5,6.99530490535257,7.79032992052802,9.592417420652422,155.82675091799112,0.3061188186849345,ridge_core,core_network,full_network,True,constrained,aggregate_all_days,corridor_held_out,corridor,1,-0.2817056788458139,0.2817056788458139,-27.580204768318808,27.580204768318808,-54.454954760854655,54.454954760854655,27.43895506933976,False,
110-04179::MD,110-04179,MD,I66_EB,EASTBOUND,35787.0,201.0,1.0,2.0,10.0,11.5,13.25,10.906958963858786,12.16941322181304,14.462592281594354,213.33799906413407,0.3550574947245284,ridge_core,core_network,full_network,True,constrained,aggregate_all_days,corridor_held_out,corridor,1,54.41753783152716,54.41753783152716,40.16479330878237,40.16479330878237,72.75553689566124,72.75553689566124,55.77928934532358,False,
110-04179::PM,110-04179,PM,I66_EB,EASTBOUND,35787.0,201.0,1.0,10.0,16.5,17.5,19.0,15.407396265470396,16.838798760119463,18.93823521589148,211.85033702526505,0.4054001087980403,ridge_core,core_network,full_network,True,constrained,aggregate_all_days,corridor_held_out,corridor,1,-65.55622407177623,65.55622407177623,-39.672074392832215,39.672074392832215,-3.705887046511122,3.705887046511122,36.31139517037319,False,
110-04180::AM,110-04180,AM,I66_EB,EASTBOUND,31384.0,501.0,1.0,10.0,7.0,8.0,9.875,6.958753064006382,7.740784174042724,9.622797407750523,159.84266062464857,0.2935503351784482,ridge_core,core_network,full_network,True,constrained,aggregate_all_days,corridor_held_out,corridor,1,-2.4748161596170704,2.4748161596170704,-15.552949557436566,15.552949557436566,-15.13215553496849,15.13215553496849,11.053307084007375,False,
110-04180::MD,110-04180,MD,I66_EB,EASTBOUND,31384.0,501.0,1.0,1.0,8.25,10.5,12.0,10.864686120592827,11.898084823443517,14.112105571960772,194.84516708207667,0.3182215042825398,ridge_core,core_network,full_network,True,constrained,aggregate_all_days,corridor_held_out,corridor,1,156.88116723556962,156.88116723556962,83.8850894066109,83.8850894066109,126.7263343176463,126.7263343176463,122.49753031994229,False,
110-04180::PM,110-04180,PM,I66_EB,EASTBOUND,31384.0,501.0,1.0,2.0,14.5,15.0,16.0,15.403210903835484,16.779296756530684,18.9920335492955,215.32935872760103,0.3834365720011261,ridge_core,core_network,full_network,True,constrained,aggregate_all_days,corridor_held_out,corridor,1,54.19265423012895,54.19265423012895,106.75780539184105,106.75780539184105,179.52201295772994,179.52201295772994,113.49082419323332,False,
110-04181::AM,110-04181,AM,I66_EB,EASTBOUND,35760.0,201.0,1.0,2.0,6.5,6.875,8.25,6.772289786729658,7.598245601936208,9.615337091175387,170.58283826674383,0.2905177884008424,ridge_core,core_network,full_network,True,constrained,aggregate_all_days,corridor_held_out,corridor,1,16.337387203779485,16.337387203779485,43.39473611617248,43.39473611617248,81.92022547052325,81.92022547052325,47.21744959682507,False,
110-04182::AM,110-04182,AM,I66_EB,EASTBOUND,31829.0,201.0,1.0,15.0,6.25,8.0,9.75,6.982930138278123,7.781767323485809,9.617495379366073,158.07391446527697,0.3032140456228765,ridge_core,core_network,full_network,True,constrained,aggregate_all_days,corridor_held_out,corridor,1,43.97580829668737,43.97580829668737,-13.093960590851452,13.093960590851452,-7.950277238035639,7.950277238035639,21.673348708524816,False,
110-04182::MD,110-04182,MD,I66_EB,EASTBOUND,31829.0,201.0,1.0,2.0,7.75,9.125,10.5,10.887878379771989,12.137670330931003,14.45155794160078,213.82077370972743,0.3507026738727471,ridge_core,core_network,full_network,True,constrained,aggregate_all_days,corridor_held_out,corridor,1,188.2727027863193,188.2727027863193,180.7602198558604,180.7602198558604,237.09347649604672,237.09347649604672,202.04213304607543,False,
110-04183::AM,110-04183,AM,I66_EB,EASTBOUND,39146.0,501.0,1.0,20.0,6.25,8.0,9.5,6.6876470849335,7.491275938226709,9.208034962161408,151.22327263367455,0.3188512611705996,ridge_core,core_network,full_network,True,constrained,aggregate_all_days,corridor_held_out,corridor,1,26.258825096009968,26.258825096009968,-30.52344370639748,30.52344370639748,-17.517902270315524,17.517902270315524,24.766723690907657,False,
110-04183::MD,110-04183,MD,I66_EB,EASTBOUND,39146.0,501.0,1.0,1.0,14.0,14.5,16.25,10.423998405812236,11.354906345539856,13.19350305671924,166.1702790544204,0.3361279568253302,ridge_core,core_network,full_network,True,constrained,aggregate_all_days,corridor_held_out,corridor,1,-214.56009565126595,214.56009565126595,-188.70561926760865,188.70561926760865,-183.38981659684555,183.38981659684555,195.5518438385733,False,
110-04183::PM,110-04183,PM,I66_EB,EASTBOUND,39146.0,501.0,1.0,1.0,15.0,15.5,16.5,15.132942477304736,16.4278464300913,18.355861309258355,193.3751299172172,0.4017798834858148,ridge_core,core_network,full_network,True,constrained,aggregate_all_days,corridor_held_out,corridor,1,7.976548638284164,7.976548638284164,55.670785805478005,55.670785805478005,111.3516785555013,111.3516785555013,58.33300433308782,False,
110-04184::AM,110-04184,AM,I66_EB,EASTBOUND,39157.0,501.0,1.0,13.0,6.25,7.5,9.25,6.808007283217162,7.807116834535374,9.345435344033248,152.24568364896518,0.393748917160189,ridge_core,core_network,full_network,True,constrained,aggregate_all_days,corridor_held_out,corridor,1,33.4804369930297,33.4804369930297,18.42701007212243,18.42701007212243,5.726120641994896,5.726120641994896,19.211189235715675,False,
110-04184::PM,110-04184,PM,I66_EB,EASTBOUND,39157.0,501.0,1.0,2.0,16.375,17.0,18.125,15.134434070985575,16.802039262711844,18.48746529281409,201.1818733097105,0.4973425779247207,ridge_core,core_network,full_network,True,constrained,aggregate_all_days,corridor_held_out,corridor,1,-74.43395574086537,74.43395574086537,-11.87764423728936,11.87764423728936,21.747917568845168,21.747917568845168,36.0198391823333,False,
110-04185::AM,110-04185,AM,I66_EB,EASTBOUND,38500.0,501.0,1.0,2.0,6.875,7.5,9.0,6.641290479744734,7.500039306187055,9.05160972298724,144.61915459455022,0.3562801188472782,ridge_core,core_network,full_network,True,constrained,aggregate_all_days,corridor_held_out,corridor,1,-14.022571215315942,14.022571215315942,0.0023583712233232,0.0023583712233232,3.096583379234339,3.096583379234339,5.707170988591201,False,
110-04226::PM,110-04226,PM,VA267_EB,EASTBOUND,30304.0,301.0,1.0,12.0,16.25,17.375,18.875,15.801488131284533,17.04288141605013,18.52701023350735,163.53132613336916,0.455469901988015,ridge_core,core_network,full_network,True,constrained,aggregate_all_days,corridor_held_out,corridor,1,-26.910712122928047,26.910712122928047,-19.927115036992262,19.927115036992262,-20.87938598955894,20.87938598955894,22.57240438315975,False,
110-04227::AM,110-04227,AM,VA267_EB,EASTBOUND,31665.0,201.0,1.0,1.0,7.0,7.5,10.0,7.188714386661545,7.84192884706404,9.39215421641788,132.20638978538014,0.2964521434083045,ridge_core,core_network,full_network,True,constrained,aggregate_all_days,corridor_held_out,corridor,1,11.322863199692677,11.322863199692677,20.51573082384237,20.51573082384237,-36.47074701492716,36.47074701492716,22.769780346154068,False,
110-04227::MD,110-04227,MD,VA267_EB,EASTBOUND,31665.0,201.0,1.0,1.0,11.0,11.5,14.25,10.835066343677829,11.629904787526463,13.24199410519787,144.41566569120252,0.3302294553895024,ridge_core,core_network,full_network,True,constrained,aggregate_all_days,corridor_held_out,corridor,1,-9.896019379330385,9.896019379330385,7.79428725158791,7.79428725158791,-60.4803536881278,60.4803536881278,26.056886773015364,False,
110-04227::PM,110-04227,PM,VA267_EB,EASTBOUND,31665.0,201.0,1.0,1.0,16.25,17.25,18.25,15.656599225726508,16.77722936968336,18.5230522175532,171.98717950960167,0.3909466323544048,ridge_core,core_network,full_network,True,constrained,aggregate_all_days,corridor_held_out,corridor,1,-35.60404645640954,35.60404645640954,-28.366237818998314,28.366237818998314,16.38313305319201,16.38313305319201,26.784472442866623,False,
110-04228::AM,110-04228,AM,VA267_EB,EASTBOUND,31955.0,101.0,1.0,1.0,7.25,7.75,9.25,7.031081884745535,7.852366221891954,9.283986240727051,135.17426135889102,0.3645446975881991,ridge_core,core_network,full_network,True,constrained,aggregate_all_days,corridor_held_out,corridor,1,-13.135086915267902,13.135086915267902,6.141973313517219,6.141973313517219,2.039174443623182,2.039174443623182,7.105411557469434,False,
110-04231::AM,110-04231,AM,VA267_EB,EASTBOUND,31863.0,501.0,1.0,2.0,7.875,8.625,10.0,6.801490443259654,7.841065074689603,9.691379201932737,173.39332552038496,0.3597282519301121,ridge_core,core_network,full_network,True,constrained,aggregate_all_days,corridor_held_out,corridor,1,-64.41057340442075,64.41057340442075,-47.0360955186238,47.0360955186238,-18.5172478840358,18.5172478840358,43.32130560236012,False,
110-04232::AM,110-04232,AM,VA267_EB,EASTBOUND,32489.0,301.0,1.0,1.0,8.25,8.5,9.75,6.66825927381323,7.53097829491885,9.218352078282058,153.00556826812968,0.3383088723648709,ridge_core,core_network,full_network,True,constrained,aggregate_all_days,corridor_held_out,corridor,1,-94.90444357120622,94.90444357120622,-58.14130230486897,58.14130230486897,-31.898875303076544,31.898875303076544,61.64820705971725,False,
110-04232::MD,110-04232,MD,VA267_EB,EASTBOUND,32489.0,301.0,1.0,2.0,8.375,9.125,10.25,9.817457574460844,11.06363633895759,12.822013735671504,180.27336967263963,0.4147630124492693,ridge_core,core_network,full_network,True,constrained,aggregate_all_days,corridor_held_out,corridor,1,86.54745446765065,86.54745446765065,116.3181803374554,116.3181803374554,154.32082414029026,154.32082414029026,119.06215298179876,False,
110-05668::PM,110-05668,PM,VA28_SB,SOUTHBOUND,32962.0,205.0,5.0,2.0,17.5,18.0,19.125,15.3607192992878,16.960834661882384,18.87717070446622,210.9870843107051,0.45503696147719,ridge_core,core_network,full_network,True,constrained,aggregate_all_days,corridor_held_out,corridor,1,-128.35684204273193,128.35684204273193,-62.349920287056975,62.349920287056975,-14.869757732026798,14.869757732026798,68.5255066872719,False,
110-05669::MD,110-05669,MD,VA28_SB,SOUTHBOUND,31085.0,305.0,5.0,2.0,14.125,14.375,16.5,11.027443994013955,11.916701654928763,13.646017120720536,157.1143876023947,0.3395962678473075,ridge_core,core_network,full_network,True,constrained,aggregate_all_days,corridor_held_out,corridor,1,-185.85336035916256,185.85336035916256,-147.4979007042741,147.4979007042741,-171.23897275676794,171.23897275676794,168.19674460673488,False,
110-05669::PM,110-05669,PM,VA28_SB,SOUTHBOUND,31085.0,305.0,5.0,7.0,14.75,16.5,18.0,15.669013269888884,16.84486464303018,18.602840501906773,176.02963392107324,0.400790939667073,ridge_core,core_network,full_network,True,constrained,aggregate_all_days,corridor_held_out,corridor,1,55.14079619333305,55.14079619333305,20.691878581810883,20.691878581810883,36.17043011440636,36.17043011440636,37.334368296516764,False,
110-05670::MD,110-05670,MD,VA28_SB,SOUTHBOUND,32945.0,305.0,5.0,1.0,13.0,13.5,19.0,10.908925657057909,11.87222248578512,13.780420133478549,172.2896685852383,0.3354688078411266,ridge_core,core_network,full_network,True,constrained,aggregate_all_days,corridor_held_out,corridor,1,-125.46446057652548,125.46446057652548,-97.66665085289284,97.66665085289284,-313.1747919912872,313.1747919912872,178.76863447356848,False,
110-05670::PM,110-05670,PM,VA28_SB,SOUTHBOUND,32945.0,305.0,5.0,19.0,14.0,16.0,19.0,15.508591523524816,16.774230581150203,18.70166111398972,191.58417542789428,0.3963706464164823,ridge_core,core_network,full_network,True,constrained,aggregate_all_days,corridor_held_out,corridor,1,90.51549141148894,90.51549141148894,46.45383486901217,46.45383486901217,-17.90033316061667,17.90033316061667,51.62321981370592,False,
110-05671::PM,110-05671,PM,VA28_SB,SOUTHBOUND,32914.0,305.0,5.0,20.0,14.0,16.375,18.875,15.492124452711924,16.71134022999614,18.640364683355127,188.89441383859224,0.3872689782110821,ridge_core,core_network,full_network,True,constrained,aggregate_all_days,corridor_held_out,corridor,1,89.52746716271541,89.52746716271541,20.18041379976836,20.18041379976836,-14.078118998692377,14.078118998692377,41.26199998705872,False,
110-05672::MD,110-05672,MD,VA28_SB,SOUTHBOUND,32924.0,205.0,5.0,2.0,14.25,14.625,17.25,10.754025086329053,11.982062850976853,13.816436730075951,183.74469862481405,0.4010034925106545,ridge_core,core_network,full_network,True,constrained,aggregate_all_days,corridor_held_out,corridor,1,-209.7584948202569,209.7584948202569,-158.57622894138885,158.57622894138885,-206.0137961954428,206.0137961954428,191.44950665236289,False,
110-05672::PM,110-05672,PM,VA28_SB,SOUTHBOUND,32924.0,205.0,5.0,12.0,14.25,17.125,18.5,15.29857421533377,16.947537430109914,18.814700868988204,210.967599219266,0.4689715067750245,ridge_core,core_network,full_network,True,constrained,aggregate_all_days,corridor_held_out,corridor,1,62.91445292002624,62.91445292002624,-10.647754193405136,10.647754193405136,18.882052139292256,18.882052139292256,30.81475308424121,False,
110-05673::PM,110-05673,PM,VA28_SB,SOUTHBOUND,32272.0,305.0,5.0,1.0,16.25,17.25,18.5,15.539584687492134,16.8008570316281,18.666501281704765,187.61499565275795,0.4033597654860252,ridge_core,core_network,full_network,True,constrained,aggregate_all_days,corridor_held_out,corridor,1,-42.62491875047196,42.62491875047196,-26.948578102313903,26.948578102313903,9.990076902285878,9.990076902285878,26.52119125169058,False,
110-05674::PM,110-05674,PM,VA28_SB,SOUTHBOUND,35870.0,205.0,5.0,1.0,16.0,16.5,18.0,15.612126502093949,17.079084161963443,19.03597553119755,205.4309417462161,0.4284527873162562,ridge_core,core_network,full_network,True,constrained,aggregate_all_days,corridor_held_out,corridor,1,-23.27240987436319,23.27240987436319,34.74504971780661,34.74504971780661,62.15853187185303,62.15853187185303,40.05866382134094,False,
110-05676::AM,110-05676,AM,VA28_SB,SOUTHBOUND,36740.0,305.0,5.0,1.0,7.25,8.0,9.25,7.252517407006728,7.826365217411208,9.438406504570128,131.15334585380393,0.2625237533981692,ridge_core,core_network,full_network,True,constrained,aggregate_all_days,corridor_held_out,corridor,1,0.1510444204036787,0.1510444204036787,-10.41808695532751,10.41808695532751,11.3043902742076,11.3043902742076,7.291173883312929,False,
110-05677::AM,110-05677,AM,VA28_SB,SOUTHBOUND,36745.0,305.0,5.0,1.0,7.5,8.25,9.0,7.254741902864383,7.822658845012992,9.421745864108058,130.02023767462043,0.2620747134318448,ridge_core,core_network,full_network,True,constrained,aggregate_all_days,corridor_held_out,corridor,1,-14.715485828136998,14.715485828136998,-25.6404692992205,25.6404692992205,25.30475184648345,25.30475184648345,21.886902324613647,False,
110-07184::PM,110-07184,PM,VA28_SB,SOUTHBOUND,31815.0,205.0,5.0,2.0,17.375,18.0,19.125,15.4287471068696,16.91763947507718,18.73583977503969,198.42556009020527,0.4502118681274893,ridge_core,core_network,full_network,True,constrained,aggregate_all_days,corridor_held_out,corridor,1,-116.77517358782396,116.77517358782396,-64.94163149536917,64.94163149536917,-23.34961349761862,23.34961349761862,68.35547286027058,False,
110-07941::PM,110-07941,PM,VA28_SB,SOUTHBOUND,38579.0,603.0,3.0,1.0,15.0,16.0,16.75,15.161515151806793,16.511494645349224,18.039531268164595,172.68096698146806,0.4690659951032043,ridge_core,core_network,full_network,True,constrained,aggregate_all_days,corridor_held_out,corridor,1,9.690909108407553,9.690909108407553,30.689678720953424,30.689678720953424,77.37187608987568,77.37187608987568,39.25082130641222,False,
110-07943::PM,110-07943,PM,VA28_SB,SOUTHBOUND,39281.0,302.0,2.0,19.0,15.0,17.0,18.25,15.193325975215714,16.57656111838642,18.44277247631996,194.96679006625445,0.4256833102808884,ridge_core,core_network,full_network,True,constrained,aggregate_all_days,corridor_held_out,corridor,1,11.59955851294285,11.59955851294285,-25.40633289681488,25.40633289681488,11.56634857919734,11.56634857919734,16.19074666298502,False,
110-07950::AM,110-07950,AM,VA28_SB,SOUTHBOUND,,,,2.0,6.875,7.125,9.0,6.734113698192513,7.837066945494645,9.570396557892948,170.17697158202603,0.388872796494855,ridge_core,core_network,full_network,True,constrained,aggregate_all_days,corridor_held_out,corridor,1,-8.453178108449197,8.453178108449197,42.72401672967872,42.72401672967872,34.2237934735768,34.2237934735768,28.466996103901568,False,
110-07950::MD,110-07950,MD,VA28_SB,SOUTHBOUND,,,,1.0,11.5,12.5,18.0,10.274716461274886,11.61065236999787,13.426547915936586,189.109887279702,0.4238601993603036,ridge_core,core_network,full_network,True,constrained,aggregate_all_days,corridor_held_out,corridor,1,-73.5170123235068,73.5170123235068,-53.36085780012777,53.36085780012777,-274.4071250438048,274.4071250438048,133.76166505581313,False,
110-07950::PM,110-07950,PM,VA28_SB,SOUTHBOUND,,,,22.0,13.25,17.25,20.0,14.90695471611732,16.708746481364233,18.571176198522902,219.85328894433525,0.4917256704864973,ridge_core,core_network,full_network,True,constrained,aggregate_all_days,corridor_held_out,corridor,1,99.41728296703914,99.41728296703914,-32.47521111814599,32.47521111814599,-85.72942808862564,85.72942808862564,72.54064072460359,False,
110-07951::PM,110-07951,PM,VA28_SB,SOUTHBOUND,,,,20.0,14.5,17.5,19.5,14.90695471611732,16.708746481364233,18.571176198522902,219.85328894433525,0.4917256704864973,ridge_core,core_network,full_network,True,constrained,aggregate_all_days,corridor_held_out,corridor,1,24.417282967039142,24.417282967039142,-47.47521111814599,47.47521111814599,-55.72942808862564,55.72942808862564,42.54064072460359,False,
110-07952::AM,110-07952,AM,VA28_SB,SOUTHBOUND,,,,2.0,7.25,7.5,8.875,6.734113698192513,7.837066945494645,9.570396557892948,170.17697158202603,0.388872796494855,ridge_core,core_network,full_network,True,constrained,aggregate_all_days,corridor_held_out,corridor,1,-30.9531781084492,30.9531781084492,20.22401672967872,20.22401672967872,41.7237934735768,41.7237934735768,30.966996103901568,False,
110-07952::PM,110-07952,PM,VA28_SB,SOUTHBOUND,,,,16.0,13.0,16.625,19.75,14.90695471611732,16.708746481364233,18.571176198522902,219.85328894433525,0.4917256704864973,ridge_core,core_network,full_network,True,constrained,aggregate_all_days,corridor_held_out,corridor,1,114.41728296703914,114.41728296703914,5.024788881854008,5.024788881854008,-70.72942808862564,70.72942808862564,63.39049997917292,False,
110-18119::AM,110-18119,AM,VA619_WB,WESTBOUND,38523.0,404.0,4.0,1.0,6.75,7.25,8.25,6.347461550060215,7.285963644839754,9.263447682648495,174.95916795529686,0.3218472421014249,ridge_core,core_network,full_network,True,constrained,aggregate_all_days,corridor_held_out,corridor,1,-24.15230699638709,24.15230699638709,2.157818690385227,2.157818690385227,60.80686095890982,60.80686095890982,29.03899554856072,False,
110N04146::MD,110N04146,MD,I95_SB,SOUTHBOUND,38965.0,601.0,1.0,3.0,11.25,14.25,17.0,10.679063766887312,12.39518643831961,15.436987329568126,285.4754137608488,0.36068731429249,ridge_core,core_network,full_network,True,constrained,aggregate_all_days,corridor_held_out,corridor,1,-34.25617398676128,34.25617398676128,-111.28881370082335,111.28881370082335,-93.78076022591245,93.78076022591245,79.77524930449903,False,
110N04146::PM,110N04146,PM,I95_SB,SOUTHBOUND,38965.0,601.0,1.0,8.0,15.0,16.25,17.75,14.948087775433525,16.79580479659934,19.371811264952694,265.42340937115017,0.4176836607313926,ridge_core,core_network,full_network,True,constrained,aggregate_all_days,corridor_held_out,corridor,1,-3.1147334739885224,3.1147334739885224,32.74828779596049,32.74828779596049,97.30867589716162,97.30867589716162,44.39056572237021,False,
110N04147::MD,110N04147,MD,I95_SB,SOUTHBOUND,38986.0,501.0,1.0,1.0,12.5,14.5,16.0,10.755275289019751,12.53016965669957,15.083161247422735,259.6731575041789,0.4101065473395154,ridge_core,core_network,full_network,True,constrained,aggregate_all_days,corridor_held_out,corridor,1,-104.6834826588148,104.6834826588148,-118.1898205980258,118.1898205980258,-55.010325154635886,55.010325154635886,92.62787613715882,False,
110N04147::PM,110N04147,PM,I95_SB,SOUTHBOUND,38986.0,501.0,1.0,11.0,15.25,16.0,17.75,15.029090051683584,16.889480568715037,18.99866480142031,238.1744849842035,0.4686624221284253,ridge_core,core_network,full_network,True,constrained,aggregate_all_days,corridor_held_out,corridor,1,-13.254596898984872,13.254596898984872,53.3688341229022,53.3688341229022,74.91988808521867,74.91988808521867,47.18110636903524,False,
110N04148::MD,110N04148,MD,I95_SB,SOUTHBOUND,38977.0,501.0,1.0,5.0,9.75,12.0,16.25,10.652682933631937,12.204161049620344,14.461917158501878,228.55405349219643,0.407293966293548,ridge_core,core_network,full_network,True,constrained,aggregate_all_days,corridor_held_out,corridor,1,54.1609760179162,54.1609760179162,12.24966297722066,12.24966297722066,-107.28497048988731,107.28497048988731,57.89853649500805,False,
110N04148::PM,110N04148,PM,I95_SB,SOUTHBOUND,38977.0,501.0,1.0,4.0,14.625,16.125,18.25,15.009843384179463,16.751363613520347,18.729665849507164,223.18934791966217,0.4681729425459186,ridge_core,core_network,full_network,True,constrained,aggregate_all_days,corridor_held_out,corridor,1,23.090603050767804,23.090603050767804,37.58181681122082,37.58181681122082,28.77995097042984,28.77995097042984,29.81745694413949,False,
110N04149::MD,110N04149,MD,I95_SB,SOUTHBOUND,39106.0,501.0,1.0,2.0,10.25,11.375,16.0,11.105040497246907,11.76575787185001,13.627748431304331,151.36247604344553,0.2619079940579689,ridge_core,core_network,full_network,True,constrained,aggregate_all_days,corridor_held_out,corridor,1,51.30242983481445,51.30242983481445,23.445472311000582,23.445472311000582,-142.33509412174013,142.33509412174013,72.36099875585172,False,
110N04149::PM,110N04149,PM,I95_SB,SOUTHBOUND,39106.0,501.0,1.0,7.0,14.75,16.25,18.0,15.259954697197626,16.22247879428118,17.84697944654927,155.2214849610986,0.3720583258141537,ridge_core,core_network,full_network,True,constrained,aggregate_all_days,corridor_held_out,corridor,1,30.59728183185758,30.59728183185758,-1.6512723431291931,1.6512723431291931,-9.181233207043816,9.181233207043816,13.80992912734353,False,
110N04150::MD,110N04150,MD,I95_SB,SOUTHBOUND,40988.0,201.0,1.0,1.0,10.5,11.5,13.75,11.006364922499577,12.365837513672153,14.971084498733031,237.8831745740073,0.3428924959338726,ridge_core,core_network,full_network,True,constrained,aggregate_all_days,corridor_held_out,corridor,1,30.3818953499745,30.3818953499745,51.95025082032906,51.95025082032906,73.26506992398187,73.26506992398187,51.86573869809515,False,
110N04151::MD,110N04151,MD,I95_SB,SOUTHBOUND,38820.0,301.0,1.0,2.0,11.875,12.75,14.25,10.776652214937092,12.18132608567138,14.535319265148882,225.52002301270736,0.3737159615282068,ridge_core,core_network,full_network,True,constrained,aggregate_all_days,corridor_held_out,corridor,1,-65.90086710377446,65.90086710377446,-34.12043485971722,34.12043485971722,17.11915590893291,17.11915590893291,39.0468192908082,False,
110N04152::AM,110N04152,AM,I95_SB,SOUTHBOUND,39081.0,201.0,1.0,1.0,7.5,8.5,9.75,6.810607993910191,7.54775120417247,9.277981305500989,148.04239869544776,0.2987562550018097,ridge_core,core_network,full_network,True,constrained,aggregate_all_days,corridor_held_out,corridor,1,-41.36352036538856,41.36352036538856,-57.13492774965181,57.13492774965181,-28.3211216699408,28.3211216699408,42.27318992832705,False,
110N04152::MD,110N04152,MD,I95_SB,SOUTHBOUND,39081.0,201.0,1.0,1.0,10.25,12.0,21.25,10.807181812890946,12.17309435822309,14.613025315252024,228.3506101416647,0.3588987682979491,ridge_core,core_network,full_network,True,constrained,aggregate_all_days,corridor_held_out,corridor,1,33.430908773456736,33.430908773456736,10.385661493385356,10.385661493385356,-398.2184810848786,398.2184810848786,147.34501711724022,False,
110N04152::PM,110N04152,PM,I95_SB,SOUTHBOUND,39081.0,201.0,1.0,6.0,10.125,16.125,21.0,15.264857867525707,16.88322223262379,19.17714421684037,234.73718095888003,0.4136620432657182,ridge_core,core_network,full_network,True,constrained,aggregate_all_days,corridor_held_out,corridor,1,308.39147205154245,308.39147205154245,45.493333957427424,45.493333957427424,-109.37134698957748,109.37134698957748,154.41871766618246,False,
110N04153::MD,110N04153,MD,I95_SB,SOUTHBOUND,31935.0,501.0,1.0,7.0,9.5,11.5,21.0,10.697031030155731,12.31986282494916,14.42358935985335,223.5934997818571,0.4354773630834617,ridge_core,core_network,full_network,True,constrained,aggregate_all_days,corridor_held_out,corridor,1,71.82186180934387,71.82186180934387,49.19176949694961,49.19176949694961,-394.584638408799,394.584638408799,171.8660899050308,False,
110N04153::PM,110N04153,PM,I95_SB,SOUTHBOUND,31935.0,501.0,1.0,10.0,10.5,16.625,20.5,15.162338478932504,17.07523366283422,19.036730109530414,232.4634978358747,0.4937278846037847,ridge_core,core_network,full_network,True,constrained,aggregate_all_days,corridor_held_out,corridor,1,279.7403087359503,279.7403087359503,27.01401977005311,27.01401977005311,-87.79619342817519,87.79619342817519,131.5168406447262,False,
110N04154::MD,110N04154,MD,I95_SB,SOUTHBOUND,31926.0,401.0,1.0,4.0,10.25,11.5,13.25,10.786525426196434,12.360652917365291,14.62841316251596,230.5132641791716,0.4097276128835694,ridge_core,core_network,full_network,True,constrained,aggregate_all_days,corridor_held_out,corridor,1,32.19152557178603,32.19152557178603,51.63917504191758,51.63917504191758,82.70478975095759,82.70478975095759,55.511830121553736,False,
110N04154::PM,110N04154,PM,I95_SB,SOUTHBOUND,31926.0,401.0,1.0,18.0,14.5,17.5,19.875,15.244809413500114,17.01783800529814,19.073824369164683,229.74089733987407,0.4630508400535352,ridge_core,core_network,full_network,True,constrained,aggregate_all_days,corridor_held_out,corridor,1,44.68856481000685,44.68856481000685,-28.929719682111497,28.929719682111497,-48.070537850119024,48.070537850119024,40.56294078074579,False,
110N04155::AM,110N04155,AM,I95_SB,SOUTHBOUND,32090.0,301.0,1.0,2.0,7.375,8.0,9.375,6.765805165141117,7.593821512580961,9.271261886010214,150.3274032521458,0.3304851927965535,ridge_core,core_network,full_network,True,constrained,aggregate_all_days,corridor_held_out,corridor,1,-36.551690091532976,36.551690091532976,-24.370709245142343,24.370709245142343,-6.224286839387183,6.224286839387183,22.382228725354167,False,
110N04155::MD,110N04155,MD,I95_SB,SOUTHBOUND,32090.0,301.0,1.0,1.0,13.25,14.0,18.75,10.725223625747546,12.39836375782614,14.89783356042275,250.35659608051225,0.400981677720333,ridge_core,core_network,full_network,True,constrained,aggregate_all_days,corridor_held_out,corridor,1,-151.48658245514724,151.48658245514724,-96.09817453043163,96.09817453043163,-231.129986374635,231.129986374635,159.5715811200713,False,
110N04155::PM,110N04155,PM,I95_SB,SOUTHBOUND,32090.0,301.0,1.0,12.0,15.5,17.25,18.75,15.162157577246186,16.84197481341786,18.94377843416595,226.8972514151857,0.4442056196876207,ridge_core,core_network,full_network,True,constrained,aggregate_all_days,corridor_held_out,corridor,1,-20.270545365228863,20.270545365228863,-24.481511194928416,24.481511194928416,11.626706049956963,11.626706049956963,18.79292087003808,False,
110N04156::MD,110N04156,MD,I95_SB,SOUTHBOUND,32261.0,201.0,1.0,2.0,11.625,12.25,14.5,10.968715905979698,12.594075354656017,15.338277226052792,262.17367920438573,0.3719731409214162,ridge_core,core_network,full_network,True,constrained,aggregate_all_days,corridor_held_out,corridor,1,-39.377045641218125,39.377045641218125,20.644521279361,20.644521279361,50.29663356316753,50.29663356316753,36.77273349458222,False,
110N04156::PM,110N04156,PM,I95_SB,SOUTHBOUND,32261.0,201.0,1.0,9.0,15.5,17.25,18.5,15.391766491161867,17.05602887507488,19.39700315883004,240.31420006009043,0.4155216088346498,ridge_core,core_network,full_network,True,constrained,aggregate_all_days,corridor_held_out,corridor,1,-6.494010530287859,6.494010530287859,-11.638267495507222,11.638267495507222,53.82018952980253,53.82018952980253,23.984155851865875,False,
110N04157::MD,110N04157,MD,I95_SB,SOUTHBOUND,31305.0,501.0,1.0,2.0,13.5,14.25,17.75,11.075287851419086,11.898728622286168,13.478390578335004,144.18616361495512,0.3426573328073514,ridge_core,core_network,full_network,True,constrained,aggregate_all_days,corridor_held_out,corridor,1,-145.48272891485485,145.48272891485485,-141.07628266282995,141.07628266282995,-256.2965652998998,256.2965652998998,180.95185895919485,False,
110N04157::PM,110N04157,PM,I95_SB,SOUTHBOUND,31305.0,501.0,1.0,14.0,14.5,16.875,18.625,15.977612983420292,17.090661135865034,18.7055649808442,163.67711984543428,0.4080160330884967,ridge_core,core_network,full_network,True,constrained,aggregate_all_days,corridor_held_out,corridor,1,88.65677900521749,88.65677900521749,12.939668151902026,12.939668151902026,4.83389885065165,4.83389885065165,35.47678200259039,False,
110N04158::MD,110N04158,MD,I95_SB,SOUTHBOUND,31299.0,501.0,1.0,2.0,11.875,12.75,17.625,11.804101671746189,12.810631057534849,14.93951060033175,188.12453571513385,0.3210201312537317,ridge_core,core_network,full_network,True,constrained,aggregate_all_days,corridor_held_out,corridor,1,-4.253899695228789,4.253899695228789,3.6378634520908193,3.6378634520908193,-161.12936398009495,161.12936398009495,56.340375709138186,False,
110N04158::PM,110N04158,PM,I95_SB,SOUTHBOUND,31299.0,501.0,1.0,16.0,14.75,16.75,18.25,15.44028599747858,16.99731920993313,18.613159831336823,190.37243003149467,0.4907327848460913,ridge_core,core_network,full_network,True,constrained,aggregate_all_days,corridor_held_out,corridor,1,41.41715984871485,41.41715984871485,14.839152595987883,14.839152595987883,21.78958988020959,21.78958988020959,26.01530077497078,False,
110N04162::AM,110N04162,AM,I66_EB,EASTBOUND,25947.0,101.0,1.0,4.0,7.5,8.375,9.25,7.205847512122207,7.957873104849291,9.367098357077648,129.67505069732647,0.3479584956472689,ridge_core,core_network,full_network,True,constrained,aggregate_all_days,corridor_held_out,corridor,1,-17.649149272667568,17.649149272667568,-25.027613709042527,25.027613709042527,7.025901424658869,7.025901424658869,16.567554802122988,False,
110N04162::PM,110N04162,PM,I66_EB,EASTBOUND,25947.0,101.0,1.0,1.0,14.5,15.0,16.0,15.760138570131163,17.085349598868632,18.745308145455148,179.11017451943897,0.4439315741698333,ridge_core,core_network,full_network,True,constrained,aggregate_all_days,corridor_held_out,corridor,1,75.6083142078698,75.6083142078698,125.12097593211791,125.12097593211791,164.71848872730888,164.71848872730888,121.81592628909888,False,
110N04163::PM,110N04163,PM,I66_EB,EASTBOUND,26303.0,101.0,1.0,1.0,15.25,16.5,19.5,15.741574083959836,16.94403725423283,18.40036419354384,159.5274065750398,0.4522595318594493,ridge_core,core_network,full_network,True,constrained,aggregate_all_days,corridor_held_out,corridor,1,29.494445037590182,29.494445037590182,26.6422352539697,26.6422352539697,-65.97814838737001,65.97814838737001,40.70494289297663,False,
110N04164::AM,110N04164,AM,I66_EB,EASTBOUND,26747.0,501.0,1.0,1.0,8.0,8.25,9.5,7.329082050451076,7.920341413566748,9.45577239795888,127.6014208504683,0.2780185483084307,ridge_core,core_network,full_network,True,constrained,aggregate_all_days,corridor_held_out,corridor,1,-40.25507697293545,40.25507697293545,-19.779515185995145,19.779515185995145,-2.653656122467112,2.653656122467112,20.8960827604659,False,
110N04164::PM,110N04164,PM,I66_EB,EASTBOUND,26747.0,501.0,1.0,6.0,15.5,16.5,18.0,15.134979517810203,16.46266527312947,18.43776401058429,198.1670695664453,0.4019898235031716,ridge_core,core_network,full_network,True,constrained,aggregate_all_days,corridor_held_out,corridor,1,-21.901228931387813,21.901228931387813,-2.240083612231772,2.240083612231772,26.26584063505753,26.26584063505753,16.80238439289237,False,
110N04165::PM,110N04165,PM,I66_EB,EASTBOUND,26749.0,501.0,1.0,2.0,16.75,17.75,18.875,15.12760224228964,16.47486484991371,18.40825938721813,196.83942869570944,0.4106685179543317,ridge_core,core_network,full_network,True,constrained,aggregate_all_days,corridor_held_out,corridor,1,-97.3438654626217,97.3438654626217,-76.50810900517733,76.50810900517733,-28.004436766912164,28.004436766912164,67.2854704115704,False,
110N04166::MD,110N04166,MD,I66_EB,EASTBOUND,26752.0,201.0,1.0,1.0,10.75,11.25,12.75,11.694867594314754,12.595461744978817,14.855683559164463,189.6489578909826,0.2849245766533844,ridge_core,core_network,full_network,True,constrained,aggregate_all_days,corridor_held_out,corridor,1,56.69205565888525,56.69205565888525,80.727704698729,80.727704698729,126.3410135498679,126.3410135498679,87.92025796916072,False,
110N04167::MD,110N04167,MD,I66_EB,EASTBOUND,25608.0,501.0,1.0,9.0,9.5,10.25,11.75,10.414442922395416,11.40838308625314,13.190809572679576,166.58199901704972,0.3580003252653942,ridge_core,core_network,full_network,True,constrained,aggregate_all_days,corridor_held_out,corridor,1,54.866575343724975,54.866575343724975,69.50298517518831,69.50298517518831,86.44857436077459,86.44857436077459,70.27271162656263,False,
110N04167::PM,110N04167,PM,I66_EB,EASTBOUND,25608.0,501.0,1.0,20.0,14.0,17.25,19.75,15.114390384539032,16.497337792348837,18.35467390720963,194.417011360236,0.4267982718592472,ridge_core,core_network,full_network,True,constrained,aggregate_all_days,corridor_held_out,corridor,1,66.86342307234192,66.86342307234192,-45.15973245906977,45.15973245906977,-83.7195655674222,83.7195655674222,65.2475736996113,False,
110N04168::MD,110N04168,MD,I66_EB,EASTBOUND,26753.0,501.0,1.0,10.0,9.5,10.25,11.5,10.547986060024792,11.399374092844386,13.125721477600504,154.66412505454272,0.3302852678419188,ridge_core,core_network,full_network,True,constrained,aggregate_all_days,corridor_held_out,corridor,1,62.87916360148753,62.87916360148753,68.96244557066318,68.96244557066318,97.5432886560302,97.5432886560302,76.46163260939363,False,
110N04168::PM,110N04168,PM,I66_EB,EASTBOUND,26753.0,501.0,1.0,18.0,14.25,17.25,19.75,15.309149790405536,16.493992600843658,18.31037641804638,180.07359765845058,0.3947861849304874,ridge_core,core_network,full_network,True,constrained,aggregate_all_days,corridor_held_out,corridor,1,63.548987424332175,63.548987424332175,-45.360443949380524,45.360443949380524,-86.37741491721712,86.37741491721712,65.09561543030993,False,
110N04169::MD,110N04169,MD,I66_EB,EASTBOUND,26736.0,201.0,1.0,3.0,9.5,10.0,11.25,11.573395864646312,12.56959737376638,14.69875253420947,187.5214001737894,0.31874810283951,ridge_core,core_network,full_network,True,constrained,aggregate_all_days,corridor_held_out,corridor,1,124.4037518787788,124.4037518787788,154.17584242598278,154.17584242598278,206.92515205256825,206.92515205256825,161.83491545244328,False,
110N04169::PM,110N04169,PM,I66_EB,EASTBOUND,26736.0,201.0,1.0,20.0,15.0,17.5,19.5,15.943076413775035,17.073321718742804,18.961666553825943,181.1154084030545,0.3744282106972985,ridge_core,core_network,full_network,True,constrained,aggregate_all_days,corridor_held_out,corridor,1,56.58458482650211,56.58458482650211,-25.600696875431765,25.600696875431765,-32.300006770443446,32.300006770443446,38.16176282412577,False,
110N04170::PM,110N04170,PM,I66_EB,EASTBOUND,26735.0,201.0,1.0,21.0,15.25,17.5,19.25,15.93831629773695,17.042485104657015,18.85403934586102,174.94338288744413,0.3786946800830311,ridge_core,core_network,full_network,True,constrained,aggregate_all_days,corridor_held_out,corridor,1,41.29897786421701,41.29897786421701,-27.45089372057912,27.45089372057912,-23.757639248338904,23.757639248338904,30.835836944378343,False,
110N04171::PM,110N04171,PM,I66_EB,EASTBOUND,26732.0,201.0,1.0,15.0,15.25,17.5,19.0,15.931873875214832,17.021435745148963,18.738777774717672,168.41423397017027,0.3881721316241405,ridge_core,core_network,full_network,True,constrained,aggregate_all_days,corridor_held_out,corridor,1,40.91243251289001,40.91243251289001,-28.7138552910622,28.7138552910622,-15.673333516939678,15.673333516939678,28.43320710696396,False,
110N04172::PM,110N04172,PM,I66_EB,EASTBOUND,26732.0,201.0,1.0,19.0,15.5,17.5,19.0,15.931873875214832,17.021435745148963,18.738777774717672,168.41423397017027,0.3881721316241405,ridge_core,core_network,full_network,True,constrained,aggregate_all_days,corridor_held_out,corridor,1,25.912432512890007,25.912432512890007,-28.7138552910622,28.7138552910622,-15.673333516939678,15.673333516939678,23.43320710696396,False,
110N04173::PM,110N04173,PM,I66_EB,EASTBOUND,32563.0,301.0,1.0,14.0,15.5,17.375,18.75,15.693366624601865,17.036503996288992,18.71384786516085,181.2288744335397,0.4446766143260529,ridge_core,core_network,full_network,True,constrained,aggregate_all_days,corridor_held_out,corridor,1,11.60199747611177,11.60199747611177,-20.30976022266045,20.30976022266045,-2.169128090348522,2.169128090348522,11.36029526304025,False,
110N04174::PM,110N04174,PM,I66_EB,EASTBOUND,32572.0,301.0,1.0,3.0,16.75,17.75,18.75,15.688608066409016,16.944914107610405,18.6792172022186,179.4365481485752,0.420083663277279,ridge_core,core_network,full_network,True,constrained,aggregate_all_days,corridor_held_out,corridor,1,-63.68351601545907,63.68351601545907,-48.30515354337571,48.30515354337571,-4.246967866883864,4.246967866883864,38.74521247523955,False,
110N04176::AM,110N04176,AM,I66_EB,EASTBOUND,35779.0,501.0,1.0,3.0,7.0,8.25,9.5,6.574206276100173,7.65355571882426,9.302793494429515,163.71523309976067,0.3955708050941285,ridge_core,core_network,full_network,True,constrained,aggregate_all_days,corridor_held_out,corridor,1,-25.54762343398961,25.54762343398961,-35.78665687054438,35.78665687054438,-11.832390334228968,11.832390334228968,24.388890212920984,False,
110N04176::MD,110N04176,MD,I66_EB,EASTBOUND,35779.0,501.0,1.0,1.0,8.5,9.25,10.5,10.964009204321002,12.112775367384856,14.189793460659798,193.5470553803277,0.3561199608456398,ridge_core,core_network,full_network,True,constrained,aggregate_all_days,corridor_held_out,corridor,1,147.8405522592601,147.8405522592601,171.76652204309136,171.76652204309136,221.38760763958788,221.38760763958788,180.33156064731315,False,
110N04176::PM,110N04176,PM,I66_EB,EASTBOUND,35779.0,501.0,1.0,1.0,17.25,17.5,18.25,15.423441525341705,16.960907097110738,19.00053046784067,214.6253365499379,0.429809153891196,ridge_core,core_network,full_network,True,constrained,aggregate_all_days,corridor_held_out,corridor,1,-109.59350847949771,109.59350847949771,-32.34557417335573,32.34557417335573,45.03182807044013,45.03182807044013,62.32363690776453,False,
110N04177::AM,110N04177,AM,I66_EB,EASTBOUND,31357.0,201.0,1.0,10.0,6.875,8.0,9.375,6.977788533027875,7.784701989099556,9.650900578266922,160.3867227143429,0.3018629381842922,ridge_core,core_network,full_network,True,constrained,aggregate_all_days,corridor_held_out,corridor,1,6.167311981672476,6.167311981672476,-12.917880654026632,12.917880654026632,16.554034696015343,16.554034696015343,11.879742443904815,False,
110N04177::MD,110N04177,MD,I66_EB,EASTBOUND,31357.0,201.0,1.0,5.0,12.5,13.25,15.0,10.92696819375116,12.344562973211335,14.887214955421229,237.6148057002041,0.3579561741406144,ridge_core,core_network,full_network,True,constrained,aggregate_all_days,corridor_held_out,corridor,1,-94.38190837493042,94.38190837493042,-54.32622160731988,54.32622160731988,-6.767102674726289,6.767102674726289,51.82507755232552,False,
110N04177::PM,110N04177,PM,I66_EB,EASTBOUND,31357.0,201.0,1.0,9.0,14.25,16.25,18.75,15.383192601986144,16.88281003569667,19.104282620812864,223.2654011296032,0.4030048792486254,ridge_core,core_network,full_network,True,constrained,aggregate_all_days,corridor_held_out,corridor,1,67.99155611916862,67.99155611916862,37.96860214180029,37.96860214180029,21.256957248771823,21.256957248771823,42.40570516991358,False,
110N04178::AM,110N04178,AM,I66_EB,EASTBOUND,31795.0,201.0,1.0,12.0,6.5,7.875,10.375,7.052038682895775,7.850979931698927,9.55665273905072,150.27684336929676,0.3189877685305645,ridge_core,core_network,full_network,True,constrained,aggregate_all_days,corridor_held_out,corridor,1,33.122320973746504,33.122320973746504,-1.4412040980643503,1.4412040980643503,-49.100835656956754,49.100835656956754,27.888120242922536,False,
110N04178::MD,110N04178,MD,I66_EB,EASTBOUND,31795.0,201.0,1.0,8.0,10.0,11.0,14.125,10.986210927130838,12.321365662766958,14.564444355432494,214.6940056980993,0.3731323745052116,ridge_core,core_network,full_network,True,constrained,aggregate_all_days,corridor_held_out,corridor,1,59.17265562785026,59.17265562785026,79.28193976601747,79.28193976601747,26.366661325949643,26.366661325949643,54.9404189066058,False,
110N04178::PM,110N04178,PM,I66_EB,EASTBOUND,31795.0,201.0,1.0,6.0,14.375,16.875,18.75,15.468646315106474,16.899738088975937,18.875955031655742,204.4385229929564,0.4200064898489125,ridge_core,core_network,full_network,True,constrained,aggregate_all_days,corridor_held_out,corridor,1,65.61877890638843,65.61877890638843,1.4842853385562194,1.4842853385562194,7.5573018993447505,7.5573018993447505,24.88678871476313,False,
110N04179::AM,110N04179,AM,I66_EB,EASTBOUND,31804.0,201.0,1.0,19.0,6.5,8.0,11.0,7.06101862213054,7.859002066068679,9.54636117304869,149.12055305508898,0.3210758386779894,ridge_core,core_network,full_network,True,constrained,aggregate_all_days,corridor_held_out,corridor,1,33.661117327832386,33.661117327832386,-8.459876035879272,8.459876035879272,-87.21832961707864,87.21832961707864,43.11310766026344,False,
110N04179::MD,110N04179,MD,I66_EB,EASTBOUND,31804.0,201.0,1.0,2.0,13.625,14.25,17.0,10.961608382703718,12.197074677312315,14.305538206664934,200.63578943767297,0.3694653774597055,ridge_core,core_network,full_network,True,constrained,aggregate_all_days,corridor_held_out,corridor,1,-159.80349703777694,159.80349703777694,-123.17551936126108,123.17551936126108,-161.66770760010394,161.66770760010394,148.21557466638066,False,
110N04179::PM,110N04179,PM,I66_EB,EASTBOUND,31804.0,201.0,1.0,16.0,14.125,17.5,19.25,15.47785894537942,16.888771899722983,18.826675867241875,200.9290153117473,0.4213168373381484,ridge_core,core_network,full_network,True,constrained,aggregate_all_days,corridor_held_out,corridor,1,81.17153672276523,81.17153672276523,-36.67368601662105,36.67368601662105,-25.399447965487525,25.399447965487525,47.74822356829126,False,
110N04180::AM,110N04180,AM,I66_EB,EASTBOUND,32856.0,501.0,1.0,16.0,7.0,8.0,10.0,6.907820697952728,7.683552727721472,9.532090160072562,157.45616772719006,0.2955992290296755,ridge_core,core_network,full_network,True,constrained,aggregate_all_days,corridor_held_out,corridor,1,-5.530758122836339,5.530758122836339,-18.986836336711672,18.986836336711672,-28.074590395646304,28.074590395646304,17.53072828506477,False,
110N04180::MD,110N04180,MD,I66_EB,EASTBOUND,32856.0,501.0,1.0,4.0,7.25,9.0,11.75,10.757884644790815,11.75737099370053,13.883720205226744,187.5501336261556,0.319750137070654,ridge_core,core_network,full_network,True,constrained,aggregate_all_days,corridor_held_out,corridor,1,210.473078687449,210.473078687449,165.44225962203177,165.44225962203177,128.02321231360466,128.02321231360466,167.97951687436182,False,
110N04180::PM,110N04180,PM,I66_EB,EASTBOUND,32856.0,501.0,1.0,5.0,14.75,15.5,18.5,15.337039071245822,16.67637971800606,18.81833111572989,208.877522669044,0.3847251622805837,ridge_core,core_network,full_network,True,constrained,aggregate_all_days,corridor_held_out,corridor,1,35.22234427474935,35.22234427474935,70.58278308036364,70.58278308036364,19.09986694379341,19.09986694379341,41.63499809963547,False,
110N04181::AM,110N04181,AM,I66_EB,EASTBOUND,32843.0,401.0,1.0,3.0,7.25,8.25,9.5,6.937141079733608,7.817421046986638,9.418243965247068,148.8661731308075,0.354793818665387,ridge_core,core_network,full_network,True,constrained,aggregate_all_days,corridor_held_out,corridor,1,-18.771535215983537,18.771535215983537,-25.954737180801715,25.954737180801715,-4.905362085176002,4.905362085176002,16.54387816065375,False,
110N04181::MD,110N04181,MD,I66_EB,EASTBOUND,32843.0,401.0,1.0,1.0,10.125,11.5,12.625,10.716164337015162,12.160267834567598,14.176298140510148,207.6080282096992,0.4173548133005112,ridge_core,core_network,full_network,True,constrained,aggregate_all_days,corridor_held_out,corridor,1,35.469860220909695,35.469860220909695,39.6160700740559,39.6160700740559,93.0778884306088,93.0778884306088,56.05460624185813,False,
110N04181::PM,110N04181,PM,I66_EB,EASTBOUND,32843.0,401.0,1.0,1.0,16.75,17.75,18.75,15.294515745954063,16.844108900633223,18.658094505258763,201.8147255582818,0.4606977465274169,ridge_core,core_network,full_network,True,constrained,aggregate_all_days,corridor_held_out,corridor,1,-87.32905524275608,87.32905524275608,-54.3534659620066,54.3534659620066,-5.51432968447422,5.51432968447422,49.06561696307896,False,
110N04183::AM,110N04183,AM,I66_EB,EASTBOUND,31833.0,201.0,1.0,13.0,6.75,8.25,9.75,6.981206625357314,7.804182338055699,9.70384521430216,163.35831533669074,0.3022713760247291,ridge_core,core_network,full_network,True,constrained,aggregate_all_days,corridor_held_out,corridor,1,13.872397521438824,13.872397521438824,-26.749059716658063,26.749059716658063,-2.769287141870436,2.769287141870436,14.463581459989108,False,
110N04183::MD,110N04183,MD,I66_EB,EASTBOUND,31833.0,201.0,1.0,2.0,8.375,9.125,10.375,10.980295992080054,12.211434947748804,14.607348242799578,217.6231350431716,0.3394323738855764,ridge_core,core_network,full_network,True,constrained,aggregate_all_days,corridor_held_out,corridor,1,156.31775952480322,156.31775952480322,185.18609686492823,185.18609686492823,253.94089456797468,253.94089456797468,198.4815836525688,False,
110N04184::AM,110N04184,AM,I66_EB,EASTBOUND,38167.0,301.0,1.0,17.0,6.25,7.5,9.75,6.56439315841742,7.360415750599359,9.027234672711144,147.77049085762337,0.3232130803228791,ridge_core,core_network,full_network,True,constrained,aggregate_all_days,corridor_held_out,corridor,1,18.863589505045223,18.863589505045223,-8.375054964038444,8.375054964038444,-43.36591963733138,43.36591963733138,23.53485470213835,False,
110N04184::MD,110N04184,MD,I66_EB,EASTBOUND,38167.0,301.0,1.0,1.0,13.5,14.75,16.25,10.487706042069728,11.616057121338072,13.62143692654642,188.02385306860145,0.3600663620663048,ridge_core,core_network,full_network,True,constrained,aggregate_all_days,corridor_held_out,corridor,1,-180.7376374758163,180.7376374758163,-188.0365727197156,188.0365727197156,-157.71378440721486,157.71378440721486,175.49599820091558,False,
110N04184::PM,110N04184,PM,I66_EB,EASTBOUND,38167.0,301.0,1.0,2.0,14.75,15.25,17.125,14.9708978308094,16.331962338260777,18.20441673840121,194.01113445550865,0.4209236272767119,ridge_core,core_network,full_network,True,constrained,aggregate_all_days,corridor_held_out,corridor,1,13.253869848564044,13.253869848564044,64.9177402956466,64.9177402956466,64.76500430407263,64.76500430407263,47.64553814942775,False,
110N04185::AM,110N04185,AM,I66_EB,EASTBOUND,39209.0,501.0,1.0,1.0,7.25,8.5,10.0,6.634082630798627,7.482767888536175,9.025710062056472,143.49764587547065,0.3548568002881591,ridge_core,core_network,full_network,True,constrained,aggregate_all_days,corridor_held_out,corridor,1,-36.95504215208239,36.95504215208239,-61.033926687829485,61.033926687829485,-58.45739627661168,58.45739627661168,52.14878837217452,False,
110N04226::PM,110N04226,PM,VA267_EB,EASTBOUND,30304.0,301.0,1.0,15.0,15.5,17.5,18.75,15.801488131284533,17.04288141605013,18.52701023350735,163.53132613336916,0.455469901988015,ridge_core,core_network,full_network,True,constrained,aggregate_all_days,corridor_held_out,corridor,1,18.08928787707196,18.08928787707196,-27.427115036992262,27.427115036992262,-13.37938598955894,13.37938598955894,19.63192963454105,False,
110N04227::AM,110N04227,AM,VA267_EB,EASTBOUND,31843.0,201.0,1.0,1.0,7.0,7.5,9.25,7.176091399171446,7.823960376428396,9.313890566131503,128.26795001760362,0.3030541817350489,ridge_core,core_network,full_network,True,constrained,aggregate_all_days,corridor_held_out,corridor,1,10.56548395028674,10.56548395028674,19.43762258570373,19.43762258570373,3.8334339678903007,3.8334339678903007,11.278846834626924,False,
110N04227::PM,110N04227,PM,VA267_EB,EASTBOUND,31843.0,201.0,1.0,1.0,16.75,17.5,18.5,15.636975416596508,16.741549353617327,18.40840116060781,166.28554464067798,0.3985580127512573,ridge_core,core_network,full_network,True,constrained,aggregate_all_days,corridor_held_out,corridor,1,-66.78147500420951,66.78147500420951,-45.50703878296041,45.50703878296041,-5.495930363531443,5.495930363531443,39.26148138356712,False,
110N04228::AM,110N04228,AM,VA267_EB,EASTBOUND,31980.0,101.0,1.0,1.0,7.25,7.75,10.25,7.223042058546866,8.059255983218243,9.39891374967419,130.55230146763932,0.3843121485891168,ridge_core,core_network,full_network,True,constrained,aggregate_all_days,corridor_held_out,corridor,1,-1.6174764871880143,1.6174764871880143,18.555358993094583,18.555358993094583,-51.06517501954862,51.06517501954862,23.74600349994374,False,
110N04228::MD,110N04228,MD,VA267_EB,EASTBOUND,31980.0,101.0,1.0,2.0,13.0,14.0,14.75,10.760016967245122,11.741618246719788,13.079129095806632,139.1467277136907,0.4232659850231262,ridge_core,core_network,full_network,True,constrained,aggregate_all_days,corridor_held_out,corridor,1,-134.3989819652927,134.3989819652927,-135.5029051968127,135.5029051968127,-100.25225425160208,100.25225425160208,123.38471380456916,False,
110N04230::MD,110N04230,MD,VA267_EB,EASTBOUND,32509.0,201.0,1.0,1.0,8.75,9.25,10.5,10.043121188438748,11.253308940960007,13.156099809883258,186.77871728667063,0.38875556169406,ridge_core,core_network,full_network,True,constrained,aggregate_all_days,corridor_held_out,corridor,1,77.58727130632491,77.58727130632491,120.19853645760054,120.19853645760054,159.3659885929955,159.3659885929955,119.05059878564032,False,
110N04232::AM,110N04232,AM,VA267_EB,EASTBOUND,32493.0,301.0,1.0,1.0,8.25,8.75,9.75,6.663706652070252,7.527746185045823,9.184315044698357,151.23650355768623,0.3427900722312056,ridge_core,core_network,full_network,True,constrained,aggregate_all_days,corridor_held_out,corridor,1,-95.17760087578492,95.17760087578492,-73.33522889725063,73.33522889725063,-33.9410973180987,33.9410973180987,67.48464236371142,False,
110N04232::MD,110N04232,MD,VA267_EB,EASTBOUND,32493.0,301.0,1.0,1.0,8.25,9.0,10.25,9.83220444103517,11.079004579962447,12.813822835350466,178.89710365891784,0.4181622105982467,ridge_core,core_network,full_network,True,constrained,aggregate_all_days,corridor_held_out,corridor,1,94.9322664621102,94.9322664621102,124.74027479774692,124.74027479774692,153.82937012102798,153.82937012102798,124.5006371269617,False,
110N04233::AM,110N04233,AM,VA267_EB,EASTBOUND,31878.0,201.0,1.0,1.0,8.25,8.5,9.5,6.9562062366288,7.755833463479009,9.60147349273041,158.71603536609658,0.3022859883082805,ridge_core,core_network,full_network,True,constrained,aggregate_all_days,corridor_held_out,corridor,1,-77.62762580227201,77.62762580227201,-44.64999219125946,44.64999219125946,6.088409563824584,6.088409563824584,42.78867585245202,False,
110N05668::PM,110N05668,PM,VA28_SB,SOUTHBOUND,31815.0,205.0,5.0,1.0,17.5,18.0,19.0,15.4287471068696,16.91763947507718,18.73583977503969,198.42556009020527,0.4502118681274893,ridge_core,core_network,full_network,True,constrained,aggregate_all_days,corridor_held_out,corridor,1,-124.27517358782396,124.27517358782396,-64.94163149536917,64.94163149536917,-15.84961349761862,15.84961349761862,68.35547286027058,False,
110N05670::MD,110N05670,MD,VA28_SB,SOUTHBOUND,32950.0,205.0,5.0,3.0,12.5,13.5,18.25,10.833738968957151,11.984633146863036,13.809491700414204,178.5451638874231,0.3867573289069483,ridge_core,core_network,full_network,True,constrained,aggregate_all_days,corridor_held_out,corridor,1,-99.97566186257092,99.97566186257092,-90.92201118821784,90.92201118821784,-266.43049797514783,266.43049797514783,152.44272367531218,False,
110N05670::PM,110N05670,PM,VA28_SB,SOUTHBOUND,32950.0,205.0,5.0,18.0,14.0,16.625,18.75,15.431411549815271,16.906947562730753,18.72300348135701,197.49551589250456,0.448274282962031,ridge_core,core_network,full_network,True,constrained,aggregate_all_days,corridor_held_out,corridor,1,85.88469298891627,85.88469298891627,16.916853763845197,16.916853763845197,-1.6197911185791014,1.6197911185791014,34.80711262378019,False,
110N05671::MD,110N05671,MD,VA28_SB,SOUTHBOUND,32938.0,305.0,5.0,2.0,13.375,13.875,18.625,10.833278678529917,11.746599204654698,13.695379809709024,171.72606787074656,0.3191084047224147,ridge_core,core_network,full_network,True,constrained,aggregate_all_days,corridor_held_out,corridor,1,-152.5032792882051,152.5032792882051,-127.70404772071812,127.70404772071812,-295.77721141745855,295.77721141745855,191.99484614212724,False,
110N05671::PM,110N05671,PM,VA28_SB,SOUTHBOUND,32938.0,305.0,5.0,16.0,14.0,16.375,18.875,15.458722612865005,16.684999632340837,18.68577192172184,193.6229585314101,0.3799994676592766,ridge_core,core_network,full_network,True,constrained,aggregate_all_days,corridor_held_out,corridor,1,87.52335677190018,87.52335677190018,18.599977940450216,18.599977940450216,-11.353684696689754,11.353684696689754,39.15900646968005,False,
110N05672::MD,110N05672,MD,VA28_SB,SOUTHBOUND,32906.0,305.0,5.0,1.0,14.0,14.5,18.25,10.86328365107725,11.729197514144444,13.48865976053404,157.5225665674075,0.3298246906217025,ridge_core,core_network,full_network,True,constrained,aggregate_all_days,corridor_held_out,corridor,1,-188.20298093536505,188.20298093536505,-166.24814915133328,166.24814915133328,-285.6804143679575,285.6804143679575,213.37718148488528,False,
110N05672::PM,110N05672,PM,VA28_SB,SOUTHBOUND,32906.0,305.0,5.0,15.0,14.0,17.0,18.75,15.533414564815672,16.704242386399624,18.519306082132363,179.1534910390014,0.3921200133339508,ridge_core,core_network,full_network,True,constrained,aggregate_all_days,corridor_held_out,corridor,1,92.00487388894032,92.00487388894032,-17.745456816022553,17.745456816022553,-13.841635072058196,13.841635072058196,41.19732192567369,False,
110N05673::PM,110N05673,PM,VA28_SB,SOUTHBOUND,32919.0,305.0,5.0,4.0,16.5,17.25,18.25,15.457456982574524,16.756316113338375,18.80630669992874,200.9309830412529,0.3878523195690088,ridge_core,core_network,full_network,True,constrained,aggregate_all_days,corridor_held_out,corridor,1,-62.55258104552858,62.55258104552858,-29.621033199697493,29.621033199697493,33.3784019957244,33.3784019957244,41.850672080316826,False,
110N05675::PM,110N05675,PM,VA28_SB,SOUTHBOUND,35870.0,205.0,5.0,1.0,16.75,17.0,18.0,15.612126502093949,17.079084161963443,19.03597553119755,205.4309417462161,0.4284527873162562,ridge_core,core_network,full_network,True,constrained,aggregate_all_days,corridor_held_out,corridor,1,-68.27240987436319,68.27240987436319,4.745049717806609,4.745049717806609,62.15853187185303,62.15853187185303,45.05866382134095,False,
110N05676::MD,110N05676,MD,VA28_SB,SOUTHBOUND,36875.0,305.0,5.0,1.0,14.5,14.75,15.75,11.253008145105554,12.19250045789996,14.242313429889313,179.35831708702543,0.3142844986681811,ridge_core,core_network,full_network,True,constrained,aggregate_all_days,corridor_held_out,corridor,1,-194.8195112936668,194.8195112936668,-153.44997252600237,153.44997252600237,-90.46119420664134,90.46119420664134,146.2435593421035,False,
110N05677::AM,110N05677,AM,VA28_SB,SOUTHBOUND,36733.0,305.0,5.0,2.0,7.5,7.75,9.125,7.2868501328759265,7.85041192593301,9.392884859187433,126.36208357869027,0.267593779920287,ridge_core,core_network,full_network,True,constrained,aggregate_all_days,corridor_held_out,corridor,1,-12.788992027444408,12.788992027444408,6.024715555980578,6.024715555980578,16.073091551245966,16.073091551245966,11.628933044890315,False,
110N05678::MD,110N05678,MD,VA28_SB,SOUTHBOUND,36018.0,305.0,5.0,1.0,7.75,9.0,10.25,11.24181997383278,12.15372849357552,14.155081857357796,174.79571301150094,0.3130197545575068,ridge_core,core_network,full_network,True,constrained,aggregate_all_days,corridor_held_out,corridor,1,209.5091984299669,209.5091984299669,189.2237096145313,189.2237096145313,234.30491144146777,234.30491144146777,211.012606495322,False,
110N07184::PM,110N07184,PM,VA28_SB,SOUTHBOUND,31815.0,205.0,5.0,11.0,14.875,16.125,18.125,15.4287471068696,16.91763947507718,18.73583977503969,198.42556009020527,0.4502118681274893,ridge_core,core_network,full_network,True,constrained,aggregate_all_days,corridor_held_out,corridor,1,33.22482641217604,33.22482641217604,47.55836850463084,47.55836850463084,36.65038650238138,36.65038650238138,39.14452713972942,False,
110N07943::AM,110N07943,AM,VA28_SB,SOUTHBOUND,38585.0,503.0,3.0,10.0,6.375,7.375,9.5,7.009394758155489,7.674659594441617,9.1321104540787,127.36294175539273,0.3134027027565698,ridge_core,core_network,full_network,True,constrained,aggregate_all_days,corridor_held_out,corridor,1,38.06368548932934,38.06368548932934,17.979575666497016,17.979575666497016,-22.07337275527795,22.07337275527795,26.038877970368105,False,
110N07943::MD,110N07943,MD,VA28_SB,SOUTHBOUND,38585.0,503.0,3.0,3.0,13.75,14.25,16.25,10.745331095775027,11.613363261388733,13.24338998424258,149.88353330805325,0.3474826672906035,ridge_core,core_network,full_network,True,constrained,aggregate_all_days,corridor_held_out,corridor,1,-180.2801342534984,180.2801342534984,-158.19820431667603,158.19820431667603,-180.3966009454452,180.3966009454452,172.9583131718732,False,
110N07943::PM,110N07943,PM,VA28_SB,SOUTHBOUND,38585.0,503.0,3.0,13.0,14.5,16.5,19.25,15.440337388782265,16.61967639986943,18.30503976958032,171.88214284788336,0.411679418773905,ridge_core,core_network,full_network,True,constrained,aggregate_all_days,corridor_held_out,corridor,1,56.42024332693588,56.42024332693588,7.180583992165808,7.180583992165808,-56.69761382518068,56.69761382518068,40.099480381427455,False,
110N07944::PM,110N07944,PM,VA28_SB,SOUTHBOUND,39277.0,302.0,2.0,4.0,16.25,16.875,18.125,15.222363372532284,16.578361469374343,18.37113993270553,188.92659361039503,0.4306428452222252,ridge_core,core_network,full_network,True,constrained,aggregate_all_days,corridor_held_out,corridor,1,-61.65819764806297,61.65819764806297,-17.798311837539416,17.798311837539416,14.76839596233212,14.76839596233212,31.408301815978174,False,
110N07952::PM,110N07952,PM,VA28_SB,SOUTHBOUND,,,,11.0,15.0,17.5,19.0,14.90695471611732,16.708746481364233,18.571176198522902,219.85328894433525,0.4917256704864973,ridge_core,core_network,full_network,True,constrained,aggregate_all_days,corridor_held_out,corridor,1,-5.582717032960858,5.582717032960858,-47.47521111814599,47.47521111814599,-25.72942808862564,25.72942808862564,26.26245207991083,False,
110N18117::AM,110N18117,AM,VA619_WB,WESTBOUND,40467.0,502.0,2.0,3.0,7.0,8.0,9.5,6.478367314392831,7.558094684474568,9.263802033659632,167.12608315600812,0.3876333423337054,ridge_core,core_network,full_network,True,constrained,aggregate_all_days,corridor_held_out,corridor,1,-31.29796113643012,31.29796113643012,-26.514318931525903,26.514318931525903,-14.171877980421996,14.171877980421996,23.99471934945934,False,
110N18117::MD,110N18117,MD,VA619_WB,WESTBOUND,40467.0,502.0,2.0,1.0,9.25,9.75,12.0,10.077223921575891,11.397956578472,13.203386950633636,187.5697817434645,0.422477217157222,ridge_core,core_network,full_network,True,constrained,aggregate_all_days,corridor_held_out,corridor,1,49.63343529455358,49.63343529455358,98.87739470832,98.87739470832,72.20321703801815,72.20321703801815,73.57134901363058,False,
110N18117::PM,110N18117,PM,VA619_WB,WESTBOUND,40467.0,502.0,2.0,12.0,14.5,16.75,19.375,14.790436003435296,16.56174841828359,18.497918825416924,222.4489693188978,0.4777668568944401,ridge_core,core_network,full_network,True,constrained,aggregate_all_days,corridor_held_out,corridor,1,17.42616020611777,17.42616020611777,-11.295094902984673,11.295094902984673,-52.62487047498453,52.62487047498453,27.11537519469566,False,
110P04603::AM,110P04603,AM,I495_CW,CLOCKWISE,32096.0,301.0,1.0,13.0,7.25,8.0,9.5,6.850881268932594,7.6604066653003695,9.080309319244568,133.7656830187184,0.3631090028917934,ridge_core,core_network,full_network,True,constrained,aggregate_all_days,corridor_held_out,corridor,1,-23.94712386404437,23.94712386404437,-20.37560008197783,20.37560008197783,-25.18144084532601,25.18144084532601,23.168054930449404,False,
110P04604::AM,110P04604,AM,I495_CW,CLOCKWISE,31969.0,301.0,1.0,12.0,6.5,8.25,11.5,6.814098295406748,7.635031783506031,9.217586922025244,144.20931759710987,0.341559131592092,ridge_core,core_network,full_network,True,constrained,aggregate_all_days,corridor_held_out,corridor,1,18.84589772440485,18.84589772440485,-36.89809298963812,36.89809298963812,-136.94478467848535,136.94478467848535,64.22959179750944,False,
110P04604::MD,110P04604,MD,I495_CW,CLOCKWISE,31969.0,301.0,1.0,6.0,6.625,9.0,11.125,10.737107547285902,12.129579269307497,14.225969938802846,209.33174349101665,0.3991191298938428,ridge_core,core_network,full_network,True,constrained,aggregate_all_days,corridor_held_out,corridor,1,246.7264528371541,246.7264528371541,187.7747561584498,187.7747561584498,186.0581963281708,186.0581963281708,206.85313510792489,False,
110P04605::AM,110P04605,AM,I495_CW,CLOCKWISE,32706.0,501.0,1.0,18.0,6.25,8.0,11.75,7.324503584578855,8.04557921503364,9.512786718305984,131.29698802362765,0.3295166056627391,ridge_core,core_network,full_network,True,constrained,aggregate_all_days,corridor_held_out,corridor,1,64.47021507473133,64.47021507473133,2.7347529020184425,2.7347529020184425,-134.23279690164097,134.23279690164097,67.14592162613025,False,
110P04605::MD,110P04605,MD,I495_CW,CLOCKWISE,32706.0,501.0,1.0,2.0,6.125,11.125,13.75,11.516861726755996,12.461341653784132,14.305581554823137,167.32318968402836,0.3386786716694862,ridge_core,core_network,full_network,True,constrained,aggregate_all_days,corridor_held_out,corridor,1,323.5117036053597,323.5117036053597,80.1804992270479,80.1804992270479,33.334893289388106,33.334893289388106,145.67569870726524,False,
110P04606::MD,110P04606,MD,I495_CW,CLOCKWISE,31979.0,201.0,1.0,1.0,8.75,9.25,11.0,10.935562419125873,12.21838104925005,14.4831060466974,212.8526176542917,0.3616075698559717,ridge_core,core_network,full_network,True,constrained,aggregate_all_days,corridor_held_out,corridor,1,131.13374514755225,131.13374514755225,178.10286295500302,178.10286295500302,208.98636280184405,208.98636280184405,172.74099030146644,False,
110P04607::AM,110P04607,AM,I495_CW,CLOCKWISE,32689.0,201.0,1.0,2.0,7.75,8.0,9.0,7.056534675765773,7.742081461563925,9.330605807371096,136.4442678963193,0.3014623317056082,ridge_core,core_network,full_network,True,constrained,aggregate_all_days,corridor_held_out,corridor,1,-41.60791945405361,41.60791945405361,-15.475112306164522,15.475112306164522,19.83634844226568,19.83634844226568,25.639793400827937,False,
110P04607::MD,110P04607,MD,I495_CW,CLOCKWISE,32689.0,201.0,1.0,3.0,8.25,9.5,11.75,10.852772920246029,11.914019142214864,13.834127037481997,178.881247034158,0.3559611439089045,ridge_core,core_network,full_network,True,constrained,aggregate_all_days,corridor_held_out,corridor,1,156.16637521476173,156.16637521476173,144.8411485328919,144.8411485328919,125.0476222489197,125.0476222489197,142.0183819988578,False,
110P04608::MD,110P04608,MD,I495_CW,CLOCKWISE,31996.0,301.0,1.0,2.0,8.375,9.25,10.25,10.65327456328805,11.8758661210107,13.846184325715273,191.57458574563327,0.3829082713547302,ridge_core,core_network,full_network,True,constrained,aggregate_all_days,corridor_held_out,corridor,1,136.69647379728303,136.69647379728303,157.55196726064202,157.55196726064202,215.7710595429164,215.7710595429164,170.00650020028047,False,
110P04608::PM,110P04608,PM,I495_CW,CLOCKWISE,31996.0,301.0,1.0,1.0,13.75,15.25,16.75,15.194440432887664,16.88134454130028,18.9267191422917,223.93672256424205,0.4519769930799133,ridge_core,core_network,full_network,True,constrained,aggregate_all_days,corridor_held_out,corridor,1,86.66642597325982,86.66642597325982,97.88067247801678,97.88067247801678,130.6031485375019,130.6031485375019,105.05008232959284,False,
110P04609::AM,110P04609,AM,I495_CW,CLOCKWISE,32654.0,201.0,1.0,3.0,8.0,8.75,9.75,7.032085857636873,7.801348894680535,9.51317764540994,148.86550726638416,0.3100502129081336,ridge_core,core_network,full_network,True,constrained,aggregate_all_days,corridor_held_out,corridor,1,-58.07484854178762,58.07484854178762,-56.919066319167904,56.919066319167904,-14.209341275403524,14.209341275403524,43.06775204545301,False,
110P04609::MD,110P04609,MD,I495_CW,CLOCKWISE,32654.0,201.0,1.0,5.0,10.25,11.75,13.125,10.870863484813322,12.163383995472792,14.360864034309104,209.4000329697469,0.3703496582102853,ridge_core,core_network,full_network,True,constrained,aggregate_all_days,corridor_held_out,corridor,1,37.25180908879931,37.25180908879931,24.80303972836751,24.80303972836751,74.15184205854615,74.15184205854615,45.40223029190432,False,
110P04609::PM,110P04609,PM,I495_CW,CLOCKWISE,32654.0,201.0,1.0,5.0,16.25,17.25,18.0,15.448846720868886,16.828118490269944,18.8066057042433,201.4655390024649,0.4107715223845352,ridge_core,core_network,full_network,True,constrained,aggregate_all_days,corridor_held_out,corridor,1,-48.06919674786684,48.06919674786684,-25.31289058380338,25.31289058380338,48.39634225459797,48.39634225459797,40.5928098620894,False,
110P04610::MD,110P04610,MD,I495_CW,CLOCKWISE,32739.0,101.0,1.0,11.0,9.875,13.75,15.5,10.782080067951672,12.194892258770178,14.030263985254075,194.8910350381443,0.4349544935841681,ridge_core,core_network,full_network,True,constrained,aggregate_all_days,corridor_held_out,corridor,1,54.42480407710029,54.42480407710029,-93.30646447378932,93.30646447378932,-88.18416088475547,88.18416088475547,78.63847647854836,False,
110P04610::PM,110P04610,PM,I495_CW,CLOCKWISE,32739.0,101.0,1.0,6.0,12.625,17.25,19.25,15.369858040430117,16.985328509156695,18.694019329371,199.44967733645308,0.4859783651596775,ridge_core,core_network,full_network,True,constrained,aggregate_all_days,corridor_held_out,corridor,1,164.691482425807,164.691482425807,-15.880289450598326,15.880289450598326,-33.358840237739855,33.358840237739855,71.3102040380484,False,
110P04611::AM,110P04611,AM,I495_CW,CLOCKWISE,32748.0,501.0,1.0,2.0,6.5,7.0,9.75,7.384747793387904,8.034144196340332,9.577711029810182,131.5777941853367,0.2961273550631378,ridge_core,core_network,full_network,True,constrained,aggregate_all_days,corridor_held_out,corridor,1,53.08486760327423,53.08486760327423,62.04865178041992,62.04865178041992,-10.337338211389095,10.337338211389095,41.82361919836108,False,
110P04611::MD,110P04611,MD,I495_CW,CLOCKWISE,32748.0,501.0,1.0,3.0,9.0,13.0,18.5,11.469870320306756,12.367636338172632,14.27951241142925,168.57852546734966,0.3195303845648204,ridge_core,core_network,full_network,True,constrained,aggregate_all_days,corridor_held_out,corridor,1,148.19221921840534,148.19221921840534,-37.94181970964207,37.94181970964207,-253.229255314245,253.229255314245,146.45443141409746,False,
110P04611::PM,110P04611,PM,I495_CW,CLOCKWISE,32748.0,501.0,1.0,12.0,9.0,16.625,19.125,16.02270585315546,17.137155736251643,18.87261032301065,170.99426819131153,0.3910481543799985,ridge_core,core_network,full_network,True,constrained,aggregate_all_days,corridor_held_out,corridor,1,421.3623511893277,421.3623511893277,30.72934417509856,30.72934417509856,-15.143380619360729,15.143380619360729,155.74502532792897,False,
110P04612::AM,110P04612,AM,I495_CW,CLOCKWISE,32018.0,301.0,1.0,1.0,5.5,6.25,9.5,6.818305578899766,7.711049756742136,9.43523524421468,157.01577991889494,0.3411418310835419,ridge_core,core_network,full_network,True,constrained,aggregate_all_days,corridor_held_out,corridor,1,79.09833473398595,79.09833473398595,87.6629854045282,87.6629854045282,-3.8858853471191424,3.8858853471191424,56.88240182854443,False,
110P04612::MD,110P04612,MD,I495_CW,CLOCKWISE,32018.0,301.0,1.0,4.0,9.0,11.375,16.25,10.725040955614276,12.210355395436713,14.470531233180292,224.7294166539608,0.3965607516641741,ridge_core,core_network,full_network,True,constrained,aggregate_all_days,corridor_held_out,corridor,1,103.50245733685664,103.50245733685664,50.12132372620275,50.12132372620275,-106.76812600918248,106.76812600918248,86.79730235741395,False,
110P04612::PM,110P04612,PM,I495_CW,CLOCKWISE,32018.0,301.0,1.0,17.0,14.5,16.5,20.25,15.181743085399832,16.918228516798973,19.018867834346448,230.2274849367969,0.4525485995408017,ridge_core,core_network,full_network,True,constrained,aggregate_all_days,corridor_held_out,corridor,1,40.904585123989925,40.904585123989925,25.09371100793836,25.09371100793836,-73.86792993921311,73.86792993921311,46.62207535704713,False,
110P04613::MD,110P04613,MD,I495_CW,CLOCKWISE,32759.0,501.0,1.0,5.0,9.0,12.0,19.0,10.55275183548733,12.376566367013076,14.596804054187825,242.64313312202967,0.4509868896084151,ridge_core,core_network,full_network,True,constrained,aggregate_all_days,corridor_held_out,corridor,1,93.1651101292398,93.1651101292398,22.59398202078458,22.59398202078458,-264.19175674873054,264.19175674873054,126.65028296625162,False,
110P04613::PM,110P04613,PM,I495_CW,CLOCKWISE,32759.0,501.0,1.0,17.0,14.25,16.25,20.0,15.060089163495975,17.090897914102634,19.118522241375302,243.50598467275947,0.5003923217745468,ridge_core,core_network,full_network,True,constrained,aggregate_all_days,corridor_held_out,corridor,1,48.60534980975864,48.60534980975864,50.453874846158016,50.453874846158016,-52.888665517481854,52.888665517481854,50.64929672446616,False,
110P04646::PM,110P04646,PM,I495_CW,CLOCKWISE,28734.0,201.0,1.0,1.0,15.5,16.5,17.75,15.403240004494805,16.822317828946446,18.905171877250773,210.11591236535816,0.4052271363391341,ridge_core,core_network,full_network,True,constrained,aggregate_all_days,corridor_held_out,corridor,1,-5.805599730311819,5.805599730311819,19.33906973678674,19.33906973678674,69.31031263504636,69.31031263504636,31.48499403404831,False,
110P04647::AM,110P04647,AM,I495_CW,CLOCKWISE,32337.0,201.0,1.0,2.0,7.5,7.875,8.875,7.027575815033381,7.83393706027814,9.602105098706064,154.47175702036105,0.3132072532088071,ridge_core,core_network,full_network,True,constrained,aggregate_all_days,corridor_held_out,corridor,1,-28.345451097997145,28.345451097997145,-2.463776383311576,2.463776383311576,43.626305922363926,43.626305922363926,24.81184446789088,False,
110P04647::MD,110P04647,MD,I495_CW,CLOCKWISE,32337.0,201.0,1.0,2.0,11.875,12.25,14.875,10.983839408462249,12.428886274047604,14.866956337570254,232.98701574648044,0.3721358104756577,ridge_core,core_network,full_network,True,constrained,aggregate_all_days,corridor_held_out,corridor,1,-53.46963549226519,53.46963549226519,10.733176442856164,10.733176442856164,-0.4826197457847314,0.4826197457847314,21.561810560302032,False,
110P04647::PM,110P04647,PM,I495_CW,CLOCKWISE,32337.0,201.0,1.0,13.0,14.5,17.5,18.75,15.437648082535356,17.03767688130585,19.228970755010813,227.4793603485273,0.422023904846324,ridge_core,core_network,full_network,True,constrained,aggregate_all_days,corridor_held_out,corridor,1,56.25888495212145,56.25888495212145,-27.73938712164906,27.73938712164906,28.7382453006488,28.7382453006488,37.57883912480644,False,
110P05634::AM,110P05634,AM,US1_NB,NORTHBOUND,31944.0,502.0,2.0,1.0,7.0,7.25,8.25,6.807438913503981,7.795849203194015,9.48915817858052,160.90315590459227,0.3685733635738431,ridge_core,core_network,full_network,True,constrained,aggregate_all_days,corridor_held_out,corridor,1,-11.553665189761126,11.553665189761126,32.7509521916409,32.7509521916409,74.34949071483115,74.34949071483115,39.551369365411055,False,
110P05636::AM,110P05636,AM,US1_NB,NORTHBOUND,29325.0,402.0,2.0,7.0,6.75,7.5,9.5,6.79520129424842,7.837649170202784,9.817527722422366,181.3395856904367,0.3449157133513865,ridge_core,core_network,full_network,True,constrained,aggregate_all_days,corridor_held_out,corridor,1,2.712077654905194,2.712077654905194,20.25895021216705,20.25895021216705,19.051663345341936,19.051663345341936,14.007563737471392,False,
110P05636::MD,110P05636,MD,US1_NB,NORTHBOUND,29325.0,402.0,2.0,2.0,11.375,12.5,15.125,10.545087992022596,11.90908689920792,14.132983333279586,215.27372047541937,0.3801668603598277,ridge_core,core_network,full_network,True,constrained,aggregate_all_days,corridor_held_out,corridor,1,-49.79472047864423,49.79472047864423,-35.454786047524856,35.454786047524856,-59.52100000322481,59.52100000322481,48.25683550979797,False,
110P05636::PM,110P05636,PM,US1_NB,NORTHBOUND,29325.0,402.0,2.0,1.0,16.25,17.25,20.5,15.055791119043109,16.8296425446077,19.04195063549067,239.16957098685367,0.4450026192492758,ridge_core,core_network,full_network,True,constrained,aggregate_all_days,corridor_held_out,corridor,1,-71.65253285741346,71.65253285741346,-25.221447323537944,25.221447323537944,-87.4829618705597,87.4829618705597,61.45231401717037,False,
110P05639::AM,110P05639,AM,US1_NB,NORTHBOUND,32372.0,302.0,2.0,5.0,5.75,8.5,9.875,6.9287649042297765,7.769062123227085,9.472281305461625,152.61098407391077,0.3303683115982054,ridge_core,core_network,full_network,True,constrained,aggregate_all_days,corridor_held_out,corridor,1,70.72589425378659,70.72589425378659,-43.85627260637488,43.85627260637488,-24.16312167230263,24.16312167230263,46.24842951082136,False,
110P05639::MD,110P05639,MD,US1_NB,NORTHBOUND,32372.0,302.0,2.0,9.0,10.875,12.625,13.75,10.788548217447277,11.952002243786255,13.959325693327877,190.2466485528361,0.36693020408689,ridge_core,core_network,full_network,True,constrained,aggregate_all_days,corridor_held_out,corridor,1,-5.187106953163507,5.187106953163507,-40.37986537282457,40.37986537282457,12.559541599672492,12.559541599672492,19.375504641886856,False,
110P05640::AM,110P05640,AM,US1_NB,NORTHBOUND,29122.0,402.0,2.0,1.0,6.75,8.5,10.5,6.663743477441191,7.816438059633928,9.827524978482636,189.8268900624867,0.3643407681008617,ridge_core,core_network,full_network,True,constrained,aggregate_all_days,corridor_held_out,corridor,1,-5.175391353528553,5.175391353528553,-41.01371642196433,41.01371642196433,-40.348501291041856,40.348501291041856,28.84586968884492,False,
110P05649::AM,110P05649,AM,US1_NB,NORTHBOUND,28265.0,102.0,2.0,1.0,7.5,8.25,9.0,7.383554655414585,8.00604963051172,9.789980225595022,144.38553421082614,0.2586803360182295,ridge_core,core_network,full_network,True,constrained,aggregate_all_days,corridor_held_out,corridor,1,-6.9867206751249,6.9867206751249,-14.637022169296792,14.637022169296792,47.3988135357013,47.3988135357013,23.00751879337433,False,
110P05657::AM,110P05657,AM,US1_NB,NORTHBOUND,26221.0,102.0,2.0,1.0,7.5,8.75,10.0,6.889672707475153,7.582563638770563,9.255803547174065,141.96785038193457,0.2928371160504296,ridge_core,core_network,full_network,True,constrained,aggregate_all_days,corridor_held_out,corridor,1,-36.61963755149081,36.61963755149081,-70.04618167376621,70.04618167376621,-44.65178716955624,44.65178716955624,50.43920213160442,False,
110P05657::MD,110P05657,MD,US1_NB,NORTHBOUND,26221.0,102.0,2.0,3.0,7.0,11.0,12.75,10.71433750586294,11.609851575237906,13.472113547271135,165.46656248449173,0.3247232755411459,ridge_core,core_network,full_network,True,constrained,aggregate_all_days,corridor_held_out,corridor,1,222.86025035177647,222.86025035177647,36.59109451427437,36.59109451427437,43.32681283626823,43.32681283626823,100.92605256743968,False,
110P05657::PM,110P05657,PM,US1_NB,NORTHBOUND,26221.0,102.0,2.0,2.0,14.0,16.625,20.625,15.393424238598405,16.586811701618455,18.484153480362806,185.44375450586423,0.3861184107925234,ridge_core,core_network,full_network,True,constrained,aggregate_all_days,corridor_held_out,corridor,1,83.60545431590417,83.60545431590417,-2.2912979028927083,2.2912979028927083,-128.4507911782316,128.4507911782316,71.44918113234283,False,
110P06895::PM,110P06895,PM,US15_NB,NORTHBOUND,38633.0,503.0,3.0,1.0,14.5,16.0,23.75,15.054321441619964,16.537504227633793,18.373043261447105,199.1233091896285,0.4469138621841713,ridge_core,core_network,full_network,True,constrained,aggregate_all_days,corridor_held_out,corridor,1,33.25928649719781,33.25928649719781,32.250253658027574,32.250253658027574,-322.6174043131737,322.6174043131737,129.37564815613302,False,
110P06898::MD,110P06898,MD,US15_NB,NORTHBOUND,36136.0,603.0,3.0,1.0,6.75,11.75,13.25,10.809601813210527,11.838543328090344,13.588588385023634,166.73919430878638,0.3702578217959862,ridge_core,core_network,full_network,True,constrained,aggregate_all_days,corridor_held_out,corridor,1,243.57610879263163,243.57610879263163,5.312599685420629,5.312599685420629,20.31530310141804,20.31530310141804,89.73467052649009,False,
110P06901::AM,110P06901,AM,US15_NB,NORTHBOUND,36804.0,202.0,2.0,2.0,7.25,7.5,8.25,6.7899641217274525,7.894357366354989,9.686948583619865,173.81906771354457,0.3812216665829506,ridge_core,core_network,full_network,True,constrained,aggregate_all_days,corridor_held_out,corridor,1,-27.602152696352853,27.602152696352853,23.66144198129936,23.66144198129936,86.21691501719177,86.21691501719177,45.826836564948,False,
110P06901::MD,110P06901,MD,US15_NB,NORTHBOUND,36804.0,202.0,2.0,1.0,11.0,11.75,14.75,10.51678277679007,11.915839485909226,13.88818813798728,202.28432167183263,0.4149773044859671,ridge_core,core_network,full_network,True,constrained,aggregate_all_days,corridor_held_out,corridor,1,-28.99303339259582,28.99303339259582,9.950369154553549,9.950369154553549,-51.70871172076321,51.70871172076321,30.217371422637527,False,
110P06902::MD,110P06902,MD,US15_NB,NORTHBOUND,36244.0,502.0,2.0,3.0,12.75,13.5,15.25,10.976434952060533,12.196652805268664,14.134512798163527,189.48467076617968,0.3863799160979688,ridge_core,core_network,full_network,True,constrained,aggregate_all_days,corridor_held_out,corridor,1,-106.41390287636804,106.41390287636804,-78.20083168388024,78.20083168388024,-66.92923211018837,66.92923211018837,83.84798889014554,False,
110P06902::PM,110P06902,PM,US15_NB,NORTHBOUND,36244.0,502.0,2.0,20.0,13.875,16.625,18.75,15.462266896830556,17.07995346707886,19.009938830939824,212.860316046556,0.4559853899383917,ridge_core,core_network,full_network,True,constrained,aggregate_all_days,corridor_held_out,corridor,1,95.23601380983337,95.23601380983337,27.29720802473153,27.29720802473153,15.596329856389415,15.596329856389415,46.04318389698477,False,
110P07858::MD,110P07858,MD,US15_NB,NORTHBOUND,36804.0,202.0,2.0,1.0,11.5,13.25,14.75,10.51678277679007,11.915839485909226,13.88818813798728,202.28432167183263,0.4149773044859671,ridge_core,core_network,full_network,True,constrained,aggregate_all_days,corridor_held_out,corridor,1,-58.99303339259582,58.99303339259582,-80.04963084544644,80.04963084544644,-51.70871172076321,51.70871172076321,63.583791986268494,False,
110P07859::MD,110P07859,MD,US15_NB,NORTHBOUND,36799.0,302.0,2.0,1.0,14.0,14.25,15.0,10.813568574622764,11.799474570814052,13.555145058555016,164.4945890359351,0.3596128001423466,ridge_core,core_network,full_network,True,constrained,aggregate_all_days,corridor_held_out,corridor,1,-191.18588552263407,191.18588552263407,-147.0315257511569,147.0315257511569,-86.69129648669902,86.69129648669902,141.63623592016333,False,
110P09526::MD,110P09526,MD,US1_NB,NORTHBOUND,47507.0,602.0,2.0,1.0,10.25,10.75,11.75,10.245733671850816,11.127929723585986,12.629162513929508,143.00573052472154,0.370137356803054,ridge_core,core_network,full_network,True,constrained,aggregate_all_days,corridor_held_out,corridor,1,-0.255979688951129,0.255979688951129,22.675783415159145,22.675783415159145,52.74975083577047,52.74975083577047,25.22717131329358,False,
110P09527::AM,110P09527,AM,US1_NB,NORTHBOUND,38524.0,402.0,2.0,1.0,3.25,7.25,8.5,6.740777772572004,7.692641927479039,9.47398177135383,163.9922399269096,0.3482594622762427,ridge_core,core_network,full_network,True,constrained,aggregate_all_days,corridor_held_out,corridor,1,209.44666635432023,209.44666635432023,26.558515648742365,26.558515648742365,58.43890628122985,58.43890628122985,98.1480294280975,False,
110P09527::MD,110P09527,MD,US1_NB,NORTHBOUND,38524.0,402.0,2.0,1.0,4.75,10.0,11.0,10.393277448125533,11.604908241355472,13.554959827917168,189.7009427874981,0.3832234385636769,ridge_core,core_network,full_network,True,constrained,aggregate_all_days,corridor_held_out,corridor,1,338.596646887532,338.596646887532,96.29449448132834,96.29449448132834,153.29758967503008,153.29758967503008,196.06291034796345,False,
110P09527::PM,110P09527,PM,US1_NB,NORTHBOUND,38524.0,402.0,2.0,1.0,13.5,17.0,21.0,14.977213350036822,16.666114767359314,18.72209433104028,224.69285886020737,0.4509893440912358,ridge_core,core_network,full_network,True,constrained,aggregate_all_days,corridor_held_out,corridor,1,88.6328010022093,88.6328010022093,-20.03311395844115,20.03311395844115,-136.67434013758333,136.67434013758333,81.7800850327446,False,
110P09530::AM,110P09530,AM,US1_NB,NORTHBOUND,39818.0,302.0,2.0,3.0,4.0,7.5,8.5,6.801472256296176,7.600223632835464,9.2117677259475,144.6177281790794,0.3313914773506323,ridge_core,core_network,full_network,True,constrained,aggregate_all_days,corridor_held_out,corridor,1,168.08833537777053,168.08833537777053,6.013417970127826,6.013417970127826,42.70606355684997,42.70606355684997,72.26927230158277,False,
110P09530::MD,110P09530,MD,US1_NB,NORTHBOUND,39818.0,302.0,2.0,1.0,5.75,9.5,11.0,10.622130542215569,11.68572654641121,13.522685543321924,174.03330006638132,0.3666870663683177,ridge_core,core_network,full_network,True,constrained,aggregate_all_days,corridor_held_out,corridor,1,292.3278325329341,292.3278325329341,131.14359278467262,131.14359278467262,151.3611325993154,151.3611325993154,191.61085263897405,False,
110P09532::MD,110P09532,MD,US1_NB,NORTHBOUND,38835.0,402.0,2.0,6.0,11.375,11.875,14.25,10.397688156981,11.64699261931098,13.68367269941709,197.15907254616533,0.3801918256754178,ridge_core,core_network,full_network,True,constrained,aggregate_all_days,corridor_held_out,corridor,1,-58.63871058114004,58.63871058114004,-13.68044284134129,13.68044284134129,-33.97963803497465,33.97963803497465,35.43293048581865,False,
110P10058::MD,110P10058,MD,VA234_NB,NORTHBOUND,38980.0,502.0,2.0,1.0,9.0,9.25,10.75,10.61534527661723,11.80259389023102,13.66829057501301,183.1767179037468,0.3888863040676321,ridge_core,core_network,full_network,True,constrained,aggregate_all_days,corridor_held_out,corridor,1,96.9207165970338,96.9207165970338,153.15563341386115,153.15563341386115,175.09743450078062,175.09743450078062,141.72459483722517,False,
110P10059::AM,110P10059,AM,VA234_NB,NORTHBOUND,38309.0,502.0,2.0,13.0,6.25,8.25,9.75,6.695707894335158,7.655754396784096,9.264857218263742,154.1489594357151,0.3736826402059395,ridge_core,core_network,full_network,True,constrained,aggregate_all_days,corridor_held_out,corridor,1,26.742473660109454,26.742473660109454,-35.65473619295423,35.65473619295423,-29.10856690417546,29.10856690417546,30.50192558574638,False,
110P10059::MD,110P10059,MD,VA234_NB,NORTHBOUND,38309.0,502.0,2.0,7.0,13.625,14.25,16.0,10.49498337597947,11.73801282995236,13.567164975293522,184.3308959588432,0.4046080655682691,ridge_core,core_network,full_network,True,constrained,aggregate_all_days,corridor_held_out,corridor,1,-187.80099744123183,187.80099744123183,-150.71923020285837,150.71923020285837,-145.97010148238866,145.97010148238866,161.49677637549297,False,
110P10066::AM,110P10066,AM,VA234_NB,NORTHBOUND,38376.0,402.0,2.0,8.0,5.875,7.0,9.25,6.63674682434832,7.7563083607225956,9.488639530670335,171.11356237932094,0.3925679019734702,ridge_core,core_network,full_network,True,constrained,aggregate_all_days,corridor_held_out,corridor,1,45.70480946089919,45.70480946089919,45.37850164335573,45.37850164335573,14.318371840220117,14.318371840220117,35.13389431482502,False,
110P10066::MD,110P10066,MD,VA234_NB,NORTHBOUND,38376.0,402.0,2.0,7.0,11.0,13.0,16.25,10.368121287852412,11.800546143170994,13.740259178082304,202.3282734137936,0.4247824086520161,ridge_core,core_network,full_network,True,constrained,aggregate_all_days,corridor_held_out,corridor,1,-37.91272272885525,37.91272272885525,-71.96723140974036,71.96723140974036,-150.58444931506173,150.58444931506173,86.82146781788579,False,
110P10066::PM,110P10066,PM,VA234_NB,NORTHBOUND,38376.0,402.0,2.0,6.0,15.5,17.25,20.625,14.86302864856482,16.723509185840904,18.62295950233521,225.5958512262234,0.494817753206931,ridge_core,core_network,full_network,True,constrained,aggregate_all_days,corridor_held_out,corridor,1,-38.21828108611072,38.21828108611072,-31.58944884954579,31.58944884954579,-120.12242985988742,120.12242985988742,63.31005326518132,False,
110P10075::AM,110P10075,AM,VA234_NB,NORTHBOUND,38495.0,303.0,3.0,7.0,5.5,7.0,9.75,6.631665039203825,7.543212572030954,9.51713591689166,173.12825266127007,0.3159094551519312,ridge_core,core_network,full_network,True,constrained,aggregate_all_days,corridor_held_out,corridor,1,67.8999023522295,67.8999023522295,32.59275432185723,32.59275432185723,-13.97184498650045,13.97184498650045,38.1548338868624,False,
110P10075::MD,110P10075,MD,VA234_NB,NORTHBOUND,38495.0,303.0,3.0,2.0,8.125,11.875,15.25,10.624821418837564,11.8813148945695,14.305783358926336,220.85771640532656,0.3413492169119341,ridge_core,core_network,full_network,True,constrained,aggregate_all_days,corridor_held_out,corridor,1,149.98928513025376,149.98928513025376,0.3788936741699444,0.3788936741699444,-56.65299846441975,56.65299846441975,69.00705908961449,False,
110P10075::PM,110P10075,PM,VA234_NB,NORTHBOUND,38495.0,303.0,3.0,4.0,13.0,15.25,19.0,14.995116451578516,16.60180980454588,18.9219218962675,235.6083266813391,0.4091604169339282,ridge_core,core_network,full_network,True,constrained,aggregate_all_days,corridor_held_out,corridor,1,119.70698709471095,119.70698709471095,81.1085882727528,81.1085882727528,-4.684686223950081,4.684686223950081,68.50008719713794,False,
110P11478::PM,110P11478,PM,VA643_NB,NORTHBOUND,,,,5.0,16.5,16.75,18.0,14.90695471611732,16.708746481364233,18.571176198522902,219.85328894433525,0.4917256704864973,ridge_core,core_network,full_network,True,constrained,aggregate_all_days,corridor_held_out,corridor,1,-95.58271703296086,95.58271703296086,-2.4752111181459924,2.4752111181459924,34.27057191137436,34.27057191137436,44.10950002082708,False,
110P13276::AM,110P13276,AM,VA659_NB,NORTHBOUND,38642.0,603.0,3.0,9.0,6.5,8.0,9.75,6.483687575844201,7.366838775120898,9.03822987591342,153.27253800415312,0.3457179782275542,ridge_core,core_network,full_network,True,constrained,aggregate_all_days,corridor_held_out,corridor,1,-0.9787454493479152,0.9787454493479152,-37.989673492746135,37.989673492746135,-42.70620744519484,42.70620744519484,27.224875462429623,False,
110P13276::MD,110P13276,MD,VA659_NB,NORTHBOUND,38642.0,603.0,3.0,7.0,9.0,10.25,13.75,10.384931101455274,11.513481622925536,13.396798978560035,180.7120726262857,0.374701204541254,ridge_core,core_network,full_network,True,constrained,aggregate_all_days,corridor_held_out,corridor,1,83.09586608731647,83.09586608731647,75.80889737553224,75.80889737553224,-21.192061286397887,21.192061286397887,60.03227491641553,False,
110P13276::PM,110P13276,PM,VA659_NB,NORTHBOUND,38642.0,603.0,3.0,9.0,15.75,16.5,18.25,14.910851204748855,16.41141064281194,18.30679038471247,203.75635079781696,0.4418687610533596,ridge_core,core_network,full_network,True,constrained,aggregate_all_days,corridor_held_out,corridor,1,-50.34892771506868,50.34892771506868,-5.315361431283563,5.315361431283563,3.4074230827482666,3.4074230827482666,19.690570743033504,False,
110P13278::AM,110P13278,AM,VA659_NB,NORTHBOUND,,,,6.0,6.375,7.125,8.875,6.734113698192513,7.837066945494645,9.570396557892948,170.17697158202603,0.388872796494855,ridge_core,core_network,full_network,True,constrained,aggregate_all_days,corridor_held_out,corridor,1,21.546821891550803,21.546821891550803,42.72401672967872,42.72401672967872,41.7237934735768,41.7237934735768,35.33154403160211,False,
110P13278::MD,110P13278,MD,VA659_NB,NORTHBOUND,,,,2.0,8.875,9.5,11.25,10.274716461274886,11.61065236999787,13.426547915936586,189.109887279702,0.4238601993603036,ridge_core,core_network,full_network,True,constrained,aggregate_all_days,corridor_held_out,corridor,1,83.9829876764932,83.9829876764932,126.63914219987224,126.63914219987224,130.59287495619515,130.59287495619515,113.73833494418686,False,
110P13278::PM,110P13278,PM,VA659_NB,NORTHBOUND,,,,12.0,14.25,17.25,19.0,14.90695471611732,16.708746481364233,18.571176198522902,219.85328894433525,0.4917256704864973,ridge_core,core_network,full_network,True,constrained,aggregate_all_days,corridor_held_out,corridor,1,39.41728296703914,39.41728296703914,-32.47521111814599,32.47521111814599,-25.72942808862564,25.72942808862564,32.54064072460359,False,
110P13280::AM,110P13280,AM,VA659_NB,NORTHBOUND,,,,3.0,6.5,7.5,9.75,6.734113698192513,7.837066945494645,9.570396557892948,170.17697158202603,0.388872796494855,ridge_core,core_network,full_network,True,constrained,aggregate_all_days,corridor_held_out,corridor,1,14.046821891550804,14.046821891550804,20.22401672967872,20.22401672967872,-10.776206526423202,10.776206526423202,15.01568171588424,False,
110P13280::PM,110P13280,PM,VA659_NB,NORTHBOUND,,,,1.0,14.25,17.75,19.0,14.90695471611732,16.708746481364233,18.571176198522902,219.85328894433525,0.4917256704864973,ridge_core,core_network,full_network,True,constrained,aggregate_all_days,corridor_held_out,corridor,1,39.41728296703914,39.41728296703914,-62.47521111814599,62.47521111814599,-25.72942808862564,25.72942808862564,42.54064072460359,False,
110P13281::AM,110P13281,AM,VA659_NB,NORTHBOUND,36970.0,403.0,3.0,1.0,3.5,7.0,9.25,7.0540320208969725,7.879800339458242,9.79679570007339,164.5658207505851,0.3010716252481608,ridge_core,core_network,full_network,True,constrained,aggregate_all_days,corridor_held_out,corridor,1,213.2419212538184,213.2419212538184,52.78802036749454,52.78802036749454,32.807742004403444,32.807742004403444,99.61256120857212,False,
110P13281::MD,110P13281,MD,VA659_NB,NORTHBOUND,36970.0,403.0,3.0,1.0,10.0,10.5,13.0,10.926511865306944,12.0085662836927,14.202271502491948,196.5455782311003,0.3303216774829089,ridge_core,core_network,full_network,True,constrained,aggregate_all_days,corridor_held_out,corridor,1,55.59071191841664,55.59071191841664,90.51397702156196,90.51397702156196,72.1362901495169,72.1362901495169,72.74699302983184,False,
110P13285::MD,110P13285,MD,VA659_NB,NORTHBOUND,36970.0,403.0,3.0,1.0,11.0,12.0,16.5,10.926511865306944,12.0085662836927,14.202271502491948,196.5455782311003,0.3303216774829089,ridge_core,core_network,full_network,True,constrained,aggregate_all_days,corridor_held_out,corridor,1,-4.409288081583362,4.409288081583362,0.5139770215619777,0.5139770215619777,-137.8637098504831,137.8637098504831,47.59565831787614,False,
110P13285::PM,110P13285,PM,VA659_NB,NORTHBOUND,36970.0,403.0,3.0,4.0,16.625,17.25,19.25,15.456524101048904,16.884491340546543,19.058479290956463,216.11731139445345,0.3964422554446841,ridge_core,core_network,full_network,True,constrained,aggregate_all_days,corridor_held_out,corridor,1,-70.10855393706575,70.10855393706575,-21.93051956720744,21.93051956720744,-11.49124254261224,11.49124254261224,34.51010534896181,False,
110P13287::PM,110P13287,PM,VA659_NB,NORTHBOUND,36970.0,403.0,3.0,2.0,16.5,16.875,17.875,15.456524101048904,16.884491340546543,19.058479290956463,216.11731139445345,0.3964422554446841,ridge_core,core_network,full_network,True,constrained,aggregate_all_days,corridor_held_out,corridor,1,-62.60855393706574,62.60855393706574,0.5694804327925596,0.5694804327925596,71.00875745738776,71.00875745738776,44.72893060908202,False,
110P13779::AM,110P13779,AM,VA659_NB,NORTHBOUND,36970.0,403.0,3.0,3.0,4.0,8.5,10.5,7.0540320208969725,7.879800339458242,9.79679570007339,164.5658207505851,0.3010716252481608,ridge_core,core_network,full_network,True,constrained,aggregate_all_days,corridor_held_out,corridor,1,183.2419212538184,183.2419212538184,-37.21197963250546,37.21197963250546,-42.19225799559656,42.19225799559656,87.5487196273068,False,
110P13779::MD,110P13779,MD,VA659_NB,NORTHBOUND,36970.0,403.0,3.0,2.0,7.5,11.125,12.75,10.926511865306944,12.0085662836927,14.202271502491948,196.5455782311003,0.3303216774829089,ridge_core,core_network,full_network,True,constrained,aggregate_all_days,corridor_held_out,corridor,1,205.59071191841664,205.59071191841664,53.01397702156198,53.01397702156198,87.1362901495169,87.1362901495169,115.24699302983186,False,
110P17034::AM,110P17034,AM,I495_NB,NORTHBOUND,31966.0,201.0,1.0,1.0,7.5,8.75,10.0,6.986875678297134,7.790088746992301,9.628974585825828,158.5259344517216,0.3040056776097218,ridge_core,core_network,full_network,True,constrained,aggregate_all_days,corridor_held_out,corridor,1,-30.787459302171936,30.787459302171936,-57.59467518046195,57.59467518046195,-22.261524850450307,22.261524850450307,36.88121977769473,False,
110P17039::MD,110P17039,MD,I495_NB,NORTHBOUND,32001.0,101.0,1.0,1.0,13.0,13.25,15.0,10.782080067951672,12.194892258770178,14.030263985254075,194.8910350381443,0.4349544935841681,ridge_core,core_network,full_network,True,constrained,aggregate_all_days,corridor_held_out,corridor,1,-133.0751959228997,133.0751959228997,-63.30646447378932,63.30646447378932,-58.18416088475548,58.18416088475548,84.8552737604815,False,
110P17039::PM,110P17039,PM,I495_NB,NORTHBOUND,32001.0,101.0,1.0,1.0,16.75,17.75,20.25,15.369858040430117,16.985328509156695,18.694019329371,199.44967733645308,0.4859783651596775,ridge_core,core_network,full_network,True,constrained,aggregate_all_days,corridor_held_out,corridor,1,-82.80851757419299,82.80851757419299,-45.880289450598326,45.880289450598326,-93.35884023773986,93.35884023773986,74.01588242084372,False,
110P17040::MD,110P17040,MD,I495_NB,NORTHBOUND,32743.0,501.0,1.0,1.0,13.25,14.75,16.75,11.475473984781663,12.405405965683943,14.22943280311239,165.23752909984347,0.3376709828456858,ridge_core,core_network,full_network,True,constrained,aggregate_all_days,corridor_held_out,corridor,1,-106.47156091310008,106.47156091310008,-140.6756420589633,140.6756420589633,-151.2340318132566,151.2340318132566,132.79374492844,False,
110P17040::PM,110P17040,PM,I495_NB,NORTHBOUND,32743.0,501.0,1.0,4.0,14.875,17.5,18.5,16.05398835553619,17.308654036244896,19.148410051082283,185.6653017327655,0.4054604718272846,ridge_core,core_network,full_network,True,constrained,aggregate_all_days,corridor_held_out,corridor,1,70.73930133217146,70.73930133217146,-11.480757825306256,11.480757825306256,38.90460306493701,38.90460306493701,40.374887407471576,False,
110P17041::AM,110P17041,AM,I495_NB,NORTHBOUND,32012.0,201.0,1.0,2.0,6.75,7.0,10.125,7.008790803933246,7.756778166573165,9.474284867386976,147.92964380722378,0.3033823417899934,ridge_core,core_network,full_network,True,constrained,aggregate_all_days,corridor_held_out,corridor,1,15.527448235994736,15.527448235994736,45.406689994389886,45.406689994389886,-39.04290795678147,39.04290795678147,33.325682062388694,False,
110P17041::MD,110P17041,MD,I495_NB,NORTHBOUND,32012.0,201.0,1.0,3.0,9.0,10.25,11.5,10.818375779451994,11.87112714681601,13.864882794292631,182.79042089043824,0.3455601323862651,ridge_core,core_network,full_network,True,constrained,aggregate_all_days,corridor_held_out,corridor,1,109.10254676711963,109.10254676711963,97.26762880896058,97.26762880896058,141.89296765755788,141.89296765755788,116.08771441121269,False,
110P17041::PM,110P17041,PM,I495_NB,NORTHBOUND,32012.0,201.0,1.0,9.0,9.5,16.0,19.5,15.442488022905795,16.698332363574,18.615483321058992,190.3797178891918,0.3957914281811741,ridge_core,core_network,full_network,True,constrained,aggregate_all_days,corridor_held_out,corridor,1,356.54928137434774,356.54928137434774,41.89994181444,41.89994181444,-53.07100073646048,53.07100073646048,150.50674130841608,False,
110P17247::PM,110P17247,PM,VA234_NB,NORTHBOUND,39205.0,502.0,2.0,1.0,15.5,16.0,16.75,15.038918559626488,16.729878549324184,18.71253222781781,220.4168200914796,0.460298807231471,ridge_core,core_network,full_network,True,constrained,aggregate_all_days,corridor_held_out,corridor,1,-27.66488642241072,27.66488642241072,43.79271295945102,43.79271295945102,117.75193366906883,117.75193366906883,63.0698443503102,False,
110P18117::AM,110P18117,AM,VA619_EB,EASTBOUND,38555.0,502.0,2.0,3.0,6.5,8.25,9.0,6.486868421205161,7.563343873334905,9.279693157721812,167.56948419099905,0.3854432532248255,ridge_core,core_network,full_network,True,constrained,aggregate_all_days,corridor_held_out,corridor,1,-0.7878947276903503,0.7878947276903503,-41.19936759990567,41.19936759990567,16.781589463308748,16.781589463308748,19.589617263634924,False,
110P18117::MD,110P18117,MD,VA619_EB,EASTBOUND,38555.0,502.0,2.0,12.0,11.625,12.875,14.375,10.080003683642609,11.400883742115692,13.208067837084856,187.68384920653483,0.4222675730673664,ridge_core,core_network,full_network,True,constrained,aggregate_all_days,corridor_held_out,corridor,1,-92.69977898144349,92.69977898144349,-88.44697547305849,88.44697547305849,-70.01592977490873,70.01592977490873,83.7208947431369,False,
110P18117::PM,110P18117,PM,VA619_EB,EASTBOUND,38555.0,502.0,2.0,12.0,15.125,17.0,19.125,14.75032339705989,16.522509943181287,18.42147833869049,220.26929649783608,0.4827327024596383,ridge_core,core_network,full_network,True,constrained,aggregate_all_days,corridor_held_out,corridor,1,-22.480596176406564,22.480596176406564,-28.64940340912277,28.64940340912277,-42.211299678570526,42.211299678570526,31.11376642136662,False,
110P18118::AM,110P18118,AM,VA619_EB,EASTBOUND,40466.0,502.0,2.0,3.0,5.75,8.5,10.25,6.469436577856628,7.544198647520101,9.28962005325746,169.21100852404987,0.3810965063224184,ridge_core,core_network,full_network,True,constrained,aggregate_all_days,corridor_held_out,corridor,1,43.1661946713977,43.1661946713977,-57.34808114879392,57.34808114879392,-57.6227968045524,57.6227968045524,52.71235754158133,False,
110P18118::PM,110P18118,PM,VA619_EB,EASTBOUND,40466.0,502.0,2.0,1.0,14.5,16.75,20.5,14.730834416430207,16.50336471736648,18.437952291265383,222.4270724901108,0.4781424170428033,ridge_core,core_network,full_network,True,constrained,aggregate_all_days,corridor_held_out,corridor,1,13.850064985812445,13.850064985812445,-14.798116958011178,14.798116958011178,-123.72286252407685,123.72286252407685,50.79034815596682,False,
110P58627::PM,110P58627,PM,I66_EB,EASTBOUND,40966.0,501.0,1.0,1.0,14.5,15.5,16.75,15.127481331970866,16.437477674920963,18.33334157323215,192.3516144756772,0.4086255308605416,ridge_core,core_network,full_network,True,constrained,aggregate_all_days,corridor_held_out,corridor,1,37.64887991825198,37.64887991825198,56.24866049525778,56.24866049525778,95.00049439392905,95.00049439392905,62.9660116024796,False,
110P58628::MD,110P58628,MD,I66_EB,EASTBOUND,39143.0,301.0,1.0,1.0,13.5,14.25,16.5,10.732451695928528,12.031260048255376,14.131041971884915,203.9154165573833,0.3821609099264996,ridge_core,core_network,full_network,True,constrained,aggregate_all_days,corridor_held_out,corridor,1,-166.05289824428831,166.05289824428831,-133.12439710467743,133.12439710467743,-142.13748168690498,142.13748168690498,147.10492567862357,False,
110P58632::MD,110P58632,MD,I66_EB,EASTBOUND,31800.0,301.0,1.0,1.0,13.25,14.75,16.0,10.675044943414669,12.132446916438594,14.46476438210195,227.38316632123704,0.384567247418388,ridge_core,core_network,full_network,True,constrained,aggregate_all_days,corridor_held_out,corridor,1,-154.49730339512,154.49730339512,-157.05318501368436,157.05318501368436,-92.11413707388296,92.11413707388296,134.55487516089576,False,
110P59134::AM,110P59134,AM,VA643_NB,NORTHBOUND,35282.0,403.0,3.0,5.0,6.25,7.5,10.0,6.824574885456937,7.773062250274242,9.675895178342858,171.0792175731552,0.3326484811909038,ridge_core,core_network,full_network,True,constrained,aggregate_all_days,corridor_held_out,corridor,1,34.47449312741624,34.47449312741624,16.3837350164545,16.3837350164545,-19.44628929942855,19.44628929942855,23.43483914776643,False,
110P59134::MD,110P59134,MD,VA643_NB,NORTHBOUND,35282.0,403.0,3.0,1.0,7.25,9.0,10.75,10.493959006912014,11.682743451821135,13.754385692195884,195.62560111703223,0.3646100831755461,ridge_core,core_network,full_network,True,constrained,aggregate_all_days,corridor_held_out,corridor,1,194.6375404147209,194.6375404147209,160.96460710926812,160.96460710926812,180.26314153175304,180.26314153175304,178.62176301858065,False,
110P59136::AM,110P59136,AM,VA643_NB,NORTHBOUND,29827.0,503.0,3.0,2.0,2.125,8.0,9.75,7.013148335019699,7.813368011630146,9.407270106870351,143.6473063110392,0.3342435151040285,ridge_core,core_network,full_network,True,constrained,aggregate_all_days,corridor_held_out,corridor,1,293.288900101182,293.288900101182,-11.197919302191224,11.197919302191224,-20.56379358777881,20.56379358777881,108.35020433038402,False,
110P59136::MD,110P59136,MD,VA643_NB,NORTHBOUND,29827.0,503.0,3.0,2.0,7.875,11.875,14.625,10.643579452077384,11.627434587250406,13.323170147112444,160.77544170210362,0.3671662007917778,ridge_core,core_network,full_network,True,constrained,aggregate_all_days,corridor_held_out,corridor,1,166.11476712464295,166.11476712464295,-14.85392476497566,14.85392476497566,-78.10979117325334,78.10979117325334,86.35949435429065,False,
110+04247::AM,110+04247,AM,VA7_EB,EASTBOUND,36816.0,602.0,2.0,8.0,6.25,8.0,9.5,6.575887032738785,7.3404741648683,8.832043884734263,135.36941111972874,0.3388891740630838,ridge_core,core_network,full_network,True,constrained,aggregate_all_days,corridor_held_out,corridor,2,19.55322196432709,19.55322196432709,-39.57155010790201,39.57155010790201,-40.07736691594421,40.07736691594421,33.06737966272444,False,
110+04247::MD,110+04247,MD,VA7_EB,EASTBOUND,36816.0,602.0,2.0,3.0,6.5,9.25,10.5,10.65452484739061,11.598419807641784,13.348828196993855,161.6582009761947,0.3503298766971321,ridge_core,core_network,full_network,True,constrained,aggregate_all_days,corridor_held_out,corridor,2,249.27149084343657,249.27149084343657,140.90518845850707,140.90518845850707,170.9296918196313,170.9296918196313,187.035457040525,False,
110+04248::AM,110+04248,AM,VA7_EB,EASTBOUND,36198.0,302.0,2.0,3.0,7.25,7.75,9.25,7.310365544143243,8.192999721602021,9.864094690917865,153.22374880647726,0.345625603472299,ridge_core,core_network,full_network,True,constrained,aggregate_all_days,corridor_held_out,corridor,2,3.621932648594601,3.621932648594601,26.57998329612127,26.57998329612127,36.84568145507189,36.84568145507189,22.349199133262587,False,
110+04251::AM,110+04251,AM,VA7_EB,EASTBOUND,36840.0,501.0,1.0,4.0,6.375,7.875,9.5,7.251740817471616,7.991567127678643,9.51553711693024,135.82777796751742,0.3268078096885101,ridge_core,core_network,full_network,True,constrained,aggregate_all_days,corridor_held_out,corridor,2,52.604449048296935,52.604449048296935,6.994027660718558,6.994027660718558,0.9322270158143908,0.9322270158143908,20.17690124160996,False,
110+04252::AM,110+04252,AM,VA7_EB,EASTBOUND,36828.0,601.0,1.0,4.0,6.25,7.625,9.625,7.295117121917006,8.035010581092553,9.62332831288465,139.6926714580587,0.3177948212112302,ridge_core,core_network,full_network,True,constrained,aggregate_all_days,corridor_held_out,corridor,2,62.70702731502034,62.70702731502034,24.600634865553204,24.600634865553204,-0.1003012269209691,0.1003012269209691,29.13598780249817,False,
110+04252::MD,110+04252,MD,VA7_EB,EASTBOUND,36828.0,601.0,1.0,1.0,7.25,10.5,16.0,11.120552155844756,11.998878984624382,13.712197425244732,155.49871616399852,0.3389070406934888,ridge_core,core_network,full_network,True,constrained,aggregate_all_days,corridor_held_out,corridor,2,232.2331293506853,232.2331293506853,89.93273907746288,89.93273907746288,-137.2681544853161,137.2681544853161,153.14467430448812,False,
110+04658::PM,110+04658,PM,I95HOV_NB,NORTHBOUND,48212.0,501.0,1.0,14.0,14.125,15.75,19.0,15.418226877325637,16.690133070068722,18.142028657617324,163.4281068175012,0.4669598947860588,ridge_core,core_network,full_network,True,constrained,aggregate_all_days,corridor_held_out,corridor,2,77.59361263953821,77.59361263953821,56.40798420412331,56.40798420412331,-51.47828054296056,51.47828054296056,61.826625795540686,False,
110+04659::MD,110+04659,MD,I95HOV_NB,NORTHBOUND,39118.0,501.0,1.0,6.0,12.625,13.5,15.5,10.887820344268407,11.664202773139834,13.458474636130292,154.23925751171296,0.3020174402016166,ridge_core,core_network,full_network,True,constrained,aggregate_all_days,corridor_held_out,corridor,2,-104.23077934389546,104.23077934389546,-110.14783361160994,110.14783361160994,-122.49152183218246,122.49152183218246,112.29004492922928,False,
110+04659::PM,110+04659,PM,I95HOV_NB,NORTHBOUND,39118.0,501.0,1.0,10.0,16.375,17.0,18.0,14.935602418862088,16.26715171483685,17.927745838352095,179.52860516940038,0.4450151979017492,ridge_core,core_network,full_network,True,constrained,aggregate_all_days,corridor_held_out,corridor,2,-86.36385486827476,86.36385486827476,-43.97089710978904,43.97089710978904,-4.335249698874293,4.335249698874293,44.89000055897936,False,
110+04660::MD,110+04660,MD,I95HOV_NB,NORTHBOUND,39116.0,501.0,1.0,16.0,11.75,13.0,16.0,10.908860310036689,11.68707658285323,13.459343542657528,153.02899395725026,0.3051250299798512,ridge_core,core_network,full_network,True,constrained,aggregate_all_days,corridor_held_out,corridor,2,-50.46838139779869,50.46838139779869,-78.7754050288062,78.7754050288062,-152.43938744054842,152.43938744054842,93.8943912890511,False,
110+04660::PM,110+04660,PM,I95HOV_NB,NORTHBOUND,39116.0,501.0,1.0,10.0,14.25,16.0,18.0,14.9558600108491,16.2897547208341,17.924044037874125,178.09104162150155,0.449397577050486,ridge_core,core_network,full_network,True,constrained,aggregate_all_days,corridor_held_out,corridor,2,42.35160065094593,42.35160065094593,17.385283250046015,17.385283250046015,-4.557357727552471,4.557357727552471,21.43141387618148,False,
110+04661::MD,110+04661,MD,I95HOV_NB,NORTHBOUND,39105.0,501.0,1.0,2.0,12.0,13.5,18.375,10.88877337025578,11.752362886748946,13.699814058211524,168.66244127734453,0.3072134530792541,ridge_core,core_network,full_network,True,constrained,aggregate_all_days,corridor_held_out,corridor,2,-66.67359778465318,66.67359778465318,-104.85822679506325,104.85822679506325,-280.51115650730867,280.51115650730867,150.68099369567503,False,
110+04661::PM,110+04661,PM,I95HOV_NB,NORTHBOUND,39105.0,501.0,1.0,9.0,12.75,16.875,19.0,14.864186060135978,16.33678329400283,18.12620061007109,195.7208729961069,0.4514379722482063,ridge_core,core_network,full_network,True,constrained,aggregate_all_days,corridor_held_out,corridor,2,126.85116360815869,126.85116360815869,-32.29300235983011,32.29300235983011,-52.42796339573431,52.42796339573431,70.52404312124104,False,
110+04662::MD,110+04662,MD,I95HOV_NB,NORTHBOUND,40977.0,501.0,1.0,3.0,12.5,13.25,14.5,10.927616457534857,11.794842813388849,13.697831402806502,166.21289671629873,0.3130538145908932,ridge_core,core_network,full_network,True,constrained,aggregate_all_days,corridor_held_out,corridor,2,-94.3430125479086,94.3430125479086,-87.30943119666918,87.30943119666918,-48.13011583160989,48.13011583160989,76.5941865253959,False,
110+04662::PM,110+04662,PM,I95HOV_NB,NORTHBOUND,40977.0,501.0,1.0,8.0,15.125,16.625,19.0,14.901746601198244,16.37876031082556,18.11541844308389,192.8203105131384,0.4596031524988151,ridge_core,core_network,full_network,True,constrained,aggregate_all_days,corridor_held_out,corridor,2,-13.395203928105346,13.395203928105346,-14.77438135046647,14.77438135046647,-53.07489341496684,53.07489341496684,27.081492897846218,False,
110+04663::MD,110+04663,MD,I95HOV_NB,NORTHBOUND,39135.0,501.0,1.0,5.0,12.25,14.5,16.5,10.961370463269889,11.822369844737482,13.5523233747498,155.4571746887948,0.3323099303166436,ridge_core,core_network,full_network,True,constrained,aggregate_all_days,corridor_held_out,corridor,2,-77.31777220380678,77.31777220380678,-160.65780931575108,160.65780931575108,-176.860597515012,176.860597515012,138.2787263448566,False,
110+04663::PM,110+04663,PM,I95HOV_NB,NORTHBOUND,39135.0,501.0,1.0,9.0,13.25,16.75,19.25,15.145422684467942,16.4793351243182,18.02246713156995,172.62266682612048,0.4636398444222451,ridge_core,core_network,full_network,True,constrained,aggregate_all_days,corridor_held_out,corridor,2,113.72536106807652,113.72536106807652,-16.239892540907945,16.239892540907945,-73.65197210580298,73.65197210580298,67.87240857159581,False,
110+04664::MD,110+04664,MD,I95HOV_NB,NORTHBOUND,31333.0,501.0,1.0,1.0,12.75,13.0,14.0,11.089722033502095,11.93992515948822,13.794240937323062,162.27113422925794,0.3143639058262632,ridge_core,core_network,full_network,True,constrained,aggregate_all_days,corridor_held_out,corridor,2,-99.61667798987428,99.61667798987428,-63.60449043070688,63.60449043070688,-12.345543760616271,12.345543760616271,58.52223739373247,False,
110+04664::PM,110+04664,PM,I95HOV_NB,NORTHBOUND,31333.0,501.0,1.0,3.0,15.0,15.25,16.25,15.257067291858936,16.57307123873541,18.24188006940022,179.08876665247698,0.4408999977414062,ridge_core,core_network,full_network,True,constrained,aggregate_all_days,corridor_held_out,corridor,2,15.424037511536175,15.424037511536175,79.38427432412453,79.38427432412453,119.51280416401325,119.51280416401325,71.44037199989133,False,
110+04665::MD,110+04665,MD,I95HOV_NB,NORTHBOUND,31330.0,501.0,1.0,9.0,11.75,13.5,16.0,11.080809609167195,11.930277189451472,13.797339377917666,162.9917861250282,0.312703210565224,ridge_core,core_network,full_network,True,constrained,aggregate_all_days,corridor_held_out,corridor,2,-40.15142344996829,40.15142344996829,-94.1833686329116,94.1833686329116,-132.15963732494004,132.15963732494004,88.8314764692733,False,
110+04665::PM,110+04665,PM,I95HOV_NB,NORTHBOUND,31330.0,501.0,1.0,6.0,12.25,15.25,19.375,15.247009489505244,16.56176973573678,18.24384486445607,179.81012249704935,0.438716206175693,ridge_core,core_network,full_network,True,constrained,aggregate_all_days,corridor_held_out,corridor,2,179.82056937031473,179.82056937031473,78.7061841442069,78.7061841442069,-67.86930813263588,67.86930813263588,108.79868721571916,False,
110+04666::MD,110+04666,MD,I95HOV_NB,NORTHBOUND,31439.0,501.0,1.0,6.0,12.5,14.5,16.625,11.096804629682634,11.948562623389863,13.838119944216032,164.47891887200387,0.3107114271720355,ridge_core,core_network,full_network,True,constrained,aggregate_all_days,corridor_held_out,corridor,2,-84.19172221904198,84.19172221904198,-153.0862425966082,153.0862425966082,-167.21280334703806,167.21280334703806,134.8302560542294,False,
110+04666::PM,110+04666,PM,I95HOV_NB,NORTHBOUND,31439.0,501.0,1.0,9.0,13.25,17.0,19.0,15.241273013328016,16.55531172833831,18.24500016356129,180.22362901399623,0.4374694002776663,ridge_core,core_network,full_network,True,constrained,aggregate_all_days,corridor_held_out,corridor,2,119.47638079968104,119.47638079968104,-26.681296299701387,26.681296299701387,-45.2999901863226,45.2999901863226,63.819222428568345,False,
110+04667::MD,110+04667,MD,I95HOV_NB,NORTHBOUND,31317.0,501.0,1.0,5.0,12.25,14.25,16.75,11.20709179638976,12.073562242641362,14.070335643275508,171.7946308131447,0.3026184609438804,ridge_core,core_network,full_network,True,constrained,aggregate_all_days,corridor_held_out,corridor,2,-62.57449221661432,62.57449221661432,-130.58626544151826,130.58626544151826,-160.77986140346954,160.77986140346954,117.98020635386736,False,
110+04667::PM,110+04667,PM,I95HOV_NB,NORTHBOUND,31317.0,501.0,1.0,4.0,14.25,16.25,18.375,15.228394887613712,16.540781224482934,18.247686558445213,181.1575002498901,0.4346669616413029,ridge_core,core_network,full_network,True,constrained,aggregate_all_days,corridor_held_out,corridor,2,58.70369325682272,58.70369325682272,17.446873468976065,17.446873468976065,-7.638806493287191,7.638806493287191,27.929791073028664,False,
110+04668::MD,110+04668,MD,I95HOV_NB,NORTHBOUND,31312.0,501.0,1.0,1.0,11.75,12.75,13.5,11.192149710071316,12.051011167295371,13.795130213895224,156.1788302294345,0.3299530887620354,ridge_core,core_network,full_network,True,constrained,aggregate_all_days,corridor_held_out,corridor,2,-33.471017395721034,33.471017395721034,-41.93932996227762,41.93932996227762,17.70781283371342,17.70781283371342,31.03938673057069,False,
110+04668::PM,110+04668,PM,I95HOV_NB,NORTHBOUND,31312.0,501.0,1.0,13.0,14.875,17.125,19.0,15.356051828344302,16.68285726217994,18.22655464879173,172.23016922684562,0.4622205644197305,ridge_core,core_network,full_network,True,constrained,aggregate_all_days,corridor_held_out,corridor,2,28.863109700658143,28.863109700658143,-26.528564269203585,26.528564269203585,-46.40672107249621,46.40672107249621,33.932798347452646,False,
110+04669::MD,110+04669,MD,I95HOV_NB,NORTHBOUND,31304.0,501.0,1.0,3.0,12.75,14.0,15.0,11.621836293750588,12.542831384187664,14.856850629764974,194.1008601608632,0.2846958296858008,ridge_core,core_network,full_network,True,constrained,aggregate_all_days,corridor_held_out,corridor,2,-67.6898223749648,67.6898223749648,-87.43011694874025,87.43011694874025,-8.588962214101556,8.588962214101556,54.56963384593555,False,
110+04669::PM,110+04669,PM,I95HOV_NB,NORTHBOUND,31304.0,501.0,1.0,21.0,15.75,17.0,19.25,15.238407664621324,16.552082716111613,18.24558662821435,180.4307378155817,0.4368463158975709,ridge_core,core_network,full_network,True,constrained,aggregate_all_days,corridor_held_out,corridor,2,-30.695540122720573,30.695540122720573,-26.87503703330321,26.87503703330321,-60.264802307138936,60.264802307138936,39.27845982105424,False,
110+05669::AM,110+05669,AM,VA28_NB,NORTHBOUND,32969.0,205.0,5.0,9.0,7.5,8.0,9.75,7.207448447137494,8.062928816854567,9.751602020493891,152.64921440138377,0.3362534316623322,ridge_core,core_network,full_network,True,constrained,aggregate_all_days,corridor_held_out,corridor,2,-17.553093171750334,17.553093171750334,3.775729011274045,3.775729011274045,0.0961212296334679,0.0961212296334679,7.141647804219282,False,
110+05670::AM,110+05670,AM,VA28_NB,NORTHBOUND,32961.0,305.0,5.0,11.0,7.25,8.0,9.75,7.518091992853158,8.243313489851523,9.855334666424133,140.23456041425848,0.3102893444480585,ridge_core,core_network,full_network,True,constrained,aggregate_all_days,corridor_held_out,corridor,2,16.08551957118948,16.08551957118948,14.598809391091407,14.598809391091407,6.320079985447968,6.320079985447968,12.334802982576283,False,
110+05670::MD,110+05670,MD,VA28_NB,NORTHBOUND,32961.0,305.0,5.0,1.0,5.25,9.0,10.0,11.35218062205804,12.354863546619445,14.284529648530391,175.94094158834102,0.3419384648653655,ridge_core,core_network,full_network,True,constrained,aggregate_all_days,corridor_held_out,corridor,2,366.1308373234824,366.1308373234824,201.2918127971667,201.2918127971667,257.07177891182346,257.07177891182346,274.83147634415747,False,
110+05671::AM,110+05671,AM,VA28_NB,NORTHBOUND,32949.0,305.0,5.0,10.0,5.875,7.75,9.25,7.2873778474192,8.069119312922481,9.80439598055352,151.02108798805918,0.310582373329912,ridge_core,core_network,full_network,True,constrained,aggregate_all_days,corridor_held_out,corridor,2,84.74267084515199,84.74267084515199,19.147158775348885,19.147158775348885,33.26375883321113,33.26375883321113,45.717862817904006,False,
110+05672::AM,110+05672,AM,VA28_NB,NORTHBOUND,32937.0,305.0,5.0,10.0,7.125,7.875,9.25,7.263143680395061,8.029097684861338,9.7493247607679,149.1708648223704,0.3080845600962465,ridge_core,core_network,full_network,True,constrained,aggregate_all_days,corridor_held_out,corridor,2,8.288620823703639,8.288620823703639,9.245861091680254,9.245861091680254,29.959485646074,29.959485646074,15.831322520485962,False,
110+05674::PM,110+05674,PM,VA28_NB,NORTHBOUND,32918.0,305.0,5.0,2.0,16.75,17.75,18.875,15.811685329351892,17.163632610720846,19.10616892772604,197.6690159024488,0.4103669789208088,ridge_core,core_network,full_network,True,constrained,aggregate_all_days,corridor_held_out,corridor,2,-56.29888023888647,56.29888023888647,-35.18204335674923,35.18204335674923,13.870135663562309,13.870135663562309,35.117019753066,False,
110+05675::PM,110+05675,PM,VA28_NB,NORTHBOUND,32270.0,205.0,5.0,3.0,16.5,17.5,18.75,15.49023163180131,17.051161963203604,19.024628022092188,212.06378341745275,0.4416398612476601,ridge_core,core_network,full_network,True,constrained,aggregate_all_days,corridor_held_out,corridor,2,-60.58610209192143,60.58610209192143,-26.930282207783733,26.930282207783733,16.47768132553125,16.47768132553125,34.66468854174547,False,
110+05676::AM,110+05676,AM,VA28_NB,NORTHBOUND,35854.0,305.0,5.0,1.0,7.75,7.75,8.75,7.375141349123354,8.127090181235724,9.85911928265188,149.03867601171143,0.3027196103325347,ridge_core,core_network,full_network,True,constrained,aggregate_all_days,corridor_held_out,corridor,2,-22.491519052598736,22.491519052598736,22.625410874143448,22.625410874143448,66.54715695911271,66.54715695911271,37.22136229528497,False,
110+05676::PM,110+05676,PM,VA28_NB,NORTHBOUND,35854.0,305.0,5.0,10.0,16.375,17.375,18.5,15.783443534204574,17.22021305634219,19.36584008677785,214.94379315439667,0.4010637853884617,ridge_core,core_network,full_network,True,constrained,aggregate_all_days,corridor_held_out,corridor,2,-35.49338794772556,35.49338794772556,-9.287216619468666,9.287216619468666,51.95040520667106,51.95040520667106,32.24366992462176,False,
110+05677::AM,110+05677,AM,VA28_NB,NORTHBOUND,36881.0,305.0,5.0,1.0,6.5,7.5,8.5,7.436093609431618,8.184022285130089,9.886654135066143,147.0336315380716,0.3052071833666747,ridge_core,core_network,full_network,True,constrained,aggregate_all_days,corridor_held_out,corridor,2,56.16561656589706,56.16561656589706,41.04133710780534,41.04133710780534,83.19924810396859,83.19924810396859,60.135400592557,False,
110+05677::PM,110+05677,PM,VA28_NB,NORTHBOUND,36881.0,305.0,5.0,13.0,16.0,17.0,18.75,15.884864440411006,17.255013674572623,19.28651423292808,204.0989875510245,0.4027896220168408,ridge_core,core_network,full_network,True,constrained,aggregate_all_days,corridor_held_out,corridor,2,-6.908133575339654,6.908133575339654,15.300820474357408,15.300820474357408,32.190853975684846,32.190853975684846,18.13326934179397,False,
110+05678::AM,110+05678,AM,VA28_NB,NORTHBOUND,36732.0,305.0,5.0,1.0,6.25,7.5,8.5,7.427071750564132,8.167954609708298,9.862782159959258,146.14262456370744,0.3041752649602354,ridge_core,core_network,full_network,True,constrained,aggregate_all_days,corridor_held_out,corridor,2,70.62430503384795,70.62430503384795,40.07727658249788,40.07727658249788,81.76692959755545,81.76692959755545,64.15617040463376,False,
110+05678::MD,110+05678,MD,VA28_NB,NORTHBOUND,36732.0,305.0,5.0,2.0,10.375,11.375,12.625,11.34474544536135,12.421312174635132,14.59614169317441,195.0837748687836,0.3311090519950929,ridge_core,core_network,full_network,True,constrained,aggregate_all_days,corridor_held_out,corridor,2,58.18472672168095,58.18472672168095,62.778730478108,62.778730478108,118.26850159046458,118.26850159046458,79.74398626341785,False,
110+05678::PM,110+05678,PM,VA28_NB,NORTHBOUND,36732.0,305.0,5.0,21.0,15.5,17.25,19.0,15.859788461476668,17.23808920875908,19.28861246635294,205.7294402925764,0.4019747719107993,ridge_core,core_network,full_network,True,constrained,aggregate_all_days,corridor_held_out,corridor,2,21.587307688600102,21.587307688600102,-0.7146474744551057,0.7146474744551057,17.316747981176448,17.316747981176448,13.206234381410551,False,
110+06995::AM,110+06995,AM,VA123_SB,SOUTHBOUND,25597.0,502.0,2.0,1.0,6.5,7.75,9.0,6.527104962113678,7.565075226648631,9.4252730046455,173.8900825519094,0.3581470257425749,ridge_core,core_network,full_network,True,constrained,aggregate_all_days,corridor_held_out,corridor,2,1.6262977268206846,1.6262977268206846,-11.095486401082155,11.095486401082155,25.51638027873004,25.51638027873004,12.746054802210958,False,
110+06995::PM,110+06995,PM,VA123_SB,SOUTHBOUND,25597.0,502.0,2.0,1.0,14.0,16.0,19.25,14.984502772009463,16.657619436720857,18.79883111977913,228.85970086618028,0.4386399156458843,ridge_core,core_network,full_network,True,constrained,aggregate_all_days,corridor_held_out,corridor,2,59.07016632056781,59.07016632056781,39.45716620325143,39.45716620325143,-27.07013281325196,27.07013281325196,41.86582177902373,False,
110+06996::MD,110+06996,MD,VA123_SB,SOUTHBOUND,30241.0,502.0,2.0,5.0,12.5,12.75,14.0,10.619393739535443,11.906830934955682,14.005376605670325,203.15897196809271,0.3802255493660708,ridge_core,core_network,full_network,True,constrained,aggregate_all_days,corridor_held_out,corridor,2,-112.83637562787332,112.83637562787332,-50.59014390265908,50.59014390265908,0.3225963402193699,0.3225963402193699,54.58303862358392,False,
110+07184::AM,110+07184,AM,VA28_NB,NORTHBOUND,31821.0,205.0,5.0,3.0,7.25,8.0,9.0,7.317386643005261,8.11398780237121,9.70982424974739,143.54625640452767,0.3329663256926935,ridge_core,core_network,full_network,True,constrained,aggregate_all_days,corridor_held_out,corridor,2,4.043198580315686,4.043198580315686,6.839268142272559,6.839268142272559,42.58945498484341,42.58945498484341,17.823973902477217,False,
110+07184::PM,110+07184,PM,VA28_NB,NORTHBOUND,31821.0,205.0,5.0,6.0,15.875,16.25,18.625,15.756299131446212,17.08721275417987,18.83790073225104,184.8960960482893,0.4318902295436449,ridge_core,core_network,full_network,True,constrained,aggregate_all_days,corridor_held_out,corridor,2,-7.122052113227255,7.122052113227255,50.23276525079218,50.23276525079218,12.774043935061954,12.774043935061954,23.3762870996938,False,
110+07951::MD,110+07951,MD,VA28_NB,NORTHBOUND,,,,1.0,9.5,13.25,15.0,10.40254732674571,11.606791198675412,13.581148448928248,190.71606733095223,0.3788597013716611,ridge_core,core_network,full_network,True,constrained,aggregate_all_days,corridor_held_out,corridor,2,54.15283960474259,54.15283960474259,-98.5925280794752,98.5925280794752,-85.1310930643051,85.1310930643051,79.29215358284097,False,
110+07952::AM,110+07952,AM,VA28_NB,NORTHBOUND,31821.0,205.0,5.0,19.0,6.0,7.75,9.0,7.317386643005261,8.11398780237121,9.70982424974739,143.54625640452767,0.3329663256926935,ridge_core,core_network,full_network,True,constrained,aggregate_all_days,corridor_held_out,corridor,2,79.04319858031569,79.04319858031569,21.83926814227256,21.83926814227256,42.58945498484341,42.58945498484341,47.82397390247721,False,
110+10012::PM,110+10012,PM,VA123_SB,SOUTHBOUND,33676.0,502.0,2.0,1.0,16.75,17.0,18.0,15.172167771480966,16.88805043552142,18.82459912602472,219.1458812726252,0.4697918995536595,ridge_core,core_network,full_network,True,constrained,aggregate_all_days,corridor_held_out,corridor,2,-94.66993371114202,94.66993371114202,-6.716973868714717,6.716973868714717,49.475947561483125,49.475947561483125,50.287618380446624,False,
110+10013::MD,110+10013,MD,VA123_SB,SOUTHBOUND,30224.0,302.0,2.0,1.0,6.5,9.0,10.0,10.688292234295986,11.856170497503506,13.912631859665089,193.46037752214605,0.362206962944801,ridge_core,core_network,full_network,True,constrained,aggregate_all_days,corridor_held_out,corridor,2,251.29753405775915,251.29753405775915,171.37022985021034,171.37022985021034,234.75791157990523,234.75791157990523,219.1418918292916,False,
110+10014::AM,110+10014,AM,VA123_SB,SOUTHBOUND,30192.0,302.0,2.0,5.0,7.0,8.0,9.25,6.8595438223409495,7.834721868336714,9.646962135250106,167.24509877454938,0.349849910033057,ridge_core,core_network,full_network,True,constrained,aggregate_all_days,corridor_held_out,corridor,2,-8.42737065954303,8.42737065954303,-9.91668789979718,9.91668789979718,23.81772811500639,23.81772811500639,14.053928891448868,False,
110+10014::MD,110+10014,MD,VA123_SB,SOUTHBOUND,30192.0,302.0,2.0,2.0,8.875,10.0,11.0,10.677938643930863,11.841225276245316,13.87207546966196,191.64820954386565,0.364194364794686,ridge_core,core_network,full_network,True,constrained,aggregate_all_days,corridor_held_out,corridor,2,108.17631863585191,108.17631863585191,110.47351657471896,110.47351657471896,172.3245281797176,172.3245281797176,130.32478779676282,False,
110+10014::PM,110+10014,PM,VA123_SB,SOUTHBOUND,30192.0,302.0,2.0,12.0,13.0,17.0,19.25,15.214930225710384,16.836684227161804,18.931956567105114,223.0215804836839,0.4363041454376387,ridge_core,core_network,full_network,True,constrained,aggregate_all_days,corridor_held_out,corridor,2,132.89581354262296,132.89581354262296,-9.79894637029176,9.79894637029176,-19.08260597369313,19.08260597369313,53.92578862886929,False,
110+10027::AM,110+10027,AM,VA123_SB,SOUTHBOUND,29826.0,502.0,2.0,1.0,7.5,7.75,9.0,6.711066813396456,7.767507849397293,9.50606472178766,167.69987450347222,0.3779756087935405,ridge_core,core_network,full_network,True,constrained,aggregate_all_days,corridor_held_out,corridor,2,-47.33599119621266,47.33599119621266,1.0504709638375864,1.0504709638375864,30.36388330725956,30.36388330725956,26.250115155769933,False,
110+10027::MD,110+10027,MD,VA123_SB,SOUTHBOUND,29826.0,502.0,2.0,6.0,12.0,13.75,15.0,10.485941720066158,11.73761419915995,13.667327431618885,190.8831426931635,0.3934362546950943,ridge_core,core_network,full_network,True,constrained,aggregate_all_days,corridor_held_out,corridor,2,-90.84349679603052,90.84349679603052,-120.74314805040302,120.74314805040302,-79.96035410286702,79.96035410286702,97.18233298310018,False,
110+10028::PM,110+10028,PM,VA123_SB,SOUTHBOUND,29650.0,502.0,2.0,18.0,14.375,17.375,18.75,15.163613539862586,16.888588684820448,18.857441272637004,221.6296639664652,0.4669885197007386,ridge_core,core_network,full_network,True,constrained,aggregate_all_days,corridor_held_out,corridor,2,47.31681239175519,47.31681239175519,-29.18467891077313,29.18467891077313,6.446476358220252,6.446476358220252,27.64932255358285,False,
110+10029::PM,110+10029,PM,VA123_SB,SOUTHBOUND,29509.0,502.0,2.0,20.0,14.75,16.875,18.75,15.08899671020274,16.839228132340512,18.881393980025145,227.54383618934432,0.4615105690706642,ridge_core,core_network,full_network,True,constrained,aggregate_all_days,corridor_held_out,corridor,2,20.33980261216445,20.33980261216445,-2.1463120595692686,2.1463120595692686,7.883638801508681,7.883638801508681,10.123251157747468,False,
110+10030::PM,110+10030,PM,VA123_SB,SOUTHBOUND,29503.0,602.0,2.0,3.0,16.75,17.5,18.5,14.926864424708436,16.275345831088227,17.98228176779376,183.3250405851195,0.4413411508026952,ridge_core,core_network,full_network,True,constrained,aggregate_all_days,corridor_held_out,corridor,2,-109.38813451749375,109.38813451749375,-73.47925013470636,73.47925013470636,-31.063093932374315,31.063093932374315,71.31015952819148,False,
110+10032::PM,110+10032,PM,VA123_SB,SOUTHBOUND,29443.0,502.0,2.0,2.0,16.0,17.0,18.25,15.127782111535048,16.872119432175204,18.90489862286016,226.62699067950675,0.4618171865787099,ridge_core,core_network,full_network,True,constrained,aggregate_all_days,corridor_held_out,corridor,2,-52.33307330789714,52.33307330789714,-7.672834069487777,7.672834069487777,39.29391737160955,39.29391737160955,33.09994158299816,False,
110+10033::PM,110+10033,PM,VA123_SB,SOUTHBOUND,29439.0,502.0,2.0,13.0,15.25,16.5,18.5,15.127716260899632,16.87648685145336,18.92719347570648,227.96863288841087,0.4602661081210433,ridge_core,core_network,full_network,True,constrained,aggregate_all_days,corridor_held_out,corridor,2,-7.337024346022076,7.337024346022076,22.58921108720166,22.58921108720166,25.631608542388875,25.631608542388875,18.519281325204204,False,
110+10035::MD,110+10035,MD,VA123_SB,SOUTHBOUND,29434.0,502.0,2.0,1.0,10.75,11.0,12.5,10.787626517692363,12.041174710585558,14.06404143147066,196.5848948266978,0.3825975115732912,ridge_core,core_network,full_network,True,constrained,aggregate_all_days,corridor_held_out,corridor,2,2.257591061541788,2.257591061541788,62.47048263513349,62.47048263513349,93.84248588823958,93.84248588823958,52.85685319497162,False,
110+10035::PM,110+10035,PM,VA123_SB,SOUTHBOUND,29434.0,502.0,2.0,13.0,14.25,17.5,19.75,15.246620457341397,16.95063150625414,18.9495292747262,222.17452904308783,0.460181747093684,ridge_core,core_network,full_network,True,constrained,aggregate_all_days,corridor_held_out,corridor,2,59.79722744048381,59.79722744048381,-32.96210962475158,32.96210962475158,-48.02824351642826,48.02824351642826,46.92919352722121,False,
110+10943::AM,110+10943,AM,VA244_EB,EASTBOUND,34282.0,302.0,2.0,6.0,6.75,8.125,10.0,6.909905236541023,7.873476104326754,9.688575704177966,166.72022805821666,0.3467740701923455,ridge_core,core_network,full_network,True,constrained,aggregate_all_days,corridor_held_out,corridor,2,9.59431419246135,9.59431419246135,-15.091433740394784,15.091433740394784,-18.685457749322048,18.685457749322048,14.457068560726064,False,
110+10943::MD,110+10943,MD,VA244_EB,EASTBOUND,34282.0,302.0,2.0,6.0,7.125,9.375,11.125,10.788801111294124,11.94808968377328,13.981512394896376,191.56267701613524,0.3631047312148938,ridge_core,core_network,full_network,True,constrained,aggregate_all_days,corridor_held_out,corridor,2,219.82806667764743,219.82806667764743,154.38538102639677,154.38538102639677,171.39074369378264,171.39074369378264,181.86806379927563,False,
110+10943::PM,110+10943,PM,VA244_EB,EASTBOUND,34282.0,302.0,2.0,4.0,13.0,16.25,19.5,15.290964101181348,16.88765243521663,18.887331471227235,215.7820422027533,0.4439725338779587,ridge_core,core_network,full_network,True,constrained,aggregate_all_days,corridor_held_out,corridor,2,137.4578460708808,137.4578460708808,38.2591461129978,38.2591461129978,-36.76011172636592,36.76011172636592,70.82570130341485,False,
110+10952::PM,110+10952,PM,VA244_EB,EASTBOUND,26537.0,102.0,2.0,1.0,17.5,17.75,23.75,14.806376544759736,16.50028414453718,18.545652763497667,224.3565731242759,0.4530041378834443,ridge_core,core_network,full_network,True,constrained,aggregate_all_days,corridor_held_out,corridor,2,-161.61740731441583,161.61740731441583,-74.98295132776924,74.98295132776924,-312.26083419014,312.26083419014,182.9537309441084,False,
110+13706::AM,110+13706,AM,VA244_EB,EASTBOUND,28818.0,302.0,2.0,4.0,7.125,7.625,8.875,6.835874589120433,7.809454990436243,9.661593736859984,169.54314886437314,0.3445425218902702,ridge_core,core_network,full_network,True,constrained,aggregate_all_days,corridor_held_out,corridor,2,-17.347524652774027,17.347524652774027,11.067299426174577,11.067299426174577,47.19562421159907,47.19562421159907,25.20348276351589,False,
110+13706::MD,110+13706,MD,VA244_EB,EASTBOUND,28818.0,302.0,2.0,5.0,9.5,10.0,12.0,10.71104806710116,11.882492920705303,13.962184042434268,195.0681585199864,0.3603186278556434,ridge_core,core_network,full_network,True,constrained,aggregate_all_days,corridor_held_out,corridor,2,72.6628840260696,72.6628840260696,112.9495752423183,112.9495752423183,117.7310425460561,117.7310425460561,101.11450060481468,False,
110+13706::PM,110+13706,PM,VA244_EB,EASTBOUND,28818.0,302.0,2.0,4.0,16.25,16.75,19.25,15.207405503301493,16.82311828287096,18.875422415439875,220.081014728303,0.4404867311878177,ridge_core,core_network,full_network,True,constrained,aggregate_all_days,corridor_held_out,corridor,2,-62.55566980191045,62.55566980191045,4.38709697225768,4.38709697225768,-22.474655073607508,22.474655073607508,29.805807282591875,False,
110-04603::AM,110-04603,AM,I495_CCW,COUNTERCLOCKWISE,33026.0,401.0,1.0,2.0,7.25,7.5,8.625,6.8018640631377645,7.920158096439295,9.563845356986873,165.7188776309465,0.4048883443895712,ridge_core,core_network,full_network,True,constrained,aggregate_all_days,corridor_held_out,corridor,2,-26.88815621173413,26.88815621173413,25.209485786357728,25.209485786357728,56.33072141921236,56.33072141921236,36.14278780576807,False,
110-04604::MD,110-04604,MD,I495_CCW,COUNTERCLOCKWISE,32705.0,501.0,1.0,2.0,14.0,14.375,15.875,10.970632759037631,11.804150741185548,13.526309333413645,153.3405944625606,0.3261437658055094,ridge_core,core_network,full_network,True,constrained,aggregate_all_days,corridor_held_out,corridor,2,-181.76203445774203,181.76203445774203,-154.2509555288671,154.2509555288671,-140.92143999518143,140.92143999518143,158.97814332726352,False,
110-04604::PM,110-04604,PM,I495_CCW,COUNTERCLOCKWISE,32705.0,501.0,1.0,1.0,14.5,17.0,17.75,15.74046894121598,16.97433317750992,18.818536261401523,184.68403921113267,0.4008568065429976,ridge_core,core_network,full_network,True,constrained,aggregate_all_days,corridor_held_out,corridor,2,74.42813647295878,74.42813647295878,-1.5400093494048406,1.5400093494048406,64.11217568409135,64.11217568409135,46.69344050215167,False,
110-04605::MD,110-04605,MD,I495_CCW,COUNTERCLOCKWISE,31703.0,401.0,1.0,1.0,13.5,14.0,19.0,10.641344455836174,12.386322089227283,14.642558089849596,240.0728180408053,0.4361120882317921,ridge_core,core_network,full_network,True,constrained,aggregate_all_days,corridor_held_out,corridor,2,-171.51933264982955,171.51933264982955,-96.8206746463629,96.8206746463629,-261.4465146090243,261.4465146090243,176.59550730173888,False,
110-04605::PM,110-04605,PM,I495_CCW,COUNTERCLOCKWISE,31703.0,401.0,1.0,17.0,14.0,16.25,20.0,15.019350602402234,17.094490324509355,19.083184451557507,243.8300309493163,0.5106359657244524,ridge_core,core_network,full_network,True,constrained,aggregate_all_days,corridor_held_out,corridor,2,61.16103614413405,61.16103614413405,50.669419470561294,50.669419470561294,-55.008932906549575,55.008932906549575,55.613129507081645,False,
110-04606::PM,110-04606,PM,I495_CCW,COUNTERCLOCKWISE,32682.0,201.0,1.0,21.0,13.5,16.75,19.75,15.132855972820895,16.89941746133456,19.13084496219686,239.87933936255791,0.4418625196837778,ridge_core,core_network,full_network,True,constrained,aggregate_all_days,corridor_held_out,corridor,2,97.9713583692538,97.9713583692538,8.965047680073681,8.965047680073681,-37.149302268188364,37.149302268188364,48.02856943917195,False,
110-04607::AM,110-04607,AM,I495_CCW,COUNTERCLOCKWISE,31722.0,201.0,1.0,2.0,7.5,8.25,9.5,6.892681879746262,7.723279036716417,9.433401187586872,152.44315847043663,0.3269141752128809,ridge_core,core_network,full_network,True,constrained,aggregate_all_days,corridor_held_out,corridor,2,-36.43908721522428,36.43908721522428,-31.603257797014965,31.603257797014965,-3.995928744787669,3.995928744787669,24.01275791900897,False,
110-04607::PM,110-04607,PM,I495_CCW,COUNTERCLOCKWISE,31722.0,201.0,1.0,20.0,14.0,16.5,19.5,15.199976027121934,16.887371678429286,19.035898220218915,230.1553315858189,0.4398930860338988,ridge_core,core_network,full_network,True,constrained,aggregate_all_days,corridor_held_out,corridor,2,71.99856162731606,71.99856162731606,23.24230070575716,23.24230070575716,-27.84610678686512,27.84610678686512,41.02898970664612,False,
110-04608::MD,110-04608,MD,I495_CCW,COUNTERCLOCKWISE,32652.0,501.0,1.0,2.0,11.125,12.0,14.0,11.202691375706744,12.065031689511828,13.8881485007933,161.12742750519345,0.3211149065644785,ridge_core,core_network,full_network,True,constrained,aggregate_all_days,corridor_held_out,corridor,2,4.66148254240462,4.66148254240462,3.901901370709595,3.901901370709595,-6.711089952401927,6.711089952401927,5.091491288505381,False,
110-04608::PM,110-04608,PM,I495_CCW,COUNTERCLOCKWISE,32652.0,501.0,1.0,21.0,14.25,17.0,19.0,15.482540269022486,17.013561278991876,18.493590094414607,180.6629895235272,0.5084675109187239,ridge_core,core_network,full_network,True,constrained,aggregate_all_days,corridor_held_out,corridor,2,73.95241614134918,73.95241614134918,0.8136767395125588,0.8136767395125588,-30.38459433512358,30.38459433512358,35.050229071995105,False,
110-04609::MD,110-04609,MD,I495_CCW,COUNTERCLOCKWISE,32642.0,101.0,1.0,1.0,14.25,14.5,16.25,10.665947027787816,12.285465004900558,14.373638909127829,222.4615128804008,0.4367995046361366,ridge_core,core_network,full_network,True,constrained,aggregate_all_days,corridor_held_out,corridor,2,-215.04317833273103,215.04317833273103,-132.8720997059665,132.8720997059665,-112.58166545233028,112.58166545233028,153.49898116367595,False,
110-04609::PM,110-04609,PM,I495_CCW,COUNTERCLOCKWISE,32642.0,101.0,1.0,10.0,15.625,17.625,19.125,15.129814031505171,17.200084765314458,19.177750362851167,242.8761798807598,0.511438561367118,ridge_core,core_network,full_network,True,constrained,aggregate_all_days,corridor_held_out,corridor,2,-29.71115810968972,29.71115810968972,-25.49491408113255,25.49491408113255,3.165021771070045,3.165021771070045,19.45703132063077,False,
110-04610::AM,110-04610,AM,I495_CCW,COUNTERCLOCKWISE,32628.0,101.0,1.0,1.0,8.25,8.5,9.25,6.995738592231495,8.102208850630907,9.781423730862764,167.1411083178762,0.3971986076441753,ridge_core,core_network,full_network,True,constrained,aggregate_all_days,corridor_held_out,corridor,2,-75.2556844661103,75.2556844661103,-23.867468962145573,23.867468962145573,31.885423851765857,31.885423851765857,43.66952576000725,False,
110-04610::PM,110-04610,PM,I495_CCW,COUNTERCLOCKWISE,32628.0,101.0,1.0,3.0,16.25,17.5,19.25,15.21494859291726,17.15501123334082,19.04188669034296,229.61628584554185,0.5069490519662704,ridge_core,core_network,full_network,True,constrained,aggregate_all_days,corridor_held_out,corridor,2,-62.10308442496441,62.10308442496441,-20.69932599955088,20.69932599955088,-12.48679857942264,12.48679857942264,31.76306966797931,False,
110-04611::MD,110-04611,MD,I495_CCW,COUNTERCLOCKWISE,31752.0,301.0,1.0,1.0,8.25,12.0,17.5,10.608131189667796,12.059530561589485,14.459978014513128,231.11080949072,0.3768060979371803,ridge_core,core_network,full_network,True,constrained,aggregate_all_days,corridor_held_out,corridor,2,141.48787138006767,141.48787138006767,3.57183369536898,3.57183369536898,-182.4013191292123,182.4013191292123,109.153674734883,False,
110-04611::PM,110-04611,PM,I495_CCW,COUNTERCLOCKWISE,31752.0,301.0,1.0,2.0,15.75,16.875,18.0,15.00448121596275,16.876757582665565,19.15206076611724,248.85477300926897,0.4514142149806577,ridge_core,core_network,full_network,True,constrained,aggregate_all_days,corridor_held_out,corridor,2,-44.731127042235,44.731127042235,0.1054549599339083,0.1054549599339083,69.12364596703405,69.12364596703405,37.986742656400985,False,
110-04612::MD,110-04612,MD,I495_CCW,COUNTERCLOCKWISE,32760.0,301.0,1.0,1.0,8.5,10.25,13.25,10.408515427199823,12.071566413071276,14.472952032870095,243.8661963402164,0.4091713433422331,ridge_core,core_network,full_network,True,constrained,aggregate_all_days,corridor_held_out,corridor,2,114.5109256319894,114.5109256319894,109.29398478427656,109.29398478427656,73.37712197220583,73.37712197220583,99.06067746282392,False,
110-04612::PM,110-04612,PM,I495_CCW,COUNTERCLOCKWISE,32760.0,301.0,1.0,2.0,15.375,16.125,17.125,14.808828586478688,16.922340640975534,19.19283383998045,263.040315210106,0.4820961500465033,ridge_core,core_network,full_network,True,constrained,aggregate_all_days,corridor_held_out,corridor,2,-33.970284811278724,33.970284811278724,47.84043845853205,47.84043845853205,124.07003039882731,124.07003039882731,68.62691788954602,False,
110-04613::AM,110-04613,AM,I495_CCW,COUNTERCLOCKWISE,17740.0,501.0,1.0,3.0,6.5,8.5,10.0,6.671390297598128,7.767621046838279,9.944472925163115,196.38495765389928,0.3349230294426427,ridge_core,core_network,full_network,True,constrained,aggregate_all_days,corridor_held_out,corridor,2,10.283417855887684,10.283417855887684,-43.94273718970325,43.94273718970325,-3.331624490212981,3.331624490212981,19.18592651193464,False,
110-04613::MD,110-04613,MD,I495_CCW,COUNTERCLOCKWISE,17740.0,501.0,1.0,3.0,7.0,13.25,14.25,10.372992097122484,12.22546690379657,15.22060667834926,290.85687487360656,0.382141520460004,ridge_core,core_network,full_network,True,constrained,aggregate_all_days,corridor_held_out,corridor,2,202.37952582734903,202.37952582734903,-61.47198577220575,61.47198577220575,58.23640070095568,58.23640070095568,107.3626374335035,False,
110-04613::PM,110-04613,PM,I495_CCW,COUNTERCLOCKWISE,17740.0,501.0,1.0,7.0,14.5,16.25,19.0,14.763325512584116,16.98115375346053,19.70566300569593,296.5402495867087,0.4487407515102769,ridge_core,core_network,full_network,True,constrained,aggregate_all_days,corridor_held_out,corridor,2,15.799530755046938,15.799530755046938,43.86922520763172,43.86922520763172,42.33978034175571,42.33978034175571,34.002845434811455,False,
110-04644::AM,110-04644,AM,I495_CCW,COUNTERCLOCKWISE,28318.0,101.0,1.0,1.0,6.5,7.75,10.0,7.347684485363519,8.174806347199011,10.128293329097293,166.8365306240264,0.2974607031476031,ridge_core,core_network,full_network,True,constrained,aggregate_all_days,corridor_held_out,corridor,2,50.86106912181116,50.86106912181116,25.488380831940667,25.488380831940667,7.6975997458375645,7.6975997458375645,28.01568323319646,False,
110-04644::PM,110-04644,PM,I495_CCW,COUNTERCLOCKWISE,28318.0,101.0,1.0,23.0,14.0,17.25,19.75,16.064127961177203,17.54113693227462,20.072537573687583,240.50457675062287,0.3684775544115102,ridge_core,core_network,full_network,True,constrained,aggregate_all_days,corridor_held_out,corridor,2,123.84767767063217,123.84767767063217,17.468215936477094,17.468215936477094,19.352254421255,19.352254421255,53.55604934278809,False,
110-04645::AM,110-04645,AM,I495_CCW,COUNTERCLOCKWISE,32774.0,201.0,1.0,2.0,7.375,7.625,8.5,6.785983243817153,7.473644297762751,9.087172430270927,138.07135118722655,0.2988285613341123,ridge_core,core_network,full_network,True,constrained,aggregate_all_days,corridor_held_out,corridor,2,-35.34100537097082,35.34100537097082,-9.081342134234909,9.081342134234909,35.230345816255735,35.230345816255735,26.55089777382049,False,
110-04645::MD,110-04645,MD,I495_CCW,COUNTERCLOCKWISE,32774.0,201.0,1.0,1.0,6.75,9.0,10.75,10.839841370496124,11.685465382724344,13.585497611287147,164.73937444746147,0.3079861199174004,ridge_core,core_network,full_network,True,constrained,aggregate_all_days,corridor_held_out,corridor,2,245.3904822297673,245.3904822297673,161.12792296346072,161.12792296346072,170.12985667722884,170.12985667722884,192.2160872901524,False,
110-04645::PM,110-04645,PM,I495_CCW,COUNTERCLOCKWISE,32774.0,201.0,1.0,21.0,13.75,16.5,19.75,15.466330163742564,16.661511324325197,18.61522894635049,188.9339269564759,0.3795552804630885,ridge_core,core_network,full_network,True,constrained,aggregate_all_days,corridor_held_out,corridor,2,102.97980982455393,102.97980982455393,9.690679459511813,9.690679459511813,-68.0862632189703,68.0862632189703,60.25225083434535,False,
110-04646::MD,110-04646,MD,I495_CCW,COUNTERCLOCKWISE,32339.0,301.0,1.0,1.0,13.0,14.25,18.75,10.781302283800793,12.16811608426822,14.394128464367858,216.76957083402405,0.3838584341330679,ridge_core,core_network,full_network,True,constrained,aggregate_all_days,corridor_held_out,corridor,2,-133.12186297195254,133.12186297195254,-124.9130349439069,124.9130349439069,-261.3522921379285,261.3522921379285,173.12906335126263,False,
110-04646::PM,110-04646,PM,I495_CCW,COUNTERCLOCKWISE,32339.0,301.0,1.0,17.0,14.0,16.0,19.25,15.207519086368922,16.992528387468322,19.097506564711413,233.39924870054952,0.4588727627113045,ridge_core,core_network,full_network,True,constrained,aggregate_all_days,corridor_held_out,corridor,2,72.45114518213533,72.45114518213533,59.551703248099344,59.551703248099344,-9.14960611731523,9.14960611731523,47.05081818251663,False,
110-04647::AM,110-04647,AM,I495_CCW,COUNTERCLOCKWISE,31673.0,201.0,1.0,8.0,7.25,8.0,9.875,7.002442168126449,7.805763370195977,9.48991646132183,149.24845759172285,0.3229465342685373,ridge_core,core_network,full_network,True,constrained,aggregate_all_days,corridor_held_out,corridor,2,-14.853469912413058,14.853469912413058,-11.654197788241394,11.654197788241394,-23.10501232069022,23.10501232069022,16.53756000711489,False,
110-04647::PM,110-04647,PM,I495_CCW,COUNTERCLOCKWISE,31673.0,201.0,1.0,19.0,14.25,16.25,19.0,15.46036750785857,17.016510589053127,19.121583714723023,219.6729724118672,0.4250344675840036,ridge_core,core_network,full_network,True,constrained,aggregate_all_days,corridor_held_out,corridor,2,72.62205047151414,72.62205047151414,45.99063534318759,45.99063534318759,7.295022883381392,7.295022883381392,41.96923623269438,False,
110-04648::AM,110-04648,AM,I495_CCW,COUNTERCLOCKWISE,33035.0,401.0,1.0,9.0,7.5,8.5,9.75,6.903396172138196,7.954996599524676,9.480759262491608,154.64178542120473,0.4080140789330086,ridge_core,core_network,full_network,True,constrained,aggregate_all_days,corridor_held_out,corridor,2,-35.79622967170824,35.79622967170824,-32.70020402851941,32.70020402851941,-16.154444250503524,16.154444250503524,28.21695931691039,False,
110-04648::PM,110-04648,PM,I495_CCW,COUNTERCLOCKWISE,33035.0,401.0,1.0,17.0,14.25,16.5,18.0,15.181612035604369,17.24115518783484,19.156466369156,238.49126001309784,0.5181430511417557,ridge_core,core_network,full_network,True,constrained,aggregate_all_days,corridor_held_out,corridor,2,55.896722136262014,55.896722136262014,44.4693112700903,44.4693112700903,69.38798214935979,69.38798214935979,56.584671851904034,False,
110-05697::AM,110-05697,AM,VA7_EB,EASTBOUND,33808.0,102.0,2.0,1.0,6.75,7.0,9.0,7.061798773586037,7.881702767927797,9.49535369041013,146.0132950094456,0.3369161668279811,ridge_core,core_network,full_network,True,constrained,aggregate_all_days,corridor_held_out,corridor,2,18.707926415162195,18.707926415162195,52.9021660756678,52.9021660756678,29.72122142460784,29.72122142460784,33.77710463847928,False,
110-05699::AM,110-05699,AM,VA7_EB,EASTBOUND,30354.0,302.0,2.0,5.0,7.5,8.75,9.75,7.055012715713529,7.936854288178829,9.674210360401034,157.15185868125027,0.3366838597514515,ridge_core,core_network,full_network,True,constrained,aggregate_all_days,corridor_held_out,corridor,2,-26.699237057188263,26.699237057188263,-48.78874270927028,48.78874270927028,-4.547378375937967,4.547378375937967,26.67845271413217,False,
110-05699::MD,110-05699,MD,VA7_EB,EASTBOUND,30354.0,302.0,2.0,2.0,10.75,11.875,14.0,10.904718544229102,11.995656800431147,13.967795929516756,183.7846431172593,0.356157588914325,ridge_core,core_network,full_network,True,constrained,aggregate_all_days,corridor_held_out,corridor,2,9.283112653746102,9.283112653746102,7.239408025868848,7.239408025868848,-1.932244228994655,1.932244228994655,6.151588302869868,False,
110-05699::PM,110-05699,PM,VA7_EB,EASTBOUND,30354.0,302.0,2.0,7.0,15.25,16.625,18.25,15.471851006745874,16.934427374073046,18.83044533048106,201.51565942411105,0.4354727681730258,ridge_core,core_network,full_network,True,constrained,aggregate_all_days,corridor_held_out,corridor,2,13.311060404752446,13.311060404752446,18.565642444382743,18.565642444382743,34.82671982886352,34.82671982886352,22.234474225999566,False,
110-05700::AM,110-05700,AM,VA7_EB,EASTBOUND,30356.0,502.0,2.0,5.0,7.0,7.5,9.0,6.837745571073658,7.838990021172921,9.613973087260703,166.5736509712228,0.3606492782963273,ridge_core,core_network,full_network,True,constrained,aggregate_all_days,corridor_held_out,corridor,2,-9.73526573558054,9.73526573558054,20.339401270375262,20.339401270375262,36.83838523564219,36.83838523564219,22.304350747199333,False,
110-05700::MD,110-05700,MD,VA7_EB,EASTBOUND,30356.0,502.0,2.0,1.0,7.25,10.0,12.75,10.761044118673048,12.06653884168929,14.212758110820117,207.102839528824,0.3782163661260315,ridge_core,core_network,full_network,True,constrained,aggregate_all_days,corridor_held_out,corridor,2,210.6626471203829,210.6626471203829,123.99233050135742,123.99233050135742,87.76548664920689,87.76548664920689,140.80682142364907,False,
110-05700::PM,110-05700,PM,VA7_EB,EASTBOUND,30356.0,502.0,2.0,2.0,15.375,16.5,17.5,15.20438217113005,16.88043408624324,18.84591873958571,218.4921941073396,0.4602595315482412,ridge_core,core_network,full_network,True,constrained,aggregate_all_days,corridor_held_out,corridor,2,-10.237069732197028,10.237069732197028,22.82604517459447,22.82604517459447,80.75512437514256,80.75512437514256,37.93941309397802,False,
110-05701::AM,110-05701,AM,VA7_EB,EASTBOUND,30360.0,502.0,2.0,1.0,7.25,8.5,9.5,6.911197586853193,7.904766030861534,9.645486332460848,164.0573247364593,0.3633736362351646,ridge_core,core_network,full_network,True,constrained,aggregate_all_days,corridor_held_out,corridor,2,-20.32814478880841,20.32814478880841,-35.71403814830795,35.71403814830795,8.729179947650891,8.729179947650891,21.59045429492242,False,
110-05701::MD,110-05701,MD,VA7_EB,EASTBOUND,30360.0,502.0,2.0,3.0,8.0,10.0,14.0,10.855265208715124,12.16552954770906,14.299611042780583,206.6607500439276,0.3804102149195035,ridge_core,core_network,full_network,True,constrained,aggregate_all_days,corridor_held_out,corridor,2,171.31591252290735,171.31591252290735,129.93177286254368,129.93177286254368,17.97666256683499,17.97666256683499,106.40811598409536,False,
110-05701::PM,110-05701,PM,VA7_EB,EASTBOUND,30360.0,502.0,2.0,3.0,15.0,16.25,18.75,15.286126463128094,16.957143461478804,18.897155737843025,216.66175648289595,0.4627536558763088,ridge_core,core_network,full_network,True,constrained,aggregate_all_days,corridor_held_out,corridor,2,17.167587787685612,17.167587787685612,42.42860768872824,42.42860768872824,8.82934427058153,8.82934427058153,22.808513248998462,False,
110-05702::AM,110-05702,AM,VA7_EB,EASTBOUND,33926.0,502.0,2.0,10.0,7.0,8.125,9.5,6.836883981444512,7.83957134194053,9.61821666576573,166.87996105927309,0.3605060862184213,ridge_core,core_network,full_network,True,constrained,aggregate_all_days,corridor_held_out,corridor,2,-9.786961113329298,9.786961113329298,-17.125719483568176,17.125719483568176,7.092999945943852,7.092999945943852,11.335226847613775,False,
110-05702::MD,110-05702,MD,VA7_EB,EASTBOUND,33926.0,502.0,2.0,4.0,7.75,11.625,13.875,10.770050118301072,12.086148957000942,14.254248043148207,209.05187549082808,0.3777336612579526,ridge_core,core_network,full_network,True,constrained,aggregate_all_days,corridor_held_out,corridor,2,181.2030070980644,181.2030070980644,27.66893742005653,27.66893742005653,22.75488258889244,22.75488258889244,77.20894236900445,False,
110-05702::PM,110-05702,PM,VA7_EB,EASTBOUND,33926.0,502.0,2.0,6.0,15.125,16.5,18.25,15.201607312400244,16.889283345937944,18.87318743604399,220.2948074186248,0.4596593228810755,ridge_core,core_network,full_network,True,constrained,aggregate_all_days,corridor_held_out,corridor,2,4.596438744014613,4.596438744014613,23.35700075627664,23.35700075627664,37.391246162639504,37.391246162639504,21.78156188764358,False,
110-05703::AM,110-05703,AM,VA7_EB,EASTBOUND,30364.0,502.0,2.0,3.0,7.25,7.75,9.25,6.952833040036551,7.941437835000428,9.6615275739892,162.521672037159,0.3649746335631505,ridge_core,core_network,full_network,True,constrained,aggregate_all_days,corridor_held_out,corridor,2,-17.83001759780694,17.83001759780694,11.486270100025706,11.486270100025706,24.691654439352035,24.691654439352035,18.00264737906156,False,
110-05703::MD,110-05703,MD,VA7_EB,EASTBOUND,30364.0,502.0,2.0,1.0,7.25,10.0,12.25,10.896570026751226,12.193019544469005,14.286264873328683,203.3816907946476,0.3824679141919784,ridge_core,core_network,full_network,True,constrained,aggregate_all_days,corridor_held_out,corridor,2,218.7942016050736,218.7942016050736,131.58117266814028,131.58117266814028,122.1758923997211,122.1758923997211,157.51708889097833,False,
110-05705::PM,110-05705,PM,VA7_EB,EASTBOUND,30414.0,502.0,2.0,10.0,15.25,16.75,18.5,15.3105056248666,16.975463428536354,18.90105629656365,215.4330403018228,0.4637054190027135,ridge_core,core_network,full_network,True,constrained,aggregate_all_days,corridor_held_out,corridor,2,3.630337491996016,3.630337491996016,13.527805712181262,13.527805712181262,24.06337779381893,24.06337779381893,13.74050699933207,False,
110-05707::MD,110-05707,MD,VA7_EB,EASTBOUND,30449.0,502.0,2.0,2.0,14.125,14.625,16.0,10.733764095968322,11.98855766199542,14.026628775505497,197.5718807722304,0.3810644190223641,ridge_core,core_network,full_network,True,constrained,aggregate_all_days,corridor_held_out,corridor,2,-203.4741542419007,203.4741542419007,-158.18654028027487,158.18654028027487,-118.40227346967028,118.40227346967028,160.0209893306153,False,
110-05707::PM,110-05707,PM,VA7_EB,EASTBOUND,30449.0,502.0,2.0,1.0,15.5,15.75,17.0,15.22310641528338,16.867500916667026,18.78060471890472,213.44989821728004,0.4622333901634595,ridge_core,core_network,full_network,True,constrained,aggregate_all_days,corridor_held_out,corridor,2,-16.613615082997164,16.613615082997164,67.05005500002159,67.05005500002159,106.83628313428294,106.83628313428294,63.49998440576724,False,
110-05708::AM,110-05708,AM,VA7_EB,EASTBOUND,30460.0,502.0,2.0,10.0,6.75,8.0,9.625,6.867665747097184,7.864592803641717,9.622702051849464,165.3021782851368,0.361856232102964,ridge_core,core_network,full_network,True,constrained,aggregate_all_days,corridor_held_out,corridor,2,7.059944825831028,7.059944825831028,-8.124431781496995,8.124431781496995,-0.1378768890321779,0.1378768890321779,5.107417832120067,False,
110-05708::MD,110-05708,MD,VA7_EB,EASTBOUND,30460.0,502.0,2.0,1.0,12.25,14.75,19.25,10.7939229662705,12.097378449825149,14.230981455062055,206.22350932749336,0.3792357586597053,ridge_core,core_network,full_network,True,constrained,aggregate_all_days,corridor_held_out,corridor,2,-87.36462202376998,87.36462202376998,-159.15729301049117,159.15729301049117,-301.14111269627654,301.14111269627654,182.5543425768459,False,
110-05708::PM,110-05708,PM,VA7_EB,EASTBOUND,30460.0,502.0,2.0,14.0,13.375,17.25,19.5,15.234654262505671,16.909750288218724,18.867149349655303,217.9497052289779,0.4611419934575813,ridge_core,core_network,full_network,True,constrained,aggregate_all_days,corridor_held_out,corridor,2,111.5792557503404,111.5792557503404,-20.414982706876543,20.414982706876543,-37.9710390206818,37.9710390206818,56.65509249263291,False,
110-05709::AM,110-05709,AM,VA7_EB,EASTBOUND,32930.0,502.0,2.0,16.0,6.75,8.0,9.375,6.844546977739112,7.844432531298283,9.614662099953364,166.20690733285514,0.3609545125185723,ridge_core,core_network,full_network,True,constrained,aggregate_all_days,corridor_held_out,corridor,2,5.672818664346728,5.672818664346728,-9.33404812210302,9.33404812210302,14.379725997201833,14.379725997201833,9.79553092788386,False,
110-05709::MD,110-05709,MD,VA7_EB,EASTBOUND,32930.0,502.0,2.0,2.0,13.5,14.0,15.375,10.768944387742158,12.076101144826486,14.2241640752016,207.3131812475665,0.3783136458236197,ridge_core,core_network,full_network,True,constrained,aggregate_all_days,corridor_held_out,corridor,2,-163.86333673547054,163.86333673547054,-115.43393131041084,115.43393131041084,-69.05015548790402,69.05015548790402,116.11580784459512,False,
110-05709::PM,110-05709,PM,VA7_EB,EASTBOUND,32930.0,502.0,2.0,5.0,15.75,17.0,18.5,15.207493674237588,16.89054401346736,18.866059678587487,219.5139602609939,0.4600300602008237,ridge_core,core_network,full_network,True,constrained,aggregate_all_days,corridor_held_out,corridor,2,-32.550379545744725,32.550379545744725,-6.56735919195846,6.56735919195846,21.9635807152492,21.9635807152492,20.3604398176508,False,
110-05711::AM,110-05711,AM,VA7_EB,EASTBOUND,35908.0,402.0,2.0,18.0,7.0,7.75,9.875,6.917868612090617,7.938644684922531,9.825081197896088,174.43275514832828,0.3511184829812157,ridge_core,core_network,full_network,True,constrained,aggregate_all_days,corridor_held_out,corridor,2,-4.927883274562994,4.927883274562994,11.31868109535187,11.31868109535187,-2.995128126234725,2.995128126234725,6.41389749871653,False,
110-05711::MD,110-05711,MD,VA7_EB,EASTBOUND,35908.0,402.0,2.0,1.0,11.75,14.5,19.0,10.834576384036565,12.187671367952568,14.519903585498517,221.1196320877171,0.3671573540008165,ridge_core,core_network,full_network,True,constrained,aggregate_all_days,corridor_held_out,corridor,2,-54.92541695780624,54.92541695780624,-138.73971792284593,138.73971792284593,-268.8057848700891,268.8057848700891,154.1569732502471,False,
110-05711::PM,110-05711,PM,VA7_EB,EASTBOUND,35908.0,402.0,2.0,14.0,12.25,16.25,18.875,15.24480153067416,16.98621435296802,19.12889809865164,233.0457940786485,0.4483443683277544,ridge_core,core_network,full_network,True,constrained,aggregate_all_days,corridor_held_out,corridor,2,179.68809184044957,179.68809184044957,44.17286117808118,44.17286117808118,15.233885919098142,15.233885919098142,79.6982796458763,False,
110-05712::AM,110-05712,AM,VA7_EB,EASTBOUND,35875.0,202.0,2.0,8.0,7.0,8.0,10.0,7.030639011722974,8.022239271788933,9.677323151010537,158.8010483572538,0.3746575744897462,ridge_core,core_network,full_network,True,constrained,aggregate_all_days,corridor_held_out,corridor,2,1.8383407033784136,1.8383407033784136,1.3343563073360087,1.3343563073360087,-19.36061093936779,19.36061093936779,7.511102650027404,False,
110-05712::MD,110-05712,MD,VA7_EB,EASTBOUND,35875.0,202.0,2.0,1.0,11.0,14.75,19.0,10.87090685437519,12.130662383164072,14.079111807209852,192.4922971700797,0.3926667863522259,ridge_core,core_network,full_network,True,constrained,aggregate_all_days,corridor_held_out,corridor,2,-7.7455887374885535,7.7455887374885535,-157.16025701015568,157.16025701015568,-295.2532915674089,295.2532915674089,153.3863791050177,False,
110-05712::PM,110-05712,PM,VA7_EB,EASTBOUND,35875.0,202.0,2.0,4.0,11.875,15.25,20.0,15.376890724600845,17.02431437266835,18.8485765464962,208.30114931372145,0.4745313178045876,ridge_core,core_network,full_network,True,constrained,aggregate_all_days,corridor_held_out,corridor,2,210.1134434760505,210.1134434760505,106.458862360101,106.458862360101,-69.08540721022796,69.08540721022796,128.55257101545985,False,
110-05713::MD,110-05713,MD,VA7_EB,EASTBOUND,37015.0,201.0,1.0,1.0,12.0,12.25,13.0,11.043251375151623,11.90200309825826,13.6950585251436,159.10842899951848,0.323836415898205,ridge_core,core_network,full_network,True,constrained,aggregate_all_days,corridor_held_out,corridor,2,-57.404917490902605,57.404917490902605,-20.87981410450446,20.87981410450446,41.703511508615954,41.703511508615954,39.99608103467434,False,
110-05714::PM,110-05714,PM,VA7_EB,EASTBOUND,36776.0,301.0,1.0,1.0,15.75,16.5,17.5,15.291424232578706,16.561321784172108,18.258558536069746,178.02805820946227,0.4279878905714787,ridge_core,core_network,full_network,True,constrained,aggregate_all_days,corridor_held_out,corridor,2,-27.51454604527765,27.51454604527765,3.6793070503264858,3.6793070503264858,45.51351216418453,45.51351216418453,25.56912175326289,False,
110-05715::AM,110-05715,AM,VA7_EB,EASTBOUND,36252.0,302.0,2.0,2.0,7.75,8.125,9.375,7.210246509826375,8.052412757770398,9.758635172415955,152.90331975537487,0.3304700967741099,ridge_core,core_network,full_network,True,constrained,aggregate_all_days,corridor_held_out,corridor,2,-32.385209410417524,32.385209410417524,-4.355234533776127,4.355234533776127,23.018110344957314,23.018110344957314,19.91951809638365,False,
110-05715::MD,110-05715,MD,VA7_EB,EASTBOUND,36252.0,302.0,2.0,1.0,9.5,11.25,14.25,11.147206534335448,12.24892963834856,14.326239032692596,190.7419499014288,0.3465592454881974,ridge_core,core_network,full_network,True,constrained,aggregate_all_days,corridor_held_out,corridor,2,98.83239206012686,98.83239206012686,59.93577830091361,59.93577830091361,4.574341961555675,4.574341961555675,54.44750410753204,False,
110-05715::PM,110-05715,PM,VA7_EB,EASTBOUND,36252.0,302.0,2.0,2.0,16.125,16.875,18.25,15.646862136971924,17.07995898738342,19.006159996813285,201.55787159048168,0.4266060677570202,ridge_core,core_network,full_network,True,constrained,aggregate_all_days,corridor_held_out,corridor,2,-28.68827178168456,28.68827178168456,12.297539243005248,12.297539243005248,45.36959980879708,45.36959980879708,28.785136944495623,False,
110-05716::AM,110-05716,AM,VA7_EB,EASTBOUND,36248.0,302.0,2.0,5.0,7.5,8.0,9.5,7.353350608912042,8.17849881716658,9.81171812983542,147.5020512554028,0.3356488406357588,ridge_core,core_network,full_network,True,constrained,aggregate_all_days,corridor_held_out,corridor,2,-8.798963465277456,8.798963465277456,10.709929029994749,10.709929029994749,18.703087790125288,18.703087790125288,12.737326761799162,False,
110-05716::MD,110-05716,MD,VA7_EB,EASTBOUND,36248.0,302.0,2.0,1.0,10.5,10.75,11.5,11.275259900782808,12.336999366835462,14.284291294183392,180.54188360403504,0.352850910223557,ridge_core,core_network,full_network,True,constrained,aggregate_all_days,corridor_held_out,corridor,2,46.51559404696851,46.51559404696851,95.21996201012772,95.21996201012772,167.05747765100352,167.05747765100352,102.93101123603326,False,
110-05716::PM,110-05716,PM,VA7_EB,EASTBOUND,36248.0,302.0,2.0,1.0,18.0,18.75,19.75,15.810444472324642,17.19742790877331,19.011396206248392,192.05710403542497,0.433303452141871,ridge_core,core_network,full_network,True,constrained,aggregate_all_days,corridor_held_out,corridor,2,-131.37333166052147,131.37333166052147,-93.1543254736014,93.1543254736014,-44.31622762509648,44.31622762509648,89.61462825307312,False,
110-05717::AM,110-05717,AM,VA7_EB,EASTBOUND,36795.0,202.0,2.0,5.0,7.5,8.5,9.75,7.10158168178117,8.082976838105587,9.704736033312024,156.1892610918512,0.3770022917570301,ridge_core,core_network,full_network,True,constrained,aggregate_all_days,corridor_held_out,corridor,2,-23.90509909312982,23.90509909312982,-25.02138971366477,25.02138971366477,-2.71583800127857,2.71583800127857,17.214108936024388,False,
110-06534::AM,110-06534,AM,US29_NB,NORTHBOUND,38632.0,502.0,2.0,4.0,6.25,7.0,9.125,6.475597449227281,7.542447212761491,9.359809049442504,173.05269601291337,0.369893028463862,ridge_core,core_network,full_network,True,constrained,aggregate_all_days,corridor_held_out,corridor,2,13.535846953636844,13.535846953636844,32.54683276568947,32.54683276568947,14.088542966550222,14.088542966550222,20.05707422862552,False,
110-06534::MD,110-06534,MD,US29_NB,NORTHBOUND,38632.0,502.0,2.0,11.0,9.5,11.75,13.75,10.399164781734584,11.69710890511624,13.811423956084983,204.73555046102388,0.3803767700701542,ridge_core,core_network,full_network,True,constrained,aggregate_all_days,corridor_held_out,corridor,2,53.949886904075015,53.949886904075015,-3.173465693025612,3.173465693025612,3.6854373650989913,3.6854373650989913,20.26959665406654,False,
110-06534::PM,110-06534,PM,US29_NB,NORTHBOUND,38632.0,502.0,2.0,4.0,14.625,16.75,18.0,14.81208494988234,16.567743636846377,18.573634923800142,225.6929984350681,0.4667380997561093,ridge_core,core_network,full_network,True,constrained,aggregate_all_days,corridor_held_out,corridor,2,11.225096992940422,11.225096992940422,-10.935381789217402,10.935381789217402,34.41809542800854,34.41809542800854,18.85952473672212,False,
110-06541::AM,110-06541,AM,US29_NB,NORTHBOUND,25976.0,101.0,1.0,6.0,7.25,7.875,10.625,6.966756886006182,7.795384546774846,9.494072841363105,151.63895732141523,0.3278686461865986,ridge_core,core_network,full_network,True,constrained,aggregate_all_days,corridor_held_out,corridor,2,-16.994586839629058,16.994586839629058,-4.776927193509231,4.776927193509231,-67.85562951821383,67.85562951821383,29.875714517117373,False,
110-06541::MD,110-06541,MD,US29_NB,NORTHBOUND,25976.0,101.0,1.0,1.0,7.25,10.0,12.25,11.195160643698385,12.172657491326188,14.200415449148933,180.31528832703285,0.3252625520654504,ridge_core,core_network,full_network,True,constrained,aggregate_all_days,corridor_held_out,corridor,2,236.70963862190308,236.70963862190308,130.35944947957125,130.35944947957125,117.02492694893586,117.02492694893586,161.36467168347005,False,
110-06541::PM,110-06541,PM,US29_NB,NORTHBOUND,25976.0,101.0,1.0,3.0,13.25,16.0,20.25,15.63638760892955,17.007243754435915,19.00527421350772,202.1331962746901,0.4069166779444085,ridge_core,core_network,full_network,True,constrained,aggregate_all_days,corridor_held_out,corridor,2,143.18325653577295,143.18325653577295,60.43462526615493,60.43462526615493,-74.68354718953691,74.68354718953691,92.76714299715492,False,
110-06788::AM,110-06788,AM,US29_NB,NORTHBOUND,30086.0,202.0,2.0,5.0,7.0,8.0,9.5,6.547119784196823,7.740195980805415,9.577472984043482,181.82119199079955,0.3937086266607354,ridge_core,core_network,full_network,True,constrained,aggregate_all_days,corridor_held_out,corridor,2,-27.17281294819065,27.17281294819065,-15.58824115167507,15.58824115167507,4.648379042608895,4.648379042608895,15.80314438082487,False,
110-06789::AM,110-06789,AM,US29_NB,NORTHBOUND,33499.0,202.0,2.0,4.0,6.375,8.125,10.875,6.528683694825908,7.710202675755265,9.571147556137577,182.5478316787,0.38834281516165,ridge_core,core_network,full_network,True,constrained,aggregate_all_days,corridor_held_out,corridor,2,9.221021689554476,9.221021689554476,-24.88783945468411,24.88783945468411,-78.2311466317455,78.2311466317455,37.446669258661366,False,
110-06789::MD,110-06789,MD,US29_NB,NORTHBOUND,33499.0,202.0,2.0,2.0,9.375,11.875,15.125,10.37728034077243,11.794896202636222,13.85401628768816,208.60415681494388,0.4077433211807134,ridge_core,core_network,full_network,True,constrained,aggregate_all_days,corridor_held_out,corridor,2,60.13682044634578,60.13682044634578,-4.806227841826676,4.806227841826676,-76.25902273871034,76.25902273871034,47.06735700896093,False,
110-06789::PM,110-06789,PM,US29_NB,NORTHBOUND,33499.0,202.0,2.0,3.0,14.5,16.5,21.0,14.819951494231605,16.742071276636384,18.72354057523838,234.2153448604068,0.492398083537278,ridge_core,core_network,full_network,True,constrained,aggregate_all_days,corridor_held_out,corridor,2,19.19708965389617,19.19708965389617,14.52427659818305,14.52427659818305,-136.58756548569713,136.58756548569713,56.76964391259211,False,
110-06790::AM,110-06790,AM,US29_NB,NORTHBOUND,30911.0,202.0,2.0,1.0,5.25,6.5,10.5,6.475250628490743,7.665346928620871,9.549684238005938,184.4660165709116,0.3870944867525677,ridge_core,core_network,full_network,True,constrained,aggregate_all_days,corridor_held_out,corridor,2,73.51503770944458,73.51503770944458,69.92081571725228,69.92081571725228,-57.01894571964374,57.01894571964374,66.81826638211353,False,
110-06790::MD,110-06790,MD,US29_NB,NORTHBOUND,30911.0,202.0,2.0,6.0,8.75,13.0,15.25,10.3153914884528,11.741156359283211,13.814815963549414,209.9654685057969,0.4074283874324928,ridge_core,core_network,full_network,True,constrained,aggregate_all_days,corridor_held_out,corridor,2,93.923489307168,93.923489307168,-75.53061844300731,75.53061844300731,-86.11104218703517,86.11104218703517,85.18838331240349,False,
110-06790::PM,110-06790,PM,US29_NB,NORTHBOUND,30911.0,202.0,2.0,8.0,16.75,17.625,19.125,14.759496091133212,16.696420182988554,18.7036415285732,236.6487262463988,0.4910884049733564,ridge_core,core_network,full_network,True,constrained,aggregate_all_days,corridor_held_out,corridor,2,-119.4302345320072,119.4302345320072,-55.714789020686766,55.714789020686766,-25.2815082856084,25.2815082856084,66.8088439461008,False,
110-06793::AM,110-06793,AM,US29_NB,NORTHBOUND,29778.0,202.0,2.0,1.0,6.0,7.75,8.5,6.433175613589782,7.627674038931802,9.533212084991458,186.00218828410053,0.3853175394423437,ridge_core,core_network,full_network,True,constrained,aggregate_all_days,corridor_held_out,corridor,2,25.99053681538692,25.99053681538692,-7.3395576640919025,7.3395576640919025,61.99272509948749,61.99272509948749,31.77427319298877,False,
110-06794::AM,110-06794,AM,US29_NB,NORTHBOUND,35409.0,202.0,2.0,3.0,7.25,7.75,9.5,6.784773286936542,7.837701523189028,9.56460213017234,166.789730594148,0.3787744841969653,ridge_core,core_network,full_network,True,constrained,aggregate_all_days,corridor_held_out,corridor,2,-27.913602783807505,27.913602783807505,5.262091391341688,5.262091391341688,3.876127810340471,3.876127810340471,12.350607328496553,False,
110-06794::MD,110-06794,MD,US29_NB,NORTHBOUND,35409.0,202.0,2.0,11.0,10.375,12.875,15.75,10.520652051052725,11.752946128715976,13.586170105662733,183.9310832766004,0.4019855879857226,ridge_core,core_network,full_network,True,constrained,aggregate_all_days,corridor_held_out,corridor,2,8.73912306316349,8.73912306316349,-67.32323227704143,67.32323227704143,-129.8297936602361,129.8297936602361,68.63071633348035,False,
110-06794::PM,110-06794,PM,US29_NB,NORTHBOUND,35409.0,202.0,2.0,3.0,13.75,16.5,17.5,15.109769944376486,16.807742024641232,18.636526366512605,211.6053853281672,0.4814543101437956,ridge_core,core_network,full_network,True,constrained,aggregate_all_days,corridor_held_out,corridor,2,81.58619666258917,81.58619666258917,18.46452147847394,18.46452147847394,68.1915819907563,68.1915819907563,56.08076671060648,False,
110-06795::MD,110-06795,MD,US29_NB,NORTHBOUND,29762.0,502.0,2.0,10.0,10.5,12.75,15.0,10.569515233845728,11.808653339648831,13.69708794604503,187.65436273195817,0.3961980167462658,ridge_core,core_network,full_network,True,constrained,aggregate_all_days,corridor_held_out,corridor,2,4.17091403074366,4.17091403074366,-56.48079962107012,56.48079962107012,-78.17472323729817,78.17472323729817,46.27547896303732,False,
110-06798::AM,110-06798,AM,US29_NB,NORTHBOUND,31101.0,403.0,3.0,2.0,7.125,7.875,9.5,6.6549765204691225,7.630863840825542,9.697199357555167,182.5333702251627,0.3207810119823968,ridge_core,core_network,full_network,True,constrained,aggregate_all_days,corridor_held_out,corridor,2,-28.20140877185265,28.20140877185265,-14.648169550467465,14.648169550467465,11.83196145331003,11.83196145331003,18.22717992521005,False,
110-06798::MD,110-06798,MD,US29_NB,NORTHBOUND,31101.0,403.0,3.0,1.0,13.5,14.0,15.0,10.53771108833858,11.714952274730123,14.011171757733988,208.4076401637245,0.3389245765078595,ridge_core,core_network,full_network,True,constrained,aggregate_all_days,corridor_held_out,corridor,2,-177.73733469968528,177.73733469968528,-137.1028635161926,137.1028635161926,-59.3296945359608,59.3296945359608,124.72329758394623,False,
110-06798::PM,110-06798,PM,US29_NB,NORTHBOUND,31101.0,403.0,3.0,3.0,16.75,17.0,18.75,15.027765321645807,16.66100950376812,18.897941632272587,232.21057863760683,0.4220076944912638,ridge_core,core_network,full_network,True,constrained,aggregate_all_days,corridor_held_out,corridor,2,-103.33408070125157,103.33408070125157,-20.33942977391277,20.33942977391277,8.87649793635525,8.87649793635525,44.18333613717319,False,
110-06799::AM,110-06799,AM,US29_NB,NORTHBOUND,29765.0,503.0,3.0,1.0,7.5,7.75,9.0,7.019433655410304,7.820682715670973,9.48549188881969,147.9634940045631,0.3249108433067788,ridge_core,core_network,full_network,True,constrained,aggregate_all_days,corridor_held_out,corridor,2,-28.83398067538176,28.83398067538176,4.24096294025837,4.24096294025837,29.12951332918137,29.12951332918137,20.73481898160717,False,
110-06800::AM,110-06800,AM,US29_NB,NORTHBOUND,29772.0,503.0,3.0,8.0,7.5,7.875,9.625,7.043497568968353,7.845908729639354,9.488726697978596,146.71374774061456,0.3281537714201015,ridge_core,core_network,full_network,True,constrained,aggregate_all_days,corridor_held_out,corridor,2,-27.39014586189884,27.39014586189884,-1.7454762216387645,1.7454762216387645,-8.176398121284265,8.176398121284265,12.437340068273954,False,
110-06800::MD,110-06800,MD,US29_NB,NORTHBOUND,29772.0,503.0,3.0,1.0,7.5,9.0,10.25,10.84781693727696,11.797476581355038,13.551006515943762,162.19137472000807,0.351310781741932,ridge_core,core_network,full_network,True,constrained,aggregate_all_days,corridor_held_out,corridor,2,200.8690162366176,200.8690162366176,167.8485948813023,167.8485948813023,198.0603909566257,198.0603909566257,188.9260006915152,False,
110-06802::AM,110-06802,AM,US29_NB,NORTHBOUND,38640.0,603.0,3.0,10.0,6.625,7.75,9.125,6.5892208704383455,7.496174369901529,9.087474761887048,149.8952334869222,0.3630349591639197,ridge_core,core_network,full_network,True,constrained,aggregate_all_days,corridor_held_out,corridor,2,-2.146747773699272,2.146747773699272,-15.229537805908269,15.229537805908269,-2.251514286777123,2.251514286777123,6.542599955461554,False,
110-06803::AM,110-06803,AM,US29_NB,NORTHBOUND,38187.0,503.0,3.0,3.0,7.25,7.5,8.25,6.808401409049491,7.618512545586456,9.274157935618712,147.94539159415328,0.3285446587316264,ridge_core,core_network,full_network,True,constrained,aggregate_all_days,corridor_held_out,corridor,2,-26.49591545703053,26.49591545703053,7.110752735187358,7.110752735187358,61.44947613712272,61.44947613712272,31.68538144311354,False,
110-06803::MD,110-06803,MD,US29_NB,NORTHBOUND,38187.0,503.0,3.0,1.0,14.0,14.75,17.25,10.651652556439153,11.617489714774935,13.43720472904955,167.13313035662398,0.34673095260344,ridge_core,core_network,full_network,True,constrained,aggregate_all_days,corridor_held_out,corridor,2,-200.9008466136509,200.9008466136509,-187.95061711350377,187.95061711350377,-228.76771625702696,228.76771625702696,205.87305999472724,False,
110-06803::PM,110-06803,PM,US29_NB,NORTHBOUND,38187.0,503.0,3.0,6.0,15.25,16.375,17.375,15.25832693344958,16.604522639412327,18.414888004298938,189.39366425096136,0.4264754192132629,ridge_core,core_network,full_network,True,constrained,aggregate_all_days,corridor_held_out,corridor,2,0.4996160069748612,0.4996160069748612,13.771358364739612,13.771358364739612,62.393280257936254,62.393280257936254,25.55475154321691,False,
110-06894::MD,110-06894,MD,US15_SB,SOUTHBOUND,,,,1.0,13.0,13.5,14.25,10.40254732674571,11.606791198675412,13.581148448928248,190.71606733095223,0.3788597013716611,ridge_core,core_network,full_network,True,constrained,aggregate_all_days,corridor_held_out,corridor,2,-155.84716039525742,155.84716039525742,-113.5925280794752,113.5925280794752,-40.13109306430511,40.13109306430511,103.19026051301256,False,
110-06896::PM,110-06896,PM,US15_SB,SOUTHBOUND,38670.0,603.0,3.0,11.0,14.5,16.25,17.75,15.078722890710466,16.454229407329315,18.15905677254968,184.82003291035275,0.4465446180131481,ridge_core,core_network,full_network,True,constrained,aggregate_all_days,corridor_held_out,corridor,2,34.723373442627974,34.723373442627974,12.253764439758896,12.253764439758896,24.54340635298074,24.54340635298074,23.840181411789203,False,
110-06897::PM,110-06897,PM,US15_SB,SOUTHBOUND,36139.0,603.0,3.0,1.0,16.5,17.0,18.0,15.421073228390298,16.819313563737918,18.526317644862868,186.314664988354,0.4502835035884111,ridge_core,core_network,full_network,True,constrained,aggregate_all_days,corridor_held_out,corridor,2,-64.73560629658209,64.73560629658209,-10.841186175724928,10.841186175724928,31.57905869177206,31.57905869177206,35.71861705469303,False,
110-06898::PM,110-06898,PM,US15_SB,SOUTHBOUND,36147.0,603.0,3.0,2.0,16.0,17.125,18.125,15.531574402977247,16.911931471185543,18.545450716859506,180.8325788329353,0.4580005695158144,ridge_core,core_network,full_network,True,constrained,aggregate_all_days,corridor_held_out,corridor,2,-28.105535821365173,28.105535821365173,-12.784111728867416,12.784111728867416,25.22704301157013,25.22704301157013,22.038896853934244,False,
110-06900::MD,110-06900,MD,US15_SB,SOUTHBOUND,36807.0,502.0,2.0,1.0,14.5,14.75,17.5,10.789190100263806,11.985404936255396,13.909476307144075,187.21717241281627,0.3833670236255637,ridge_core,core_network,full_network,True,constrained,aggregate_all_days,corridor_held_out,corridor,2,-222.64859398417167,222.64859398417167,-165.87570382467624,165.87570382467624,-215.43142157135537,215.43142157135537,201.31857312673444,False,
110-06900::PM,110-06900,PM,US15_SB,SOUTHBOUND,36807.0,502.0,2.0,2.0,15.75,16.75,17.75,15.296929613947462,16.935281905043396,18.81811601966524,211.2711843430665,0.4652841691185514,ridge_core,core_network,full_network,True,constrained,aggregate_all_days,corridor_held_out,corridor,2,-27.184223163152268,27.184223163152268,11.116914302603789,11.116914302603789,64.0869611799144,64.0869611799144,34.129366215223484,False,
110-06901::PM,110-06901,PM,US15_SB,SOUTHBOUND,36031.0,202.0,2.0,19.0,14.75,17.0,18.75,15.10698394549012,16.92220604633395,18.867429862319977,225.62675500979128,0.4827145878417804,ridge_core,core_network,full_network,True,constrained,aggregate_all_days,corridor_held_out,corridor,2,21.41903672940728,21.41903672940728,-4.667637219962941,4.667637219962941,7.045791739198606,7.045791739198606,11.044155229522945,False,
110-06902::PM,110-06902,PM,US15_SB,SOUTHBOUND,36189.0,502.0,2.0,1.0,14.5,16.75,18.5,15.3583914813572,17.038714002677374,19.04159150238825,220.99200126186287,0.4562126715154055,ridge_core,core_network,full_network,True,constrained,aggregate_all_days,corridor_held_out,corridor,2,51.50348888143203,51.50348888143203,17.322840160642414,17.322840160642414,32.49549014329503,32.49549014329503,33.77393972845649,False,
110-06903::AM,110-06903,AM,US15_SB,SOUTHBOUND,36331.0,602.0,2.0,13.0,6.25,6.5,7.5,6.6158166151003135,7.405528332946657,8.851321256725083,134.13027849748607,0.3532588137559758,ridge_core,core_network,full_network,True,constrained,aggregate_all_days,corridor_held_out,corridor,2,21.94899690601881,21.94899690601881,54.33169997679944,54.33169997679944,81.07927540350495,81.07927540350495,52.45332409544107,False,
110-06903::MD,110-06903,MD,US15_SB,SOUTHBOUND,36331.0,602.0,2.0,1.0,13.5,13.75,14.5,10.702007824206667,11.630319185366355,13.300040407625165,155.88195500510986,0.3573132096512108,ridge_core,core_network,full_network,True,constrained,aggregate_all_days,corridor_held_out,corridor,2,-167.87953054759996,167.87953054759996,-127.18084887801858,127.18084887801858,-71.99757554249011,71.99757554249011,122.3526516560362,False,
110-06903::PM,110-06903,PM,US15_SB,SOUTHBOUND,36331.0,602.0,2.0,4.0,16.125,16.625,18.125,15.163214359149691,16.460959932631056,18.06064244354566,173.84568506375817,0.4478956977294254,ridge_core,core_network,full_network,True,constrained,aggregate_all_days,corridor_held_out,corridor,2,-57.70713845101852,57.70713845101852,-9.84240404213665,9.84240404213665,-3.861453387260383,3.861453387260383,23.80366529347185,False,
110-07858::PM,110-07858,PM,US15_SB,SOUTHBOUND,35962.0,302.0,2.0,13.0,15.0,17.25,18.75,15.500313076940364,17.007399707562474,18.892960900328923,203.5588694033136,0.4442213601519176,ridge_core,core_network,full_network,True,constrained,aggregate_all_days,corridor_held_out,corridor,2,30.018784616421925,30.018784616421925,-14.556017546251567,14.556017546251567,8.577654019735377,8.577654019735377,17.71748539413629,False,
110-07859::AM,110-07859,AM,US15_SB,SOUTHBOUND,36193.0,502.0,2.0,1.0,7.25,7.5,8.25,6.9522876362352335,7.981119382193327,9.73321829112724,166.85583929352032,0.3699595112694559,ridge_core,core_network,full_network,True,constrained,aggregate_all_days,corridor_held_out,corridor,2,-17.86274182588599,17.86274182588599,28.86716293159964,28.86716293159964,88.99309746763433,88.99309746763433,45.24100074170665,False,
110-07859::PM,110-07859,PM,US15_SB,SOUTHBOUND,36193.0,502.0,2.0,8.0,14.125,16.5,18.25,15.3517189353112,17.035181473792566,18.950054805685213,215.9001522224408,0.4678447479963524,ridge_core,core_network,full_network,True,constrained,aggregate_all_days,corridor_held_out,corridor,2,73.60313611867196,73.60313611867196,32.110888427553945,32.110888427553945,42.00328834111275,42.00328834111275,49.23910429577956,False,
110-07887::AM,110-07887,AM,US15_SB,SOUTHBOUND,36182.0,602.0,2.0,14.0,6.75,7.875,10.0,6.52122147702624,7.3183938459479165,8.817974171885588,137.8051616915609,0.3470867240978662,ridge_core,core_network,full_network,True,constrained,aggregate_all_days,corridor_held_out,corridor,2,-13.726711378425628,13.726711378425628,-33.39636924312501,33.39636924312501,-70.92154968686472,70.92154968686472,39.34821010280512,False,
110-07887::MD,110-07887,MD,US15_SB,SOUTHBOUND,36182.0,602.0,2.0,3.0,11.0,12.25,14.0,10.629755838800769,11.568504020048922,13.307994405094275,160.6943139776105,0.3505095449907266,ridge_core,core_network,full_network,True,constrained,aggregate_all_days,corridor_held_out,corridor,2,-22.21464967195388,22.21464967195388,-40.88975879706471,40.88975879706471,-41.52033569434337,41.52033569434337,34.87491472112065,False,
110-07887::PM,110-07887,PM,US15_SB,SOUTHBOUND,36182.0,602.0,2.0,1.0,16.75,17.25,19.0,15.056302455822888,16.373888249545605,18.028259657592823,178.3174321061961,0.4433394239116345,ridge_core,core_network,full_network,True,constrained,aggregate_all_days,corridor_held_out,corridor,2,-101.62185265062676,101.62185265062676,-52.56670502726372,52.56670502726372,-58.30442054443061,58.30442054443061,70.8309927407737,False,
110-07974::AM,110-07974,AM,US29_NB,NORTHBOUND,27031.0,102.0,2.0,8.0,7.5,8.25,9.5,6.4587339682735525,7.483525684083593,9.366408525375164,174.4604734260968,0.3524437469479246,ridge_core,core_network,full_network,True,constrained,aggregate_all_days,corridor_held_out,corridor,2,-62.47596190358685,62.47596190358685,-45.98845895498444,45.98845895498444,-8.015488477490074,8.015488477490074,38.826636445353785,False,
110-07974::MD,110-07974,MD,US29_NB,NORTHBOUND,27031.0,102.0,2.0,1.0,7.25,9.0,10.0,10.2903129986221,11.514154505553874,13.573628014086026,196.99890092783545,0.3727456857376346,ridge_core,core_network,full_network,True,constrained,aggregate_all_days,corridor_held_out,corridor,2,182.41877991732605,182.41877991732605,150.84927033323245,150.84927033323245,214.4176808451616,214.4176808451616,182.56191036524,False,
110-07974::PM,110-07974,PM,US29_NB,NORTHBOUND,27031.0,102.0,2.0,1.0,16.75,17.75,20.0,14.807766816407453,16.49966777997332,18.54650101102898,224.3240516772917,0.4525330968967531,ridge_core,core_network,full_network,True,constrained,aggregate_all_days,corridor_held_out,corridor,2,-116.53399101555294,116.53399101555294,-75.01993320160089,75.01993320160089,-87.20993933826122,87.20993933826122,92.92128785180502,False,
110-10057::MD,110-10057,MD,VA234_SB,SOUTHBOUND,38979.0,302.0,2.0,1.0,5.25,9.0,12.0,10.728973394937622,11.836508655123792,13.829948399651895,186.05850028285653,0.3571571065559809,ridge_core,core_network,full_network,True,constrained,aggregate_all_days,corridor_held_out,corridor,2,328.7384036962573,328.7384036962573,170.1905193074275,170.1905193074275,109.79690397911384,109.79690397911384,202.90860899426625,False,
110-10057::PM,110-10057,PM,VA234_SB,SOUTHBOUND,38979.0,302.0,2.0,1.0,13.0,18.25,20.0,15.272407060305133,16.756049662199818,18.674070743778422,204.0998210083976,0.4361520538032151,ridge_core,core_network,full_network,True,constrained,aggregate_all_days,corridor_held_out,corridor,2,136.34442361830787,136.34442361830787,-89.63702026801094,89.63702026801094,-79.55575537329445,79.55575537329445,101.84573308653776,False,
110-10058::AM,110-10058,AM,VA234_SB,SOUTHBOUND,38311.0,402.0,2.0,1.0,8.25,8.5,10.0,6.325802562154878,7.500135114067556,9.54655647421989,193.24523472390084,0.3646141816403928,ridge_core,core_network,full_network,True,constrained,aggregate_all_days,corridor_held_out,corridor,2,-115.45184627070734,115.45184627070734,-59.99189315594661,59.99189315594661,-27.20661154680656,27.20661154680656,67.5501169911535,False,
110-10058::MD,110-10058,MD,VA234_SB,SOUTHBOUND,38311.0,402.0,2.0,7.0,10.25,10.625,12.0,10.287153056175448,11.73256968996643,14.178832114520068,233.5007435006773,0.3714120851491313,ridge_core,core_network,full_network,True,constrained,aggregate_all_days,corridor_held_out,corridor,2,2.2291833705267905,2.2291833705267905,66.45418139798582,66.45418139798582,130.72992687120407,130.72992687120407,66.47109721323889,False,
110-10058::PM,110-10058,PM,VA234_SB,SOUTHBOUND,38311.0,402.0,2.0,15.0,15.0,16.25,17.75,14.605416062000897,16.556095507413545,18.88025579886245,256.49038421169337,0.45631639207246,ridge_core,core_network,full_network,True,constrained,aggregate_all_days,corridor_held_out,corridor,2,-23.675036279946298,23.675036279946298,18.36573044481269,18.36573044481269,67.815347931747,67.815347931747,36.618704885502,False,
110-10060::PM,110-10060,PM,VA234_SB,SOUTHBOUND,40824.0,502.0,2.0,2.0,15.875,17.0,17.75,14.94270732127974,16.69187029577637,18.7196800489438,226.61836365984348,0.4631124184945951,ridge_core,core_network,full_network,True,constrained,aggregate_all_days,corridor_held_out,corridor,2,-55.93756072321565,55.93756072321565,-18.48778225341789,18.48778225341789,58.18080293662781,58.18080293662781,44.20204863775378,False,
110-10061::AM,110-10061,AM,VA234_SB,SOUTHBOUND,38325.0,502.0,2.0,9.0,6.5,7.0,7.75,6.6082721708953525,7.655902909664555,9.400738060742874,167.54795339085126,0.3751633073041426,ridge_core,core_network,full_network,True,constrained,aggregate_all_days,corridor_held_out,corridor,2,6.496330253721148,6.496330253721148,39.35417457987327,39.35417457987327,99.04428364457246,99.04428364457246,48.29826282605563,False,
110-10061::MD,110-10061,MD,VA234_SB,SOUTHBOUND,38325.0,502.0,2.0,4.0,12.375,14.25,15.875,10.521814738160971,11.792366991883416,13.804117749708826,196.93818069287124,0.387091700325157,ridge_core,core_network,full_network,True,constrained,aggregate_all_days,corridor_held_out,corridor,2,-111.1911157103416,111.1911157103416,-147.45798048699504,147.45798048699504,-124.25293501747042,124.25293501747042,127.63401040493568,False,
110-10061::PM,110-10061,PM,VA234_SB,SOUTHBOUND,38325.0,502.0,2.0,1.0,13.0,16.0,16.75,14.968087538182198,16.69400640487497,18.63966854799932,220.2948605890269,0.47007511534622,ridge_core,core_network,full_network,True,constrained,aggregate_all_days,corridor_held_out,corridor,2,118.08525229093188,118.08525229093188,41.64038429249814,41.64038429249814,113.38011287995884,113.38011287995884,91.03524982112964,False,
110-10062::AM,110-10062,AM,VA234_SB,SOUTHBOUND,38373.0,502.0,2.0,2.0,6.75,7.0,8.0,6.509775259186662,7.571608466609948,9.366284126149475,171.3905320177688,0.3717241068998613,ridge_core,core_network,full_network,True,constrained,aggregate_all_days,corridor_held_out,corridor,2,-14.413484448800292,14.413484448800292,34.2965079965969,34.2965079965969,81.97704756896852,81.97704756896852,43.56234667145524,False,
110-10062::PM,110-10062,PM,VA234_SB,SOUTHBOUND,38373.0,502.0,2.0,7.0,16.5,17.0,18.25,14.863824013872929,16.62154733384319,18.65450661842721,227.4409562732568,0.4636957253710614,ridge_core,core_network,full_network,True,constrained,aggregate_all_days,corridor_held_out,corridor,2,-98.17055916762428,98.17055916762428,-22.70715996940865,22.70715996940865,24.27039710563257,24.27039710563257,48.382705414221824,False,
110-10063::PM,110-10063,PM,VA234_SB,SOUTHBOUND,38370.0,502.0,2.0,2.0,15.875,17.125,18.25,14.95796808872094,16.71676191754658,18.78928503684609,229.87901688750875,0.4590572517594257,ridge_core,core_network,full_network,True,constrained,aggregate_all_days,corridor_held_out,corridor,2,-55.02191467674354,55.02191467674354,-24.494284947205145,24.494284947205145,32.357102210765305,32.357102210765305,37.29110061157133,False,
110-10064::PM,110-10064,PM,VA234_SB,SOUTHBOUND,38374.0,602.0,2.0,4.0,15.625,16.625,17.5,14.806127583626097,16.144100795691656,17.804655463990454,179.91167282186137,0.4462100288702268,ridge_core,core_network,full_network,True,constrained,aggregate_all_days,corridor_held_out,corridor,2,-49.13234498243419,49.13234498243419,-28.853952258500613,28.853952258500613,18.27932783942721,18.27932783942721,32.088541693454005,False,
110-10066::PM,110-10066,PM,VA234_SB,SOUTHBOUND,39278.0,502.0,2.0,9.0,15.75,17.25,18.5,15.09833693478326,16.77724315313635,18.59071495333441,209.54268111306905,0.4807343905599324,ridge_core,core_network,full_network,True,constrained,aggregate_all_days,corridor_held_out,corridor,2,-39.09978391300449,39.09978391300449,-28.36541081181899,28.36541081181899,5.442897200064536,5.442897200064536,24.302697308296004,False,
110-10067::PM,110-10067,PM,VA234_SB,SOUTHBOUND,40580.0,302.0,2.0,1.0,15.25,15.75,17.0,15.012560942253112,16.644544351849078,18.76021129238924,224.8590210081676,0.4354684287814329,ridge_core,core_network,full_network,True,constrained,aggregate_all_days,corridor_held_out,corridor,2,-14.2463434648133,14.2463434648133,53.67266111094466,53.67266111094466,105.61267754335418,105.61267754335418,57.84389403970405,False,
110-10087::PM,110-10087,PM,VA606_WB,WESTBOUND,36636.0,203.0,3.0,11.0,16.5,17.5,18.25,15.426211334860705,17.15289626872656,19.317785858831204,233.49447143823,0.4436982828493163,ridge_core,core_network,full_network,True,constrained,aggregate_all_days,corridor_held_out,corridor,2,-64.4273199083577,64.4273199083577,-20.82622387640633,20.82622387640633,64.06715152987225,64.06715152987225,49.77356510487876,False,
110-10088::AM,110-10088,AM,VA606_WB,WESTBOUND,,,,13.0,5.5,7.5,9.75,6.773708048127853,7.81499403787273,9.68766690985574,174.83753170367316,0.3573440941192382,ridge_core,core_network,full_network,True,constrained,aggregate_all_days,corridor_held_out,corridor,2,76.42248288767118,76.42248288767118,18.899642272363817,18.899642272363817,-3.7399854086556417,3.7399854086556417,33.02070352289688,False,
110-10088::MD,110-10088,MD,VA606_WB,WESTBOUND,,,,6.0,11.75,13.25,14.5,10.40254732674571,11.606791198675412,13.581148448928248,190.71606733095223,0.3788597013716611,ridge_core,core_network,full_network,True,constrained,aggregate_all_days,corridor_held_out,corridor,2,-80.84716039525742,80.84716039525742,-98.5925280794752,98.5925280794752,-55.13109306430511,55.13109306430511,78.19026051301257,False,
110-10089::AM,110-10089,AM,VA606_WB,WESTBOUND,31227.0,203.0,3.0,3.0,5.25,7.75,9.0,6.710907178617126,7.8449297182830415,9.97846462042409,196.05344650841784,0.3470551198753523,ridge_core,core_network,full_network,True,constrained,aggregate_all_days,corridor_held_out,corridor,2,87.65443071702757,87.65443071702757,5.695783096982492,5.695783096982492,58.70787722544538,58.70787722544538,50.68603034648515,False,
110-13157::AM,110-13157,AM,VA640_WB,WESTBOUND,38282.0,403.0,3.0,1.0,7.25,7.75,8.5,6.792049928558801,7.653375011524629,9.505956746906806,162.83440910088035,0.3173745970726175,ridge_core,core_network,full_network,True,constrained,aggregate_all_days,corridor_held_out,corridor,2,-27.477004286471946,27.477004286471946,-5.797499308522269,5.797499308522269,60.35740481440836,60.35740481440836,31.210636136467524,False,
110-13158::MD,110-13158,MD,VA640_WB,WESTBOUND,39076.0,303.0,3.0,1.0,12.0,14.75,19.75,10.657925958081588,11.6929571524897,13.822516071952652,189.87540683226388,0.3270664310905073,ridge_core,core_network,full_network,True,constrained,aggregate_all_days,corridor_held_out,corridor,2,-80.52444251510472,80.52444251510472,-183.4225708506181,183.4225708506181,-355.64903568284086,355.64903568284086,206.5320163495212,False,
110-13158::PM,110-13158,PM,VA640_WB,WESTBOUND,39076.0,303.0,3.0,10.0,13.5,17.5,20.125,15.166802320644802,16.603493412683896,18.75466828275785,215.2719577267829,0.4004305364832985,ridge_core,core_network,full_network,True,constrained,aggregate_all_days,corridor_held_out,corridor,2,100.00813923868812,100.00813923868812,-53.79039523896623,53.79039523896623,-82.21990303452891,82.21990303452891,78.67281250406108,False,
110-13160::AM,110-13160,AM,VA640_WB,WESTBOUND,38299.0,303.0,3.0,1.0,6.25,6.75,8.25,6.932468970671442,7.756724973506746,9.57247230379795,158.4001999875905,0.312217788702241,ridge_core,core_network,full_network,True,constrained,aggregate_all_days,corridor_held_out,corridor,2,40.94813824028652,40.94813824028652,60.4034984104048,60.4034984104048,79.34833822787698,79.34833822787698,60.23332495952277,False,
110-13162::AM,110-13162,AM,VA640_WB,WESTBOUND,38269.0,403.0,3.0,2.0,7.25,8.5,9.375,6.547388332700456,7.537670465700228,9.51754144941698,178.2091870029915,0.3334111387814641,ridge_core,core_network,full_network,True,constrained,aggregate_all_days,corridor_held_out,corridor,2,-42.15670003797263,42.15670003797263,-57.73977205798632,57.73977205798632,8.552486965018886,8.552486965018886,36.14965302032594,False,
110-13162::PM,110-13162,PM,VA640_WB,WESTBOUND,38269.0,403.0,3.0,1.0,12.0,17.75,19.5,14.834352832559874,16.47144827533407,18.68820837942098,231.2313328116664,0.4247941893171315,ridge_core,core_network,full_network,True,constrained,aggregate_all_days,corridor_held_out,corridor,2,170.06116995359247,170.06116995359247,-76.71310347995586,76.71310347995586,-48.707497234741126,48.707497234741126,98.49392355609648,False,
110-13272::MD,110-13272,MD,VA234_SB,SOUTHBOUND,39020.0,503.0,3.0,1.0,11.75,14.5,16.75,10.546068254760735,11.596658486786325,13.562354224566734,180.9771581883599,0.3483059108262071,ridge_core,core_network,full_network,True,constrained,aggregate_all_days,corridor_held_out,corridor,2,-72.23590471435588,72.23590471435588,-174.20049079282063,174.20049079282063,-191.25874652599595,191.25874652599595,145.89838067772416,False,
110-13272::PM,110-13272,PM,VA234_SB,SOUTHBOUND,39020.0,503.0,3.0,10.0,15.0,17.25,19.0,15.048001827218728,16.527246725629173,18.463628744897587,204.9376150607316,0.433081520336445,ridge_core,core_network,full_network,True,constrained,aggregate_all_days,corridor_held_out,corridor,2,2.880109633123596,2.880109633123596,-43.36519646224964,43.36519646224964,-32.182275306144774,32.182275306144774,26.142527133839337,False,
110-13273::AM,110-13273,AM,VA234_SB,SOUTHBOUND,38644.0,603.0,3.0,2.0,6.625,7.375,8.75,6.424014381209313,7.324697295208111,9.02880827851854,156.28763383855366,0.345778955843382,ridge_core,core_network,full_network,True,constrained,aggregate_all_days,corridor_held_out,corridor,2,-12.05913712744124,12.05913712744124,-3.0181622875133485,3.0181622875133485,16.72849671111237,16.72849671111237,10.60193204202232,False,
110-13273::PM,110-13273,PM,VA234_SB,SOUTHBOUND,38644.0,603.0,3.0,3.0,14.25,16.0,18.25,14.916129277501888,16.39536991263589,18.307335890460585,203.4723967775218,0.4361989120572693,ridge_core,core_network,full_network,True,constrained,aggregate_all_days,corridor_held_out,corridor,2,39.96775665011327,39.96775665011327,23.72219475815335,23.72219475815335,3.440153427635124,3.440153427635124,22.37670161196725,False,
110-13274::AM,110-13274,AM,VA234_SB,SOUTHBOUND,38669.0,603.0,3.0,2.0,7.25,8.25,9.125,6.36319637267942,7.3187229084530045,8.993990253254191,157.8476328344863,0.3632084378897911,ridge_core,core_network,full_network,True,constrained,aggregate_all_days,corridor_held_out,corridor,2,-53.2082176392348,53.2082176392348,-55.87662549281973,55.87662549281973,-7.860584804748534,7.860584804748534,38.98180931226768,False,
110-13705::AM,110-13705,AM,VA244_WB,WESTBOUND,28806.0,302.0,2.0,1.0,6.0,8.75,10.25,6.923922965689796,7.888655752073838,9.679097296400409,165.3104598426367,0.3501530831028103,ridge_core,core_network,full_network,True,constrained,aggregate_all_days,corridor_held_out,corridor,2,55.43537794138775,55.43537794138775,-51.68065487556973,51.68065487556973,-34.25416221597558,34.25416221597558,47.12339834431102,False,
110-13705::MD,110-13705,MD,VA244_WB,WESTBOUND,28806.0,302.0,2.0,1.0,7.5,9.25,10.0,10.788874790803517,11.948179733211896,13.98170136346342,191.56959435959428,0.3630967470439767,ridge_core,core_network,full_network,True,constrained,aggregate_all_days,corridor_held_out,corridor,2,197.33248744821088,197.33248744821088,161.89078399271378,161.89078399271378,238.9020818078052,238.9020818078052,199.37511774957665,False,
110-13705::PM,110-13705,PM,VA244_WB,WESTBOUND,28806.0,302.0,2.0,3.0,14.0,17.75,21.25,15.29614084564066,16.89915779641687,18.940692707079627,218.67311168633807,0.4398392482041114,ridge_core,core_network,full_network,True,constrained,aggregate_all_days,corridor_held_out,corridor,2,77.76845073843955,77.76845073843955,-51.050532214987854,51.050532214987854,-138.55843757522237,138.55843757522237,89.12580684288325,False,
110-13706::AM,110-13706,AM,VA244_WB,WESTBOUND,34289.0,402.0,2.0,2.0,7.25,8.5,9.625,6.510001347099475,7.687298107088034,9.71472072119023,192.28316244544527,0.3673634482652891,ridge_core,core_network,full_network,True,constrained,aggregate_all_days,corridor_held_out,corridor,2,-44.39991917403148,44.39991917403148,-48.76211357471797,48.76211357471797,5.383243271413747,5.383243271413747,32.8484253400544,False,
110-13706::MD,110-13706,MD,VA244_WB,WESTBOUND,34289.0,402.0,2.0,1.0,10.125,11.625,15.875,10.360395593073898,11.780946807092873,14.109871725606691,224.9685679519677,0.3788665839724606,ridge_core,core_network,full_network,True,constrained,aggregate_all_days,corridor_held_out,corridor,2,14.12373558443388,14.12373558443388,9.356808425572254,9.356808425572254,-105.90769646359844,105.90769646359844,43.12941349120152,False,
110-16037::AM,110-16037,AM,US15_SB,SOUTHBOUND,36139.0,603.0,3.0,1.0,5.0,6.5,8.75,6.9557138137421255,7.81356544141987,9.363519062140774,144.46831490391895,0.3562794907305202,ridge_core,core_network,full_network,True,constrained,aggregate_all_days,corridor_held_out,corridor,2,117.34282882452752,117.34282882452752,78.81392648519221,78.81392648519221,36.81114372844647,36.81114372844647,77.65596634605541,False,
110-17121::AM,110-17121,AM,US29_NB,NORTHBOUND,25959.0,102.0,2.0,2.0,6.75,7.375,8.25,6.426423051916532,7.443046254782024,9.330356797515556,174.2360247359414,0.3500848476333892,ridge_core,core_network,full_network,True,constrained,aggregate_all_days,corridor_held_out,corridor,2,-19.41461688500807,19.41461688500807,4.082775286921425,4.082775286921425,64.82140785093335,64.82140785093335,29.43960000762095,False,
110-17121::MD,110-17121,MD,US29_NB,NORTHBOUND,25959.0,102.0,2.0,2.0,11.5,12.25,13.5,10.304712547513873,11.526543597895994,13.582804396232644,196.6855109231261,0.3727263013877019,ridge_core,core_network,full_network,True,constrained,aggregate_all_days,corridor_held_out,corridor,2,-71.71724714916763,71.71724714916763,-43.407384126240345,43.407384126240345,4.9682637739585545,4.9682637739585545,40.03096501645551,False,
110-17127::AM,110-17127,AM,US29_NB,NORTHBOUND,31283.0,202.0,2.0,6.0,6.25,7.75,10.625,6.541324419425561,7.732618309852871,9.575328820636551,182.0402640726594,0.3926473837519212,ridge_core,core_network,full_network,True,constrained,aggregate_all_days,corridor_held_out,corridor,2,17.47946516553368,17.47946516553368,-1.0429014088277455,1.0429014088277455,-62.98027076180691,62.98027076180691,27.16754577872278,False,
110-17127::MD,110-17127,MD,US29_NB,NORTHBOUND,31283.0,202.0,2.0,1.0,6.5,9.25,12.75,10.334223009554217,11.75307816338002,13.801915080647554,208.0615242656003,0.4091641139804122,ridge_core,core_network,full_network,True,constrained,aggregate_all_days,corridor_held_out,corridor,2,230.0533805732529,230.0533805732529,150.18468980280124,150.18468980280124,63.11490483885322,63.11490483885322,147.78432507163578,False,
110-17127::PM,110-17127,PM,US29_NB,NORTHBOUND,31283.0,202.0,2.0,2.0,14.125,16.125,20.375,14.781570145511502,16.714024401652694,18.72687877256311,236.71851762309663,0.4898106685218551,ridge_core,core_network,full_network,True,constrained,aggregate_all_days,corridor_held_out,corridor,2,39.39420873069011,39.39420873069011,35.34146409916161,35.34146409916161,-98.88727364621332,98.88727364621332,57.87431549202168,False,
110-17130::MD,110-17130,MD,US29_NB,NORTHBOUND,35409.0,202.0,2.0,3.0,11.5,11.75,13.5,10.520652051052725,11.752946128715976,13.586170105662733,183.9310832766004,0.4019855879857226,ridge_core,core_network,full_network,True,constrained,aggregate_all_days,corridor_held_out,corridor,2,-58.76087693683651,58.76087693683651,0.1767677229585729,0.1767677229585729,5.170206339763865,5.170206339763865,21.36928366651965,False,
110-17130::PM,110-17130,PM,US29_NB,NORTHBOUND,35409.0,202.0,2.0,4.0,16.0,16.375,17.375,15.109769944376486,16.807742024641232,18.636526366512605,211.6053853281672,0.4814543101437956,ridge_core,core_network,full_network,True,constrained,aggregate_all_days,corridor_held_out,corridor,2,-53.41380333741082,53.41380333741082,25.96452147847394,25.96452147847394,75.6915819907563,75.6915819907563,51.68996893554702,False,
110-17131::MD,110-17131,MD,US29_NB,NORTHBOUND,29740.0,202.0,2.0,9.0,9.75,11.75,14.5,10.579847679615812,11.836451180582374,13.713033331085848,187.9911390882021,0.401062573606829,ridge_core,core_network,full_network,True,constrained,aggregate_all_days,corridor_held_out,corridor,2,49.7908607769487,49.7908607769487,5.187070834942453,5.187070834942453,-47.21800013484913,47.21800013484913,34.06531058224676,False,
110-17131::PM,110-17131,PM,US29_NB,NORTHBOUND,29740.0,202.0,2.0,8.0,15.0,17.25,19.5,15.105028089703191,16.833194352364607,18.70973964413107,216.2826932656725,0.4794187375515822,ridge_core,core_network,full_network,True,constrained,aggregate_all_days,corridor_held_out,corridor,2,6.301685382191593,6.301685382191593,-25.00833885812355,25.00833885812355,-47.41562135213584,47.41562135213584,26.24188186415033,False,
110-17245::AM,110-17245,AM,VA234_SB,SOUTHBOUND,40921.0,302.0,2.0,3.0,7.25,7.75,9.5,6.900621106344133,7.842807744186743,9.56222612253113,159.69630097121984,0.3539919079324484,ridge_core,core_network,full_network,True,constrained,aggregate_all_days,corridor_held_out,corridor,2,-20.96273361935204,20.96273361935204,5.568464651204579,5.568464651204579,3.733567351867748,3.733567351867748,10.088255207474788,False,
110-17245::PM,110-17245,PM,VA234_SB,SOUTHBOUND,40921.0,302.0,2.0,16.0,14.0,17.0,19.0,15.31464740893425,16.881826918734298,18.82886677499832,210.85316196384383,0.4459538083859836,ridge_core,core_network,full_network,True,constrained,aggregate_all_days,corridor_held_out,corridor,2,78.87884453605506,78.87884453605506,-7.090384875942135,7.090384875942135,-10.267993500101156,10.267993500101156,32.07907430403278,False,
110-18880::PM,110-18880,PM,VA606_WB,WESTBOUND,31002.0,403.0,3.0,10.0,15.875,17.375,18.875,15.08499368530668,16.707695699339357,18.939025378496066,231.24190159136307,0.4210401323113714,ridge_core,core_network,full_network,True,constrained,aggregate_all_days,corridor_held_out,corridor,2,-47.40037888159922,47.40037888159922,-40.03825803963856,40.03825803963856,3.841522709763936,3.841522709763936,30.426719877000576,False,
110-18881::PM,110-18881,PM,VA606_WB,WESTBOUND,30482.0,503.0,3.0,7.0,16.5,17.5,18.5,15.567673751967096,16.893723766539573,18.696317950687668,187.7186519232341,0.4238417443296211,ridge_core,core_network,full_network,True,constrained,aggregate_all_days,corridor_held_out,corridor,2,-55.93957488197425,55.93957488197425,-36.37657400762564,36.37657400762564,11.779077041260066,11.779077041260066,34.698408643619985,False,
110-56062::AM,110-56062,AM,VA643_WB,WESTBOUND,29519.0,604.0,4.0,7.0,7.5,8.75,10.25,7.017988453954564,8.1521732469098,9.887358631548649,172.162210655645,0.395273081811365,ridge_core,core_network,full_network,True,constrained,aggregate_all_days,corridor_held_out,corridor,2,-28.920692762726183,28.920692762726183,-35.86960518541197,35.86960518541197,-21.75848210708118,21.75848210708118,28.84959335173977,False,
110-56062::MD,110-56062,MD,VA643_WB,WESTBOUND,29519.0,604.0,4.0,5.0,9.0,11.25,14.75,10.694127614526996,12.0055646366583,13.85158394007432,189.4473795328396,0.415346052935182,ridge_core,core_network,full_network,True,constrained,aggregate_all_days,corridor_held_out,corridor,2,101.64765687161967,101.64765687161967,45.333878199497946,45.333878199497946,-53.90496359554078,53.90496359554078,66.96216622221947,False,
110-56062::PM,110-56062,PM,VA643_WB,WESTBOUND,29519.0,604.0,4.0,12.0,14.125,16.75,20.25,15.28324980621022,17.07695752131965,18.960859209980896,220.6565642262406,0.4877374180276808,ridge_core,core_network,full_network,True,constrained,aggregate_all_days,corridor_held_out,corridor,2,69.4949883726132,69.4949883726132,19.617451279178937,19.617451279178937,-77.34844740114625,77.34844740114625,55.48696235097946,False,
110-56063::AM,110-56063,AM,VA643_WB,WESTBOUND,29519.0,604.0,4.0,5.0,6.5,8.0,11.25,7.017988453954564,8.1521732469098,9.887358631548649,172.162210655645,0.395273081811365,ridge_core,core_network,full_network,True,constrained,aggregate_all_days,corridor_held_out,corridor,2,31.079307237273817,31.079307237273817,9.13039481458803,9.13039481458803,-81.75848210708118,81.75848210708118,40.65606138631434,False,
110-56063::MD,110-56063,MD,VA643_WB,WESTBOUND,29519.0,604.0,4.0,4.0,7.25,9.25,11.875,10.694127614526996,12.0055646366583,13.85158394007432,189.4473795328396,0.415346052935182,ridge_core,core_network,full_network,True,constrained,aggregate_all_days,corridor_held_out,corridor,2,206.6476568716197,206.6476568716197,165.33387819949797,165.33387819949797,118.59503640445922,118.59503640445922,163.52552382519227,False,
110-56063::PM,110-56063,PM,VA643_WB,WESTBOUND,29519.0,604.0,4.0,5.0,13.5,17.25,20.25,15.28324980621022,17.07695752131965,18.960859209980896,220.6565642262406,0.4877374180276808,ridge_core,core_network,full_network,True,constrained,aggregate_all_days,corridor_held_out,corridor,2,106.9949883726132,106.9949883726132,-10.382548720821063,10.382548720821063,-77.34844740114625,77.34844740114625,64.9086614981935,False,
110-56064::AM,110-56064,AM,VA643_WB,WESTBOUND,29519.0,604.0,4.0,2.0,8.0,8.375,9.75,7.017988453954564,8.1521732469098,9.887358631548649,172.162210655645,0.395273081811365,ridge_core,core_network,full_network,True,constrained,aggregate_all_days,corridor_held_out,corridor,2,-58.92069276272618,58.92069276272618,-13.36960518541197,13.36960518541197,8.241517892918822,8.241517892918822,26.84393861368565,False,
110-56064::MD,110-56064,MD,VA643_WB,WESTBOUND,29519.0,604.0,4.0,2.0,11.375,12.25,16.625,10.694127614526996,12.0055646366583,13.85158394007432,189.4473795328396,0.415346052935182,ridge_core,core_network,full_network,True,constrained,aggregate_all_days,corridor_held_out,corridor,2,-40.852343128380326,40.852343128380326,-14.666121800502054,14.666121800502054,-166.40496359554078,166.40496359554078,73.97447617480772,False,
110-56064::PM,110-56064,PM,VA643_WB,WESTBOUND,29519.0,604.0,4.0,3.0,13.5,16.75,19.25,15.28324980621022,17.07695752131965,18.960859209980896,220.6565642262406,0.4877374180276808,ridge_core,core_network,full_network,True,constrained,aggregate_all_days,corridor_held_out,corridor,2,106.9949883726132,106.9949883726132,19.617451279178937,19.617451279178937,-17.348447401146245,17.348447401146245,47.98696235097946,False,
110-58117::AM,110-58117,AM,VA640_WB,WESTBOUND,35927.0,304.0,4.0,5.0,7.75,8.25,9.5,6.962952814226233,8.353486017774337,10.094822580221177,187.91218595969656,0.4439945806962236,ridge_core,core_network,full_network,True,constrained,aggregate_all_days,corridor_held_out,corridor,2,-47.22283114642604,47.22283114642604,6.209161066460212,6.209161066460212,35.68935481327049,35.68935481327049,29.70711567538558,False,
110-58117::MD,110-58117,MD,VA640_WB,WESTBOUND,35927.0,304.0,4.0,5.0,9.0,9.5,11.0,10.560326658494905,12.190665618782711,14.063257555831346,210.1758538401864,0.4654213879946887,ridge_core,core_network,full_network,True,constrained,aggregate_all_days,corridor_held_out,corridor,2,93.61959950969428,93.61959950969428,161.4399371269627,161.4399371269627,183.7954533498808,183.7954533498808,146.28499666217922,False,
110-59142::AM,110-59142,AM,VA643_WB,WESTBOUND,39291.0,604.0,4.0,9.0,6.25,7.5,9.75,6.545554397681407,7.690991113844969,9.5636429360028,181.08531229928363,0.3795238945510306,ridge_core,core_network,full_network,True,constrained,aggregate_all_days,corridor_held_out,corridor,2,17.73326386088442,17.73326386088442,11.459466830698162,11.459466830698162,-11.18142383983198,11.18142383983198,13.45805151047152,False,
110-59142::MD,110-59142,MD,VA643_WB,WESTBOUND,39291.0,604.0,4.0,8.0,10.75,11.5,13.5,10.383903904681633,11.715621975758005,13.793919067214308,204.60090975196064,0.3905314221791566,ridge_core,core_network,full_network,True,constrained,aggregate_all_days,corridor_held_out,corridor,2,-21.965765719102137,21.965765719102137,12.93731854548028,12.93731854548028,17.635144032858463,17.635144032858463,17.512742765813627,False,
110-59142::PM,110-59142,PM,VA643_WB,WESTBOUND,39291.0,604.0,4.0,14.0,14.875,15.875,18.125,14.829044289828277,16.674331441018097,18.710698375017373,232.899245111346,0.4753868095126584,ridge_core,core_network,full_network,True,constrained,aggregate_all_days,corridor_held_out,corridor,2,-2.7573426103035104,2.7573426103035104,47.95988646108583,47.95988646108583,35.14190250104235,35.14190250104235,28.619710524143898,False,
110N04603::MD,110N04603,MD,I495_CCW,COUNTERCLOCKWISE,32730.0,301.0,1.0,1.0,8.5,9.0,10.25,10.530115093067764,11.69301935600817,13.551737211746415,181.29732712071925,0.3848609181643605,ridge_core,core_network,full_network,True,constrained,aggregate_all_days,corridor_held_out,corridor,2,121.80690558406582,121.80690558406582,161.5811613604902,161.5811613604902,198.10423270478503,198.10423270478503,160.49743321644704,False,
110N04603::PM,110N04603,PM,I495_CCW,COUNTERCLOCKWISE,32730.0,301.0,1.0,4.0,15.375,16.25,18.125,15.128417984652206,16.66679508892933,18.47852624510094,201.0064956269242,0.4592022062209608,ridge_core,core_network,full_network,True,constrained,aggregate_all_days,corridor_held_out,corridor,2,-14.794920920867654,14.794920920867654,25.00770533575981,25.00770533575981,21.211574706056453,21.211574706056453,20.338066987561305,False,
110N04604::MD,110N04604,MD,I495_CCW,COUNTERCLOCKWISE,31679.0,301.0,1.0,4.0,14.0,14.25,16.125,10.766876818780078,12.186999326607962,14.46870382365096,222.10962029225288,0.3836274644815331,ridge_core,core_network,full_network,True,constrained,aggregate_all_days,corridor_held_out,corridor,2,-193.9873908731953,193.9873908731953,-123.78004040352226,123.78004040352226,-99.37777058094248,99.37777058094248,139.04840061922002,False,
110N04604::PM,110N04604,PM,I495_CCW,COUNTERCLOCKWISE,31679.0,301.0,1.0,3.0,14.0,15.75,18.25,15.203341038309093,16.903405248742263,18.929513723741067,223.57036112591865,0.4562494425123733,ridge_core,core_network,full_network,True,constrained,aggregate_all_days,corridor_held_out,corridor,2,72.20046229854546,72.20046229854546,69.20431492453581,69.20431492453581,40.77082342446403,40.77082342446403,60.72520021584844,False,
110N04605::MD,110N04605,MD,I495_CCW,COUNTERCLOCKWISE,32699.0,401.0,1.0,1.0,14.0,14.5,16.5,10.61254986657997,12.364321518495473,14.640620790139954,241.68425541359903,0.4348909652184813,ridge_core,core_network,full_network,True,constrained,aggregate_all_days,corridor_held_out,corridor,2,-203.2470080052018,203.2470080052018,-128.14070889027175,128.14070889027175,-111.5627525916028,111.5627525916028,147.65015649569213,False,
110N04605::PM,110N04605,PM,I495_CCW,COUNTERCLOCKWISE,32699.0,401.0,1.0,2.0,15.125,16.125,18.125,14.988499349934228,17.072489753777543,19.07961081341833,245.46668780904645,0.5093946773252979,ridge_core,core_network,full_network,True,constrained,aggregate_all_days,corridor_held_out,corridor,2,-8.190039003946303,8.190039003946303,56.84938522665256,56.84938522665256,57.27664880510005,57.27664880510005,40.77202434523297,False,
110N04606::MD,110N04606,MD,I495_CCW,COUNTERCLOCKWISE,31698.0,201.0,1.0,1.0,13.25,14.0,19.75,10.950425515233883,12.24994434680874,14.651247258992726,222.0493046255305,0.3511433193901861,ridge_core,core_network,full_network,True,constrained,aggregate_all_days,corridor_held_out,corridor,2,-137.974469085967,137.974469085967,-105.00333919147565,105.00333919147565,-305.92516446043646,305.92516446043646,182.96765757929305,False,
110N04606::PM,110N04606,PM,I495_CCW,COUNTERCLOCKWISE,31698.0,201.0,1.0,15.0,13.5,16.25,19.75,15.380379619900914,16.956499467414126,19.11660133162812,224.1733027036324,0.4218485863850388,ridge_core,core_network,full_network,True,constrained,aggregate_all_days,corridor_held_out,corridor,2,112.82277719405484,112.82277719405484,42.38996804484756,42.38996804484756,-38.00392010231271,38.00392010231271,64.40555511373837,False,
110N04607::PM,110N04607,PM,I495_CCW,COUNTERCLOCKWISE,32673.0,101.0,1.0,21.0,13.5,16.5,19.75,15.07387997131966,17.32187215484507,19.38936491556369,258.9290966546416,0.5209129941523195,ridge_core,core_network,full_network,True,constrained,aggregate_all_days,corridor_held_out,corridor,2,94.43279827917956,94.43279827917956,49.312329290704255,49.312329290704255,-21.63810506617885,21.63810506617885,55.12774421202088,False,
110N04608::AM,110N04608,AM,I495_CCW,COUNTERCLOCKWISE,32656.0,501.0,1.0,1.0,8.25,8.75,10.5,7.0545689793392645,7.752168552593524,9.345919769036064,137.48104738180794,0.3044490509227392,ridge_core,core_network,full_network,True,constrained,aggregate_all_days,corridor_held_out,corridor,2,-71.72586123964413,71.72586123964413,-59.86988684438856,59.86988684438856,-69.24481385783619,69.24481385783619,66.94685398062296,False,
110N04608::PM,110N04608,PM,I495_CCW,COUNTERCLOCKWISE,32656.0,501.0,1.0,17.0,14.0,16.75,19.5,15.610446621915065,16.956048004671132,18.752549782070783,188.52618960934328,0.4282486328963757,ridge_core,core_network,full_network,True,constrained,aggregate_all_days,corridor_held_out,corridor,2,96.62679731490378,96.62679731490378,12.362880280267916,12.362880280267916,-44.847013075753,44.847013075753,51.27889689030823,False,
110N04609::MD,110N04609,MD,I495_CCW,COUNTERCLOCKWISE,32646.0,501.0,1.0,8.0,14.0,14.5,15.75,10.95129273666613,11.782762488334754,13.507448108707589,153.36932232248742,0.3252813818608281,ridge_core,core_network,full_network,True,constrained,aggregate_all_days,corridor_held_out,corridor,2,-182.92243580003225,182.92243580003225,-163.03425069991476,163.03425069991476,-134.55311347754477,134.55311347754477,160.16993332583058,False,
110N04609::PM,110N04609,PM,I495_CCW,COUNTERCLOCKWISE,32646.0,501.0,1.0,14.0,15.125,17.5,19.25,15.683575058613588,16.881115672545903,18.6937526359252,180.6106546386968,0.3978305542365504,ridge_core,core_network,full_network,True,constrained,aggregate_all_days,corridor_held_out,corridor,2,33.51450351681528,33.51450351681528,-37.13305964724583,37.13305964724583,-33.374841844487975,33.374841844487975,34.674135002849695,False,
110N04610::PM,110N04610,PM,I495_CCW,COUNTERCLOCKWISE,32628.0,101.0,1.0,6.0,16.125,17.5,19.0,15.21494859291726,17.15501123334082,19.04188669034296,229.61628584554185,0.5069490519662704,ridge_core,core_network,full_network,True,constrained,aggregate_all_days,corridor_held_out,corridor,2,-54.60308442496441,54.60308442496441,-20.69932599955088,20.69932599955088,2.51320142057736,2.51320142057736,25.93853728169755,False,
110N04611::PM,110N04611,PM,I495_CCW,COUNTERCLOCKWISE,32753.0,301.0,1.0,1.0,17.25,18.0,19.0,15.131793232183677,16.87366633670763,18.96941062828773,230.2570437662429,0.4538944153975074,ridge_core,core_network,full_network,True,constrained,aggregate_all_days,corridor_held_out,corridor,2,-127.0924060689794,127.0924060689794,-67.58001979754226,67.58001979754226,-1.8353623027364565,1.8353623027364565,65.50259605641936,False,
110N04612::MD,110N04612,MD,I495_CCW,COUNTERCLOCKWISE,32758.0,301.0,1.0,2.0,10.875,11.875,14.375,10.36069592768947,12.03433467798667,14.471408695917845,246.6427660937024,0.4071407672247804,ridge_core,core_network,full_network,True,constrained,aggregate_all_days,corridor_held_out,corridor,2,-30.85824433863181,30.85824433863181,9.56008067920024,9.56008067920024,5.784521755070564,5.784521755070564,15.40094892430087,False,
110N04612::PM,110N04612,PM,I495_CCW,COUNTERCLOCKWISE,32758.0,301.0,1.0,2.0,15.25,16.0,17.25,14.75683760870672,16.885108905890927,19.19075751445908,266.0351943451416,0.4799976865669331,ridge_core,core_network,full_network,True,constrained,aggregate_all_days,corridor_held_out,corridor,2,-29.58974347759672,29.58974347759672,53.10653435345564,53.10653435345564,116.44545086754476,116.44545086754476,66.3805762328657,False,
110N04613::AM,110N04613,AM,I495_CCW,COUNTERCLOCKWISE,28667.0,501.0,1.0,2.0,6.125,7.625,10.375,6.841132056986693,7.948410921911598,9.898110623520424,183.41871399202395,0.3622134865605009,ridge_core,core_network,full_network,True,constrained,aggregate_all_days,corridor_held_out,corridor,2,42.96792341920156,42.96792341920156,19.404655314695862,19.404655314695862,-28.61336258877447,28.61336258877447,30.3286471075573,False,
110N04613::MD,110N04613,MD,I495_CCW,COUNTERCLOCKWISE,28667.0,501.0,1.0,5.0,6.5,11.75,13.0,10.552468301897356,12.297292711435691,14.848008208615678,257.73239440309925,0.4061944359565582,ridge_core,core_network,full_network,True,constrained,aggregate_all_days,corridor_held_out,corridor,2,243.14809811384137,243.14809811384137,32.83756268614148,32.83756268614148,110.88049251694066,110.88049251694066,128.9553844389745,False,
110N04613::PM,110N04613,PM,I495_CCW,COUNTERCLOCKWISE,28667.0,501.0,1.0,5.0,14.5,17.0,19.0,14.928638928646036,17.148066939339948,19.561918112139185,277.9967510095889,0.4790188380188713,ridge_core,core_network,full_network,True,constrained,aggregate_all_days,corridor_held_out,corridor,2,25.718335718762155,25.718335718762155,8.884016360396885,8.884016360396885,33.71508672835091,33.71508672835091,22.77247960250332,False,
110N04645::AM,110N04645,AM,I495_CCW,COUNTERCLOCKWISE,32774.0,201.0,1.0,3.0,7.0,7.75,8.75,6.785983243817153,7.473644297762751,9.087172430270927,138.07135118722655,0.2988285613341123,ridge_core,core_network,full_network,True,constrained,aggregate_all_days,corridor_held_out,corridor,2,-12.84100537097082,12.84100537097082,-16.58134213423491,16.58134213423491,20.23034581625573,20.23034581625573,16.550897773820488,False,
110N04645::PM,110N04645,PM,I495_CCW,COUNTERCLOCKWISE,32774.0,201.0,1.0,21.0,13.75,16.75,20.0,15.466330163742564,16.661511324325197,18.61522894635049,188.9339269564759,0.3795552804630885,ridge_core,core_network,full_network,True,constrained,aggregate_all_days,corridor_held_out,corridor,2,102.97980982455393,102.97980982455393,-5.309320540488187,5.309320540488187,-83.0862632189703,83.0862632189703,63.79179786133747,False,
110N04646::AM,110N04646,AM,I495_CCW,COUNTERCLOCKWISE,32771.0,201.0,1.0,2.0,6.75,8.25,9.875,6.812754076856927,7.546572955374131,9.21394320172762,144.0713474922416,0.305606447620706,ridge_core,core_network,full_network,True,constrained,aggregate_all_days,corridor_held_out,corridor,2,3.765244611415621,3.765244611415621,-42.20562267755213,42.20562267755213,-39.6634078963428,39.6634078963428,28.54475839510352,False,
110N04646::PM,110N04646,PM,I495_CCW,COUNTERCLOCKWISE,32771.0,201.0,1.0,23.0,13.75,17.0,19.5,15.40999669162154,16.77100469102383,18.85962057864724,206.977433221542,0.3945380841433597,ridge_core,core_network,full_network,True,constrained,aggregate_all_days,corridor_held_out,corridor,2,99.5998014972924,99.5998014972924,-13.739718538570216,13.739718538570216,-38.422765281165496,38.422765281165496,50.587428439009365,False,
110N04647::MD,110N04647,MD,I495_CCW,COUNTERCLOCKWISE,32340.0,201.0,1.0,1.0,7.0,9.0,11.0,10.913850239484676,12.116797127749768,14.36463430499892,207.04704393085467,0.3486010325267412,ridge_core,core_network,full_network,True,constrained,aggregate_all_days,corridor_held_out,corridor,2,234.83101436908063,234.83101436908063,187.00782766498608,187.00782766498608,201.87805829993525,201.87805829993525,207.9056334446673,False,
110N04647::PM,110N04647,PM,I495_CCW,COUNTERCLOCKWISE,32340.0,201.0,1.0,21.0,14.25,16.25,19.0,15.38074833171311,16.926137660978277,19.05117175891225,220.2254056319484,0.421038433280826,ridge_core,core_network,full_network,True,constrained,aggregate_all_days,corridor_held_out,corridor,2,67.84489990278665,67.84489990278665,40.56825965869663,40.56825965869663,3.070305534735027,3.070305534735027,37.16115503207277,False,
110N04648::AM,110N04648,AM,I495_CCW,COUNTERCLOCKWISE,31677.0,201.0,1.0,6.0,7.375,8.125,9.875,6.889188368350914,7.683056276478669,9.387834939753429,149.91879428415092,0.3177191673339175,ridge_core,core_network,full_network,True,constrained,aggregate_all_days,corridor_held_out,corridor,2,-29.148697898945155,29.148697898945155,-26.516623411279863,26.516623411279863,-29.22990361479428,29.22990361479428,28.29840830833977,False,
110N04648::PM,110N04648,PM,I495_CCW,COUNTERCLOCKWISE,31677.0,201.0,1.0,19.0,14.25,16.5,18.25,15.341877978237514,16.88268617908446,19.018269033959143,220.58346334329767,0.4191088971476415,ridge_core,core_network,full_network,True,constrained,aggregate_all_days,corridor_held_out,corridor,2,65.51267869425087,65.51267869425087,22.96117074506753,22.96117074506753,46.09614203754859,46.09614203754859,44.85666382562233,False,
110N05683::MD,110N05683,MD,VA7_EB,EASTBOUND,28308.0,202.0,2.0,1.0,14.5,14.75,15.5,10.82230624876554,12.049604498187133,14.510566659574597,221.2956246485432,0.3327580248468336,ridge_core,core_network,full_network,True,constrained,aggregate_all_days,corridor_held_out,corridor,2,-220.6616250740676,220.6616250740676,-162.02373010877204,162.02373010877204,-59.36600042552431,59.36600042552431,147.35045186945464,False,
110N05683::PM,110N05683,PM,VA7_EB,EASTBOUND,28308.0,202.0,2.0,3.0,16.75,17.25,18.25,15.243680286308216,16.940461903913693,19.35944017298432,246.9455932005658,0.4122644819729273,ridge_core,core_network,full_network,True,constrained,aggregate_all_days,corridor_held_out,corridor,2,-90.37918282150696,90.37918282150696,-18.572285765178407,18.572285765178407,66.56641037905885,66.56641037905885,58.50595965524807,False,
110N05687::AM,110N05687,AM,VA7_EB,EASTBOUND,34140.0,202.0,2.0,2.0,7.375,7.75,9.625,6.457548087952084,7.653329503146216,9.542390193731286,185.09052634675217,0.3876313192671781,ridge_core,core_network,full_network,True,constrained,aggregate_all_days,corridor_held_out,corridor,2,-55.047114722874966,55.047114722874966,-5.800229811227062,5.800229811227062,-4.956588376122824,4.956588376122824,21.934644303408287,False,
110N05687::PM,110N05687,PM,VA7_EB,EASTBOUND,34140.0,202.0,2.0,1.0,11.75,17.5,19.5,14.701568705928027,16.657739854055176,18.776760590774792,244.5115130908057,0.48001939624021,ridge_core,core_network,full_network,True,constrained,aggregate_all_days,corridor_held_out,corridor,2,177.09412235568175,177.09412235568175,-50.53560875668943,50.53560875668943,-43.39436455351248,43.39436455351248,90.34136522196124,False,
110N05692::AM,110N05692,AM,VA7_EB,EASTBOUND,30115.0,302.0,2.0,4.0,6.875,7.625,9.25,6.814016399491972,7.788201397757915,9.6651760137446,171.06957685515764,0.3416802740176671,ridge_core,core_network,full_network,True,constrained,aggregate_all_days,corridor_held_out,corridor,2,-3.6590160304817054,3.6590160304817054,9.792083865474924,9.792083865474924,24.91056082467594,24.91056082467594,12.787220240210855,False,
110N05692::PM,110N05692,PM,VA7_EB,EASTBOUND,30115.0,302.0,2.0,1.0,13.75,17.0,20.25,15.207956357921042,16.842500523322826,19.01400623257788,228.3629924794104,0.4294594709033227,ridge_core,core_network,full_network,True,constrained,aggregate_all_days,corridor_held_out,corridor,2,87.47738147526249,87.47738147526249,-9.449968600630427,9.449968600630427,-74.15962604532716,74.15962604532716,57.028992040406685,False,
110N05697::AM,110N05697,AM,VA7_EB,EASTBOUND,30572.0,102.0,2.0,4.0,7.0,8.0,9.25,6.767952833117056,7.727657588366331,9.483093687619093,162.90845127012216,0.353464076700834,ridge_core,core_network,full_network,True,constrained,aggregate_all_days,corridor_held_out,corridor,2,-13.922830012976668,13.922830012976668,-16.340544698020114,16.340544698020114,13.985621257145551,13.985621257145551,14.749665322714112,False,
110N05699::AM,110N05699,AM,VA7_EB,EASTBOUND,31844.0,202.0,2.0,6.0,6.75,8.5,10.25,7.004905225691917,7.937321472259906,9.56595258723684,153.66284169269542,0.3640761434437194,ridge_core,core_network,full_network,True,constrained,aggregate_all_days,corridor_held_out,corridor,2,15.294313541515,15.294313541515,-33.76071166440566,33.76071166440566,-41.04284476578961,41.04284476578961,30.032623323903422,False,
110N05699::MD,110N05699,MD,VA7_EB,EASTBOUND,31844.0,202.0,2.0,10.0,7.0,9.5,11.0,10.776830161541852,11.936868854031433,13.762535508952164,179.14232084461884,0.3885308687596221,ridge_core,core_network,full_network,True,constrained,aggregate_all_days,corridor_held_out,corridor,2,226.6098096925112,226.6098096925112,146.21213124188586,146.21213124188586,165.75213053712991,165.75213053712991,179.52469049050896,False,
110N05699::PM,110N05699,PM,VA7_EB,EASTBOUND,31844.0,202.0,2.0,7.0,13.75,16.0,17.75,15.400820513365373,16.927797304504537,18.682958044214224,196.9282518509312,0.4652385150796057,ridge_core,core_network,full_network,True,constrained,aggregate_all_days,corridor_held_out,corridor,2,99.04923080192236,99.04923080192236,55.66783827027223,55.66783827027223,55.97748265285347,55.97748265285347,70.23151724168268,False,
110N05701::AM,110N05701,AM,VA7_EB,EASTBOUND,30356.0,502.0,2.0,1.0,8.0,8.25,9.0,6.837745571073658,7.838990021172921,9.613973087260703,166.5736509712228,0.3606492782963273,ridge_core,core_network,full_network,True,constrained,aggregate_all_days,corridor_held_out,corridor,2,-69.73526573558054,69.73526573558054,-24.66059872962473,24.66059872962473,36.83838523564219,36.83838523564219,43.74474990028249,False,
110N05701::MD,110N05701,MD,VA7_EB,EASTBOUND,30356.0,502.0,2.0,4.0,11.875,13.625,16.875,10.761044118673048,12.06653884168929,14.212758110820117,207.102839528824,0.3782163661260315,ridge_core,core_network,full_network,True,constrained,aggregate_all_days,corridor_held_out,corridor,2,-66.8373528796171,66.8373528796171,-93.50766949864258,93.50766949864258,-159.73451335079312,159.73451335079312,106.69317857635092,False,
110N05701::PM,110N05701,PM,VA7_EB,EASTBOUND,30356.0,502.0,2.0,12.0,15.0,16.25,18.75,15.20438217113005,16.88043408624324,18.84591873958571,218.4921941073396,0.4602595315482412,ridge_core,core_network,full_network,True,constrained,aggregate_all_days,corridor_held_out,corridor,2,12.262930267802972,12.262930267802972,37.82604517459447,37.82604517459447,5.755124375142557,5.755124375142557,18.61469993918,False,
110N05706::AM,110N05706,AM,VA7_EB,EASTBOUND,33999.0,502.0,2.0,6.0,6.875,7.875,11.25,6.907892366266959,7.894287788777737,9.61865852179208,162.64596933150725,0.3638806765018416,ridge_core,core_network,full_network,True,constrained,aggregate_all_days,corridor_held_out,corridor,2,1.973541976017561,1.973541976017561,1.1572673266642042,1.1572673266642042,-97.8804886924752,97.8804886924752,33.670432665052324,False,
110N05706::MD,110N05706,MD,VA7_EB,EASTBOUND,33999.0,502.0,2.0,2.0,7.0,9.75,11.125,10.803910492621169,12.070988251184684,14.120371679091464,198.9876711882177,0.3820571649481794,ridge_core,core_network,full_network,True,constrained,aggregate_all_days,corridor_held_out,corridor,2,228.23462955727013,228.23462955727013,139.2592950710811,139.2592950710811,179.72230074548787,179.72230074548787,182.40540845794635,False,
110N05706::PM,110N05706,PM,VA7_EB,EASTBOUND,33999.0,502.0,2.0,2.0,15.25,17.875,20.25,15.277202642194167,16.92085481881022,18.821336183389267,212.6480124717059,0.4637669990453587,ridge_core,core_network,full_network,True,constrained,aggregate_all_days,corridor_held_out,corridor,2,1.632158531650134,1.632158531650134,-57.248710871386805,57.248710871386805,-85.71982899664398,85.71982899664398,48.20023279989365,False,
110N05711::AM,110N05711,AM,VA7_EB,EASTBOUND,35807.0,402.0,2.0,2.0,7.875,8.125,9.375,6.651099965996628,7.742195930400196,9.74004203403451,185.3365240822729,0.3532264252196351,ridge_core,core_network,full_network,True,constrained,aggregate_all_days,corridor_held_out,corridor,2,-73.43400204020233,73.43400204020233,-22.968244175988257,22.968244175988257,21.90252204207056,21.90252204207056,39.434922752753714,False,
110N05711::MD,110N05711,MD,VA7_EB,EASTBOUND,35807.0,402.0,2.0,1.0,13.5,14.75,18.75,10.562810921945122,12.013293175507386,14.48879340228132,235.55894882017185,0.3694571386467455,ridge_core,core_network,full_network,True,constrained,aggregate_all_days,corridor_held_out,corridor,2,-176.2313446832927,176.2313446832927,-164.20240946955687,164.20240946955687,-255.67239586312087,255.67239586312087,198.70205000532349,False,
110N05711::PM,110N05711,PM,VA7_EB,EASTBOUND,35807.0,402.0,2.0,17.0,13.75,16.0,19.75,14.94295254772794,16.799414444603123,19.05873131714649,246.94672616511312,0.4510596902509052,ridge_core,core_network,full_network,True,constrained,aggregate_all_days,corridor_held_out,corridor,2,71.57715286367636,71.57715286367636,47.96486667618737,47.96486667618737,-41.47612097121048,41.47612097121048,53.6727135036914,False,
110N05712::AM,110N05712,AM,VA7_EB,EASTBOUND,35908.0,402.0,2.0,14.0,7.0,7.75,9.5,6.917868612090617,7.938644684922531,9.825081197896088,174.43275514832828,0.3511184829812157,ridge_core,core_network,full_network,True,constrained,aggregate_all_days,corridor_held_out,corridor,2,-4.927883274562994,4.927883274562994,11.31868109535187,11.31868109535187,19.504871873765275,19.504871873765275,11.917145414560046,False,
110N05712::MD,110N05712,MD,VA7_EB,EASTBOUND,35908.0,402.0,2.0,2.0,13.125,14.75,20.5,10.834576384036565,12.187671367952568,14.519903585498517,221.1196320877171,0.3671573540008165,ridge_core,core_network,full_network,True,constrained,aggregate_all_days,corridor_held_out,corridor,2,-137.42541695780625,137.42541695780625,-153.73971792284593,153.73971792284593,-358.8057848700891,358.8057848700891,216.65697325024712,False,
110N05712::PM,110N05712,PM,VA7_EB,EASTBOUND,35908.0,402.0,2.0,14.0,13.25,17.25,20.25,15.24480153067416,16.98621435296802,19.12889809865164,233.0457940786485,0.4483443683277544,ridge_core,core_network,full_network,True,constrained,aggregate_all_days,corridor_held_out,corridor,2,119.68809184044956,119.68809184044956,-15.827138821918822,15.827138821918822,-67.26611408090186,67.26611408090186,67.59378158109008,False,
110N05713::AM,110N05713,AM,VA7_EB,EASTBOUND,35867.0,302.0,2.0,1.0,8.25,8.75,10.5,7.280589225049635,8.112305698673293,9.77650624982722,149.7550214866551,0.3332308187199343,ridge_core,core_network,full_network,True,constrained,aggregate_all_days,corridor_held_out,corridor,2,-58.16464649702191,58.16464649702191,-38.26165807960244,38.26165807960244,-43.40962501036682,43.40962501036682,46.611976528997054,False,
110N05713::MD,110N05713,MD,VA7_EB,EASTBOUND,35867.0,302.0,2.0,1.0,13.25,13.75,14.75,11.183289006563452,12.247671109133943,14.220059346045298,182.2062203689108,0.3504980566795523,ridge_core,core_network,full_network,True,constrained,aggregate_all_days,corridor_held_out,corridor,2,-124.00265960619286,124.00265960619286,-90.1397334519634,90.1397334519634,-31.796439237282108,31.796439237282108,81.97961076514612,False,
110N05713::PM,110N05713,PM,VA7_EB,EASTBOUND,35867.0,302.0,2.0,2.0,14.375,16.25,17.875,15.71898582792165,17.125076231770045,18.989404331864904,196.22511023659524,0.429942040186302,ridge_core,core_network,full_network,True,constrained,aggregate_all_days,corridor_held_out,corridor,2,80.63914967529897,80.63914967529897,52.50457390620269,52.50457390620269,66.86425991189424,66.86425991189424,66.66932783113197,False,
110N06533::AM,110N06533,AM,US29_NB,NORTHBOUND,38632.0,502.0,2.0,1.0,6.25,8.25,10.75,6.475597449227281,7.542447212761491,9.359809049442504,173.05269601291337,0.369893028463862,ridge_core,core_network,full_network,True,constrained,aggregate_all_days,corridor_held_out,corridor,2,13.535846953636844,13.535846953636844,-42.45316723431053,42.45316723431053,-83.41145703344978,83.41145703344978,46.46682374046571,False,
110N06541::AM,110N06541,AM,US29_NB,NORTHBOUND,25976.0,101.0,1.0,3.0,8.0,8.75,9.75,6.966756886006182,7.795384546774846,9.494072841363105,151.63895732141523,0.3278686461865986,ridge_core,core_network,full_network,True,constrained,aggregate_all_days,corridor_held_out,corridor,2,-61.99458683962906,61.99458683962906,-57.27692719350923,57.27692719350923,-15.355629518213831,15.355629518213831,44.875714517117366,False,
110N06541::MD,110N06541,MD,US29_NB,NORTHBOUND,25976.0,101.0,1.0,2.0,11.0,12.375,16.0,11.195160643698385,12.172657491326188,14.200415449148933,180.31528832703285,0.3252625520654504,ridge_core,core_network,full_network,True,constrained,aggregate_all_days,corridor_held_out,corridor,2,11.709638621903087,11.709638621903087,-12.140550520428732,12.140550520428732,-107.97507305106414,107.97507305106414,43.94175406446532,False,
110N06541::PM,110N06541,PM,US29_NB,NORTHBOUND,25976.0,101.0,1.0,8.0,14.875,16.375,19.625,15.63638760892955,17.007243754435915,19.00527421350772,202.1331962746901,0.4069166779444085,ridge_core,core_network,full_network,True,constrained,aggregate_all_days,corridor_held_out,corridor,2,45.68325653577297,45.68325653577297,37.93462526615493,37.93462526615493,-37.18354718953691,37.18354718953691,40.26714299715493,False,
110N06790::AM,110N06790,AM,US29_NB,NORTHBOUND,30915.0,202.0,2.0,2.0,7.75,8.625,10.125,6.430979047676121,7.628019757498196,9.532148209400097,186.0701497034386,0.3859965862541423,ridge_core,core_network,full_network,True,constrained,aggregate_all_days,corridor_held_out,corridor,2,-79.14125713943277,79.14125713943277,-59.81881455010825,59.81881455010825,-35.5711074359942,35.5711074359942,58.17705970851174,False,
110N06790::MD,110N06790,MD,US29_NB,NORTHBOUND,30915.0,202.0,2.0,6.0,10.25,14.25,15.75,10.269609787431108,11.703829188160537,13.799465573669092,211.79134717427908,0.4063110471314685,ridge_core,core_network,full_network,True,constrained,aggregate_all_days,corridor_held_out,corridor,2,1.1765872458664717,1.1765872458664717,-152.7702487103678,152.7702487103678,-117.03206557985446,117.03206557985446,90.3263005120296,False,
110N06790::PM,110N06790,PM,US29_NB,NORTHBOUND,30915.0,202.0,2.0,4.0,14.25,15.25,16.75,14.70992863299908,16.659093011865878,18.688372715215568,238.70664493298915,0.4899313245546159,ridge_core,core_network,full_network,True,constrained,aggregate_all_days,corridor_held_out,corridor,2,27.595717979944823,27.595717979944823,84.54558071195265,84.54558071195265,116.30236291293409,116.30236291293409,76.14788720161052,False,
110N06797::AM,110N06797,AM,US29_NB,NORTHBOUND,35442.0,202.0,2.0,3.0,6.0,7.75,9.25,6.783958199584438,7.837482951992648,9.567756872440128,167.02792037134137,0.378448615081592,ridge_core,core_network,full_network,True,constrained,aggregate_all_days,corridor_held_out,corridor,2,47.03749197506628,47.03749197506628,5.248977119558873,5.248977119558873,19.065412346407697,19.065412346407697,23.78396048034428,False,
110N06797::MD,110N06797,MD,US29_NB,NORTHBOUND,35442.0,202.0,2.0,1.0,7.0,9.25,10.5,10.549419865321722,11.812399465551932,13.705182711213515,189.3457707535076,0.4002137238780062,ridge_core,core_network,full_network,True,constrained,aggregate_all_days,corridor_held_out,corridor,2,212.9651919193033,212.9651919193033,153.74396793311593,153.74396793311593,192.31096267281103,192.31096267281103,186.34004084174344,False,
110N06798::AM,110N06798,AM,US29_NB,NORTHBOUND,31826.0,402.0,2.0,9.0,6.5,8.0,10.25,6.5386976264958205,7.706947982191161,9.745708634604652,192.42066048652995,0.3642801202557316,ridge_core,core_network,full_network,True,constrained,aggregate_all_days,corridor_held_out,corridor,2,2.321857589749232,2.321857589749232,-17.58312106853035,17.58312106853035,-30.25748192372088,30.25748192372088,16.720820194000154,False,
110N06798::MD,110N06798,MD,US29_NB,NORTHBOUND,31826.0,402.0,2.0,6.0,11.0,11.75,13.375,10.393324228686696,11.799577879114963,14.069013434674527,220.5413523592699,0.3825823054183771,ridge_core,core_network,full_network,True,constrained,aggregate_all_days,corridor_held_out,corridor,2,-36.40054627879824,36.40054627879824,2.9746727468979017,2.9746727468979017,41.64080608047165,41.64080608047165,27.00534170205593,False,
110N06798::PM,110N06798,PM,US29_NB,NORTHBOUND,31826.0,402.0,2.0,13.0,13.25,17.25,19.75,14.809513146594496,16.727671302775235,18.91980310274404,246.61739736897263,0.4666722242577846,ridge_core,core_network,full_network,True,constrained,aggregate_all_days,corridor_held_out,corridor,2,93.57078879566971,93.57078879566971,-31.339721833485896,31.339721833485896,-49.81181383535756,49.81181383535756,58.2407748215044,False,
110N06803::AM,110N06803,AM,US29_NB,NORTHBOUND,39221.0,503.0,3.0,1.0,7.25,7.75,9.0,6.802467856128566,7.617840359709765,9.262387027038416,147.59515025459086,0.3314631282293791,ridge_core,core_network,full_network,True,constrained,aggregate_all_days,corridor_held_out,corridor,2,-26.851928632286025,26.851928632286025,-7.929578417414085,7.929578417414085,15.743221622304873,15.743221622304873,16.84157622400166,False,
110N06803::PM,110N06803,PM,US29_NB,NORTHBOUND,39221.0,503.0,3.0,2.0,14.625,17.5,19.25,15.2256934854391,16.573642866547395,18.363672579915903,188.2787456686082,0.4295597072271251,ridge_core,core_network,full_network,True,constrained,aggregate_all_days,corridor_held_out,corridor,2,36.04160912634601,36.04160912634601,-55.58142800715629,55.58142800715629,-53.179645205045816,53.179645205045816,48.26756077951603,False,
110N06898::AM,110N06898,AM,US15_SB,SOUTHBOUND,36139.0,603.0,3.0,5.0,7.75,8.0,10.0,6.9557138137421255,7.81356544141987,9.363519062140774,144.46831490391895,0.3562794907305202,ridge_core,core_network,full_network,True,constrained,aggregate_all_days,corridor_held_out,corridor,2,-47.65717117547247,47.65717117547247,-11.186073514807797,11.186073514807797,-38.18885627155353,38.18885627155353,32.3440336539446,False,
110N06898::MD,110N06898,MD,US15_SB,SOUTHBOUND,36139.0,603.0,3.0,8.0,10.25,11.75,14.5,10.874043892108444,11.877002058042974,13.606444802966848,163.9440546515044,0.3670611299933452,ridge_core,core_network,full_network,True,constrained,aggregate_all_days,corridor_held_out,corridor,2,37.44263352650656,37.44263352650656,7.620123482578442,7.620123482578442,-53.6133118219891,53.6133118219891,32.892022943691366,False,
110N06898::PM,110N06898,PM,US15_SB,SOUTHBOUND,36139.0,603.0,3.0,12.0,14.75,16.5,18.75,15.421073228390298,16.819313563737918,18.526317644862868,186.314664988354,0.4502835035884111,ridge_core,core_network,full_network,True,constrained,aggregate_all_days,corridor_held_out,corridor,2,40.26439370341791,40.26439370341791,19.15881382427507,19.15881382427507,-13.420941308227938,13.420941308227938,24.281382945306973,False,
110N06901::AM,110N06901,AM,US15_SB,SOUTHBOUND,36031.0,202.0,2.0,1.0,7.5,7.75,9.25,6.882255406141154,8.002660847394562,9.710231672161893,169.67857596124438,0.3961862957322257,ridge_core,core_network,full_network,True,constrained,aggregate_all_days,corridor_held_out,corridor,2,-37.06467563153075,37.06467563153075,15.159650843673733,15.159650843673733,27.61390032971356,27.61390032971356,26.61274226830601,False,
110N06901::PM,110N06901,PM,US15_SB,SOUTHBOUND,36031.0,202.0,2.0,19.0,14.75,17.0,18.5,15.10698394549012,16.92220604633395,18.867429862319977,225.62675500979128,0.4827145878417804,ridge_core,core_network,full_network,True,constrained,aggregate_all_days,corridor_held_out,corridor,2,21.41903672940728,21.41903672940728,-4.667637219962941,4.667637219962941,22.04579173919861,22.04579173919861,16.044155229522943,False,
110N07858::MD,110N07858,MD,US15_SB,SOUTHBOUND,36031.0,202.0,2.0,1.0,10.0,10.25,12.5,10.637723268095376,11.965200056649971,13.897609444927342,195.59317060991788,0.4072156868509649,ridge_core,core_network,full_network,True,constrained,aggregate_all_days,corridor_held_out,corridor,2,38.26339608572258,38.26339608572258,102.91200339899828,102.91200339899828,83.85656669564054,83.85656669564054,75.0106553934538,False,
110N07858::PM,110N07858,PM,US15_SB,SOUTHBOUND,36031.0,202.0,2.0,8.0,14.875,17.5,19.0,15.10698394549012,16.92220604633395,18.867429862319977,225.62675500979128,0.4827145878417804,ridge_core,core_network,full_network,True,constrained,aggregate_all_days,corridor_held_out,corridor,2,13.91903672940728,13.91903672940728,-34.66763721996294,34.66763721996294,-7.954208260801394,7.954208260801394,18.846960736723872,False,
110N07859::PM,110N07859,PM,US15_SB,SOUTHBOUND,36793.0,302.0,2.0,11.0,15.75,16.25,18.0,15.52798269291006,17.020884562223756,18.84309088785169,198.906491696498,0.4503327739322793,ridge_core,core_network,full_network,True,constrained,aggregate_all_days,corridor_held_out,corridor,2,-13.321038425396416,13.321038425396416,46.25307373342537,46.25307373342537,50.58545327110146,50.58545327110146,36.71985514330775,False,
110N10058::AM,110N10058,AM,VA234_SB,SOUTHBOUND,40637.0,502.0,2.0,1.0,7.0,7.5,11.5,6.689733274946927,7.677045919407218,9.394014056663272,162.25684690298084,0.3650925048669192,ridge_core,core_network,full_network,True,constrained,aggregate_all_days,corridor_held_out,corridor,2,-18.616003503184384,18.616003503184384,10.622755164433109,10.622755164433109,-126.3591566002036,126.3591566002036,51.865971755940365,False,
110N10058::PM,110N10058,PM,VA234_SB,SOUTHBOUND,40637.0,502.0,2.0,8.0,16.5,17.375,18.375,15.035402377810328,16.707759120129385,18.64604468111132,216.6385381980596,0.463174305798756,ridge_core,core_network,full_network,True,constrained,aggregate_all_days,corridor_held_out,corridor,2,-87.87585733138042,87.87585733138042,-40.034452792236905,40.034452792236905,16.262680866679204,16.262680866679204,48.05766366343217,False,
110N10059::AM,110N10059,AM,VA234_SB,SOUTHBOUND,38869.0,502.0,2.0,7.0,6.75,7.75,9.75,6.589793644878547,7.639727984834028,9.370572021649055,166.84670260623042,0.3775685069785516,ridge_core,core_network,full_network,True,constrained,aggregate_all_days,corridor_held_out,corridor,2,-9.612381307287166,9.612381307287166,-6.616320909958304,6.616320909958304,-22.765678701056693,22.765678701056693,12.998126972767388,False,
110N10059::MD,110N10059,MD,VA234_SB,SOUTHBOUND,38869.0,502.0,2.0,4.0,10.125,11.875,13.0,10.478946376291788,11.748152688283565,13.748854028936623,196.19445915869025,0.3881474484348778,ridge_core,core_network,full_network,True,constrained,aggregate_all_days,corridor_held_out,corridor,2,21.236782577507256,21.236782577507256,-7.610838702986236,7.610838702986236,44.93124173619752,44.93124173619752,24.592954338897,False,
110N10059::PM,110N10059,PM,VA234_SB,SOUTHBOUND,38869.0,502.0,2.0,3.0,15.25,17.25,18.5,14.93416805080122,16.658297827924354,18.58538630037572,219.07309497447,0.4722067154775141,ridge_core,core_network,full_network,True,constrained,aggregate_all_days,corridor_held_out,corridor,2,-18.94991695192676,18.94991695192676,-35.502130324538754,35.502130324538754,5.123178022543229,5.123178022543229,19.858408433002914,False,
110N10089::AM,110N10089,AM,VA606_WB,WESTBOUND,36026.0,303.0,3.0,9.0,4.75,6.0,9.0,7.025797527521089,7.923517262014818,9.837930612134558,168.72798507680812,0.3192308854106463,ridge_core,core_network,full_network,True,constrained,aggregate_all_days,corridor_held_out,corridor,2,136.54785165126532,136.54785165126532,115.41103572088907,115.41103572088907,50.27583672807349,50.27583672807349,100.74490803340927,False,
110N10089::MD,110N10089,MD,VA606_WB,WESTBOUND,36026.0,303.0,3.0,2.0,11.625,13.875,18.0,10.908731916974968,11.991403152021617,14.223114866734498,198.8629769855719,0.3266584614566641,ridge_core,core_network,full_network,True,constrained,aggregate_all_days,corridor_held_out,corridor,2,-42.976084981502005,42.976084981502005,-113.0158108787031,113.0158108787031,-226.6131079959301,226.6131079959301,127.5350012853784,False,
110N10089::PM,110N10089,PM,VA606_WB,WESTBOUND,36026.0,303.0,3.0,8.0,12.375,15.875,18.125,15.376591267320917,16.875048690322817,19.067979559910885,221.48329755539825,0.405933297781184,ridge_core,core_network,full_network,True,constrained,aggregate_all_days,corridor_held_out,corridor,2,180.095476039255,180.095476039255,60.00292141936903,60.00292141936903,56.5787735946531,56.5787735946531,98.8923903510924,False,
110N13155::AM,110N13155,AM,VA640_WB,WESTBOUND,40302.0,503.0,3.0,3.0,6.5,7.5,8.75,6.8657754289139685,7.675510016329113,9.288188107090605,145.3447606905982,0.3342678127100278,ridge_core,core_network,full_network,True,constrained,aggregate_all_days,corridor_held_out,corridor,2,21.94652573483811,21.94652573483811,10.530600979746794,10.530600979746794,32.29128642543628,32.29128642543628,21.58947104667373,False,
110N13155::MD,110N13155,MD,VA640_WB,WESTBOUND,40302.0,503.0,3.0,5.0,9.625,10.125,11.125,10.653211976358133,11.610521075472407,13.382325401278935,163.74680549524834,0.3507765893394685,ridge_core,core_network,full_network,True,constrained,aggregate_all_days,corridor_held_out,corridor,2,61.69271858148786,61.69271858148786,89.13126452834445,89.13126452834445,135.43952407673623,135.43952407673623,95.4211690621895,False,
110N13155::PM,110N13155,PM,VA640_WB,WESTBOUND,40302.0,503.0,3.0,1.0,13.75,16.0,17.25,15.289365137200743,16.629833814182543,18.424731770835333,188.1219980180753,0.4275317159409509,ridge_core,core_network,full_network,True,constrained,aggregate_all_days,corridor_held_out,corridor,2,92.3619082320447,92.3619082320447,37.7900288509526,37.7900288509526,70.48390625011997,70.48390625011997,66.87861444437242,False,
110N13156::AM,110N13156,AM,VA640_WB,WESTBOUND,39542.0,503.0,3.0,1.0,6.75,8.25,11.0,6.813444635588821,7.625203581177047,9.27203543212131,147.51544779194936,0.3301724494914333,ridge_core,core_network,full_network,True,constrained,aggregate_all_days,corridor_held_out,corridor,2,3.806678135329271,3.806678135329271,-37.48778512937719,37.48778512937719,-103.6778740727214,103.6778740727214,48.32411244580928,False,
110N13156::MD,110N13156,MD,VA640_WB,WESTBOUND,39542.0,503.0,3.0,1.0,4.25,9.0,11.0,10.673947994676444,11.645395750483658,13.503160116389289,169.7527273027707,0.3433633513556015,ridge_core,core_network,full_network,True,constrained,aggregate_all_days,corridor_held_out,corridor,2,385.4368796805867,385.4368796805867,158.72374502901948,158.72374502901948,150.18960698335732,150.18960698335732,231.45007723098783,False,
110N16037::AM,110N16037,AM,US15_SB,SOUTHBOUND,36139.0,603.0,3.0,1.0,4.5,6.75,7.5,6.9557138137421255,7.81356544141987,9.363519062140774,144.46831490391895,0.3562794907305202,ridge_core,core_network,full_network,True,constrained,aggregate_all_days,corridor_held_out,corridor,2,147.34282882452754,147.34282882452754,63.813926485192205,63.813926485192205,111.81114372844648,111.81114372844648,107.65596634605542,False,
110N17245::AM,110N17245,AM,VA234_SB,SOUTHBOUND,38698.0,302.0,2.0,1.0,5.25,7.75,8.75,6.62671883241417,7.603930112985392,9.468041624917744,170.47936755021436,0.3439282869054705,ridge_core,core_network,full_network,True,constrained,aggregate_all_days,corridor_held_out,corridor,2,82.6031299448502,82.6031299448502,-8.764193220876493,8.764193220876493,43.08249749506462,43.08249749506462,44.81660688693044,False,
110N18881::AM,110N18881,AM,VA606_WB,WESTBOUND,31002.0,403.0,3.0,2.0,5.0,6.0,10.5,6.751195377146583,7.725519645556683,9.723443289419484,178.33487473637405,0.327807200868728,ridge_core,core_network,full_network,True,constrained,aggregate_all_days,corridor_held_out,corridor,2,105.07172262879494,105.07172262879494,103.53117873340098,103.53117873340098,-46.59340263483099,46.59340263483099,85.06543466567564,False,
110N18882::AM,110N18882,AM,VA606_WB,WESTBOUND,30412.0,503.0,3.0,5.0,7.0,8.25,10.25,6.996041282987828,7.805118963276224,9.46464373482058,148.1161471099651,0.3277472562209104,ridge_core,core_network,full_network,True,constrained,aggregate_all_days,corridor_held_out,corridor,2,-0.2375230207303325,0.2375230207303325,-26.69286220342654,26.69286220342654,-47.1213759107652,47.1213759107652,24.683920378307352,False,
110N18882::MD,110N18882,MD,VA606_WB,WESTBOUND,30412.0,503.0,3.0,5.0,7.25,9.25,12.0,10.897765556962591,11.87281926604933,13.786290131244405,173.3114744569087,0.3375611610744805,ridge_core,core_network,full_network,True,constrained,aggregate_all_days,corridor_held_out,corridor,2,218.86593341775549,218.86593341775549,157.36915596295978,157.36915596295978,107.17740787466418,107.17740787466418,161.1374990851265,False,
110N18882::PM,110N18882,PM,VA606_WB,WESTBOUND,30412.0,503.0,3.0,6.0,13.25,16.375,20.25,15.442295244171666,16.792733003161803,18.672043262579468,193.78488110446813,0.418124804564746,ridge_core,core_network,full_network,True,constrained,aggregate_all_days,corridor_held_out,corridor,2,131.53771465029993,131.53771465029993,25.063980189708204,25.063980189708204,-94.67740424523193,94.67740424523193,83.75969969508002,False,
110N56065::AM,110N56065,AM,VA643_WB,WESTBOUND,29519.0,604.0,4.0,1.0,6.25,6.5,7.25,7.017988453954564,8.1521732469098,9.887358631548649,172.162210655645,0.395273081811365,ridge_core,core_network,full_network,True,constrained,aggregate_all_days,corridor_held_out,corridor,2,46.07930723727382,46.07930723727382,99.13039481458804,99.13039481458804,158.2415178929188,158.2415178929188,101.15040664826022,False,
110N56065::MD,110N56065,MD,VA643_WB,WESTBOUND,29519.0,604.0,4.0,1.0,11.25,11.75,13.0,10.694127614526996,12.0055646366583,13.85158394007432,189.4473795328396,0.415346052935182,ridge_core,core_network,full_network,True,constrained,aggregate_all_days,corridor_held_out,corridor,2,-33.352343128380326,33.352343128380326,15.333878199497946,15.333878199497946,51.09503640445922,51.09503640445922,33.2604192441125,False,
110N56065::PM,110N56065,PM,VA643_WB,WESTBOUND,29519.0,604.0,4.0,11.0,15.0,16.5,19.75,15.28324980621022,17.07695752131965,18.960859209980896,220.6565642262406,0.4877374180276808,ridge_core,core_network,full_network,True,constrained,aggregate_all_days,corridor_held_out,corridor,2,16.9949883726132,16.9949883726132,34.61745127917894,34.61745127917894,-47.348447401146245,47.348447401146245,32.98696235097946,False,
110N58117::AM,110N58117,AM,VA640_WB,WESTBOUND,36953.0,404.0,4.0,6.0,7.125,8.25,14.875,6.986095716927444,7.85288660984671,9.559405454205953,154.39858423671038,0.3368389278454956,ridge_core,core_network,full_network,True,constrained,aggregate_all_days,corridor_held_out,corridor,2,-8.334256984353345,8.334256984353345,-23.82680340919741,23.82680340919741,-318.9356727476429,318.9356727476429,117.0322443803979,False,
110N58117::MD,110N58117,MD,VA640_WB,WESTBOUND,36953.0,404.0,4.0,9.0,7.25,10.0,14.75,10.694282287491092,11.730925277176071,13.60517082943224,174.65331251646884,0.3561259645460992,ridge_core,core_network,full_network,True,constrained,aggregate_all_days,corridor_held_out,corridor,2,206.6569372494655,206.6569372494655,103.8555166305643,103.8555166305643,-68.68975023406563,68.68975023406563,126.40073470469848,False,
110N58117::PM,110N58117,PM,VA640_WB,WESTBOUND,36953.0,404.0,4.0,1.0,18.5,18.75,20.25,15.320983729067732,16.76779068694298,18.6625734730728,200.49538464030368,0.4329696547790985,ridge_core,core_network,full_network,True,constrained,aggregate_all_days,corridor_held_out,corridor,2,-190.7409762559361,190.7409762559361,-118.93255878342116,118.93255878342116,-95.2455916156324,95.2455916156324,134.97304221832988,False,
110N58118::AM,110N58118,AM,VA640_WB,WESTBOUND,35927.0,304.0,4.0,17.0,6.5,8.0,9.75,6.962952814226233,8.353486017774337,10.094822580221177,187.91218595969656,0.4439945806962236,ridge_core,core_network,full_network,True,constrained,aggregate_all_days,corridor_held_out,corridor,2,27.77716885357396,27.77716885357396,21.20916106646021,21.20916106646021,20.68935481327049,20.68935481327049,23.225228244434888,False,
110N58118::MD,110N58118,MD,VA640_WB,WESTBOUND,35927.0,304.0,4.0,5.0,11.625,12.25,14.875,10.560326658494905,12.190665618782711,14.063257555831346,210.1758538401864,0.4654213879946887,ridge_core,core_network,full_network,True,constrained,aggregate_all_days,corridor_held_out,corridor,2,-63.88040049030572,63.88040049030572,-3.5600628730373174,3.5600628730373174,-48.70454665011927,48.70454665011927,38.71500333782077,False,
110N58118::PM,110N58118,PM,VA640_WB,WESTBOUND,35927.0,304.0,4.0,10.0,15.25,17.0,19.5,15.020593219805557,17.22635543070311,19.065805908460145,242.712761319275,0.5452771907603149,ridge_core,core_network,full_network,True,constrained,aggregate_all_days,corridor_held_out,corridor,2,-13.764406811666596,13.764406811666596,13.581325842186516,13.581325842186516,-26.051645492391486,26.051645492391486,17.7991260487482,False,
110N58119::AM,110N58119,AM,VA640_WB,WESTBOUND,36037.0,304.0,4.0,21.0,5.5,7.5,9.75,6.933859748758529,8.3279179586075,10.07808619571416,188.65358681733787,0.4433708046692233,ridge_core,core_network,full_network,True,constrained,aggregate_all_days,corridor_held_out,corridor,2,86.03158492551174,86.03158492551174,49.67507751645002,49.67507751645002,19.68517174284962,19.68517174284962,51.7972780616038,False,
110N58119::MD,110N58119,MD,VA640_WB,WESTBOUND,36037.0,304.0,4.0,2.0,12.5,12.875,13.875,10.532688022791298,12.177054788885233,14.073796069031044,212.4664827743848,0.4643650362038694,ridge_core,core_network,full_network,True,constrained,aggregate_all_days,corridor_held_out,corridor,2,-118.03871863252212,118.03871863252212,-41.87671266688614,41.87671266688614,11.927764141862625,11.927764141862625,57.281065147090295,False,
110N58119::PM,110N58119,PM,VA640_WB,WESTBOUND,36037.0,304.0,4.0,5.0,16.25,17.5,19.5,14.977173247354733,17.19580875307105,19.05406943247323,244.61377110711,0.544197204190479,ridge_core,core_network,full_network,True,constrained,aggregate_all_days,corridor_held_out,corridor,2,-76.36960515871614,76.36960515871614,-18.251474815737083,18.251474815737083,-26.75583405160616,26.75583405160616,40.458971342019794,False,
110N59144::AM,110N59144,AM,VA643_WB,WESTBOUND,38338.0,404.0,4.0,4.0,6.375,6.625,7.75,5.956055244636092,7.175559121819437,9.271894320180447,198.9503445326613,0.3677813818462047,ridge_core,core_network,full_network,True,constrained,aggregate_all_days,corridor_held_out,corridor,2,-25.136685321834484,25.136685321834484,33.033547309166224,33.033547309166224,91.31365921082684,91.31365921082684,49.82796394727584,False,
110N59144::MD,110N59144,MD,VA643_WB,WESTBOUND,38338.0,404.0,4.0,6.0,8.75,10.25,12.5,9.765246119552044,11.179377413549744,13.504119585413113,224.332407951664,0.3782238973610262,ridge_core,core_network,full_network,True,constrained,aggregate_all_days,corridor_held_out,corridor,2,60.91476717312265,60.91476717312265,55.76264481298466,55.76264481298466,60.247175124786665,60.247175124786665,58.97486237029799,False,
110N59144::PM,110N59144,PM,VA643_WB,WESTBOUND,38338.0,404.0,4.0,6.0,15.375,15.875,17.25,14.182968759306531,16.147538535249655,18.45016919508959,256.0320261469834,0.4603884456584269,ridge_core,core_network,full_network,True,constrained,aggregate_all_days,corridor_held_out,corridor,2,-71.52187444160813,71.52187444160813,16.352312114979313,16.352312114979313,72.01015170537538,72.01015170537538,53.29477942065427,False,
110P04247::AM,110P04247,AM,VA7_EB,EASTBOUND,36910.0,602.0,2.0,2.0,7.5,7.875,8.875,6.673537496590869,7.427894877736199,8.879208952422534,132.34028734989985,0.3420080443761711,ridge_core,core_network,full_network,True,constrained,aggregate_all_days,corridor_held_out,corridor,2,-49.58775020454784,49.58775020454784,-26.82630733582803,26.82630733582803,0.2525371453520364,0.2525371453520364,25.5555315619093,False,
110P04251::AM,110P04251,AM,VA7_EB,EASTBOUND,36834.0,501.0,1.0,5.0,6.5,7.75,9.5,7.017731442602483,7.780108582331977,9.42461008756899,144.41271869799044,0.3167493057133765,ridge_core,core_network,full_network,True,constrained,aggregate_all_days,corridor_held_out,corridor,2,31.063886556148983,31.063886556148983,1.8065149399186,1.8065149399186,-4.523394745860614,4.523394745860614,12.4645987473094,False,
110P04252::AM,110P04252,AM,VA7_EB,EASTBOUND,36823.0,601.0,1.0,8.0,6.25,7.75,9.75,7.10672490783044,7.85494431193347,9.477093084116335,142.22209057715386,0.315655353285837,ridge_core,core_network,full_network,True,constrained,aggregate_all_days,corridor_held_out,corridor,2,51.4034944698264,51.4034944698264,6.296658716008192,6.296658716008192,-16.37441495301978,16.37441495301978,24.691522712951457,False,
110P04658::MD,110P04658,MD,I95HOV_NB,NORTHBOUND,39123.0,501.0,1.0,3.0,11.75,12.25,13.0,10.93294446235548,11.713218079668536,13.460568790058131,151.6574596621591,0.3086984124821439,ridge_core,core_network,full_network,True,constrained,aggregate_all_days,corridor_held_out,corridor,2,-49.02333225867114,49.02333225867114,-32.20691521988783,32.20691521988783,27.63412740348798,27.63412740348798,36.28812496068232,False,
110P04658::PM,110P04658,PM,I95HOV_NB,NORTHBOUND,39123.0,501.0,1.0,14.0,15.625,17.0,19.0,14.979133704077396,16.315586722003125,17.920170390914745,176.4622012102409,0.454415622867625,ridge_core,core_network,full_network,True,constrained,aggregate_all_days,corridor_held_out,corridor,2,-38.75197775535632,38.75197775535632,-41.06479667981248,41.06479667981248,-64.78977654511532,64.78977654511532,48.202183660094704,False,
110P04659::MD,110P04659,MD,I95HOV_NB,NORTHBOUND,39118.0,501.0,1.0,7.0,12.75,13.0,16.0,10.887820344268407,11.664202773139834,13.458474636130292,154.23925751171296,0.3020174402016166,ridge_core,core_network,full_network,True,constrained,aggregate_all_days,corridor_held_out,corridor,2,-111.73077934389546,111.73077934389546,-80.14783361160994,80.14783361160994,-152.49152183218246,152.49152183218246,114.79004492922928,False,
110P04659::PM,110P04659,PM,I95HOV_NB,NORTHBOUND,39118.0,501.0,1.0,16.0,16.75,17.0,18.0,14.935602418862088,16.26715171483685,17.927745838352095,179.52860516940038,0.4450151979017492,ridge_core,core_network,full_network,True,constrained,aggregate_all_days,corridor_held_out,corridor,2,-108.86385486827476,108.86385486827476,-43.97089710978904,43.97089710978904,-4.335249698874293,4.335249698874293,52.39000055897936,False,
110P04660::MD,110P04660,MD,I95HOV_NB,NORTHBOUND,39112.0,501.0,1.0,9.0,12.75,13.75,18.25,11.676516801891069,12.519368354008938,14.741349760116124,183.88997749350327,0.2750073376286036,ridge_core,core_network,full_network,True,constrained,aggregate_all_days,corridor_held_out,corridor,2,-64.40899188653589,64.40899188653589,-73.83789875946374,73.83789875946374,-210.51901439303265,210.51901439303265,116.25530167967744,False,
110P04660::PM,110P04660,PM,I95HOV_NB,NORTHBOUND,39112.0,501.0,1.0,3.0,16.25,17.25,22.25,14.944095954955673,16.425580823248435,18.104691789771383,189.6357500889425,0.4687359427527518,ridge_core,core_network,full_network,True,constrained,aggregate_all_days,corridor_held_out,corridor,2,-78.35424270265963,78.35424270265963,-49.46515060509391,49.46515060509391,-248.718492613717,248.718492613717,125.51262864049018,False,
110P04661::PM,110P04661,PM,I95HOV_NB,NORTHBOUND,39105.0,501.0,1.0,11.0,12.75,17.0,19.0,14.864186060135978,16.33678329400283,18.12620061007109,195.7208729961069,0.4514379722482063,ridge_core,core_network,full_network,True,constrained,aggregate_all_days,corridor_held_out,corridor,2,126.85116360815869,126.85116360815869,-39.79300235983011,39.79300235983011,-52.42796339573431,52.42796339573431,73.02404312124104,False,
110P04662::MD,110P04662,MD,I95HOV_NB,NORTHBOUND,39100.0,501.0,1.0,7.0,13.0,13.5,15.25,11.380802376713492,12.130156930278517,14.256326122943012,172.53142477377102,0.2605975883689363,ridge_core,core_network,full_network,True,constrained,aggregate_all_days,corridor_held_out,corridor,2,-97.1518573971904,97.1518573971904,-82.1905841832891,82.1905841832891,-59.62043262341929,59.62043262341929,79.65429140129959,False,
110P04662::PM,110P04662,PM,I95HOV_NB,NORTHBOUND,39100.0,501.0,1.0,12.0,13.75,16.5,19.25,14.88253918986346,16.20741519898697,17.938938975007837,183.3839871086627,0.4334760182758372,ridge_core,core_network,full_network,True,constrained,aggregate_all_days,corridor_held_out,corridor,2,67.95235139180758,67.95235139180758,-17.555088060781898,17.555088060781898,-78.66366149952981,78.66366149952981,54.72370031737309,False,
110P04663::MD,110P04663,MD,I95HOV_NB,NORTHBOUND,39093.0,501.0,1.0,7.0,12.75,13.75,15.75,10.875341193640928,11.729240765175431,13.550741076238436,160.52399295585047,0.3191670811861835,ridge_core,core_network,full_network,True,constrained,aggregate_all_days,corridor_held_out,corridor,2,-112.47952838154433,112.47952838154433,-121.245554089474,121.245554089474,-131.95553542569382,131.95553542569382,121.89353929890406,False,
110P04663::PM,110P04663,PM,I95HOV_NB,NORTHBOUND,39093.0,501.0,1.0,7.0,14.25,16.75,19.25,15.062204760210108,16.387308599900823,18.03498154435856,178.36660704890707,0.445746161217513,ridge_core,core_network,full_network,True,constrained,aggregate_all_days,corridor_held_out,corridor,2,48.73228561260646,48.73228561260646,-21.761484005950607,21.761484005950607,-72.9011073384865,72.9011073384865,47.798292319014514,False,
110P04664::MD,110P04664,MD,I95HOV_NB,NORTHBOUND,31332.0,501.0,1.0,5.0,13.0,14.0,15.5,11.16194344294754,12.01834964424917,13.794393749997347,157.94701842298858,0.3253266354195328,ridge_core,core_network,full_network,True,constrained,aggregate_all_days,corridor_held_out,corridor,2,-110.28339342314766,110.28339342314766,-118.8990213450498,118.8990213450498,-102.33637500015904,102.33637500015904,110.50626325611884,False,
110P04664::PM,110P04664,PM,I95HOV_NB,NORTHBOUND,31332.0,501.0,1.0,4.0,14.875,15.25,16.25,15.326695512209008,16.65056725929741,18.23035680080229,174.2196773155973,0.4559318789312955,ridge_core,core_network,full_network,True,constrained,aggregate_all_days,corridor_held_out,corridor,2,27.101730732540403,27.101730732540403,84.03403555784465,84.03403555784465,118.82140804813766,118.82140804813766,76.65239144617424,False,
110P04665::MD,110P04665,MD,I95HOV_NB,NORTHBOUND,31325.0,501.0,1.0,7.0,12.25,13.0,15.75,11.076313920505264,11.92537566164109,13.797433230133894,163.2671585777178,0.3120266495230238,ridge_core,core_network,full_network,True,constrained,aggregate_all_days,corridor_held_out,corridor,2,-70.42116476968417,70.42116476968417,-64.47746030153465,64.47746030153465,-117.15400619196636,117.15400619196636,84.01754375439505,False,
110P04665::PM,110P04665,PM,I95HOV_NB,NORTHBOUND,31325.0,501.0,1.0,4.0,14.5,16.75,19.625,15.242706379449247,16.556926228766685,18.244709098895505,180.12016316677511,0.4377810322436534,ridge_core,core_network,full_network,True,constrained,aggregate_all_days,corridor_held_out,corridor,2,44.56238276695494,44.56238276695494,-11.584426273998927,11.584426273998927,-82.81745406626989,82.81745406626989,46.32142103574125,False,
110P04666::MD,110P04666,MD,I95HOV_NB,NORTHBOUND,31319.0,501.0,1.0,3.0,12.25,13.75,16.0,11.216016798015673,12.083365309632075,14.069610302714382,171.2156102819226,0.3039495675148661,ridge_core,core_network,full_network,True,constrained,aggregate_all_days,corridor_held_out,corridor,2,-62.03899211905963,62.03899211905963,-99.9980814220754,99.9980814220754,-115.82338183713703,115.82338183713703,92.62015179275734,False,
110P04666::PM,110P04666,PM,I95HOV_NB,NORTHBOUND,31319.0,501.0,1.0,6.0,13.625,15.75,18.125,15.236975874431227,16.550468227053184,18.24588226265736,180.53438329356788,0.4365348014021503,ridge_core,core_network,full_network,True,constrained,aggregate_all_days,corridor_held_out,corridor,2,96.71855246587364,96.71855246587364,48.02809362319103,48.02809362319103,7.252935759441641,7.252935759441641,50.66652728283543,False,
110P04667::MD,110P04667,MD,I95HOV_NB,NORTHBOUND,31314.0,501.0,1.0,3.0,13.5,14.75,16.5,11.124261403523914,11.977488210344806,13.793993232880688,160.18390976140648,0.3195927011989298,ridge_core,core_network,full_network,True,constrained,aggregate_all_days,corridor_held_out,corridor,2,-142.5443157885652,142.5443157885652,-166.35070737931164,166.35070737931164,-162.36040602715877,162.36040602715877,157.08514306501186,False,
110P04667::PM,110P04667,PM,I95HOV_NB,NORTHBOUND,31314.0,501.0,1.0,12.0,14.375,17.75,19.0,15.290286150694262,16.61020474290306,18.235934652945733,176.73891013508822,0.4480910031186461,ridge_core,core_network,full_network,True,constrained,aggregate_all_days,corridor_held_out,corridor,2,54.91716904165575,54.91716904165575,-68.38771542581632,68.38771542581632,-45.843920823256,45.843920823256,56.38293509690936,False,
110P04668::MD,110P04668,MD,I95HOV_NB,NORTHBOUND,31309.0,501.0,1.0,1.0,12.5,12.75,13.75,10.843867822280629,11.665348248950762,13.460448127228243,156.99481829685703,0.3139519261521691,ridge_core,core_network,full_network,True,constrained,aggregate_all_days,corridor_held_out,corridor,2,-99.36793066316238,99.36793066316238,-65.07910506295428,65.07910506295428,-17.373112366305286,17.373112366305286,60.60671603080732,False,
110P04668::PM,110P04668,PM,I95HOV_NB,NORTHBOUND,31309.0,501.0,1.0,10.0,13.75,16.5,20.25,15.197081920531094,16.505262215058682,18.25476057659636,183.46071936391567,0.427834459298939,ridge_core,core_network,full_network,True,constrained,aggregate_all_days,corridor_held_out,corridor,2,86.82491523186563,86.82491523186563,0.3157329035209244,0.3157329035209244,-119.71436540421855,119.71436540421855,68.95167117986837,False,
110P04669::MD,110P04669,MD,I95HOV_NB,NORTHBOUND,31304.0,501.0,1.0,1.0,14.5,14.75,19.0,11.621836293750588,12.542831384187664,14.856850629764974,194.1008601608632,0.2846958296858008,ridge_core,core_network,full_network,True,constrained,aggregate_all_days,corridor_held_out,corridor,2,-172.68982237496482,172.68982237496482,-132.43011694874025,132.43011694874025,-248.5889622141016,248.5889622141016,184.5696338459356,False,
110P04669::PM,110P04669,PM,I95HOV_NB,NORTHBOUND,31304.0,501.0,1.0,1.0,17.75,18.0,18.75,15.238407664621324,16.552082716111613,18.24558662821435,180.4307378155817,0.4368463158975709,ridge_core,core_network,full_network,True,constrained,aggregate_all_days,corridor_held_out,corridor,2,-150.69554012272056,150.69554012272056,-86.87503703330322,86.87503703330322,-30.264802307138936,30.264802307138936,89.27845982105424,False,
110P05668::AM,110P05668,AM,VA28_NB,NORTHBOUND,31821.0,205.0,5.0,4.0,7.375,7.875,9.5,7.317386643005261,8.11398780237121,9.70982424974739,143.54625640452767,0.3329663256926935,ridge_core,core_network,full_network,True,constrained,aggregate_all_days,corridor_held_out,corridor,2,-3.4568014196843144,3.4568014196843144,14.33926814227256,14.33926814227256,12.589454984843409,12.589454984843409,10.12850818226676,False,
110P05670::AM,110P05670,AM,VA28_NB,NORTHBOUND,31084.0,205.0,5.0,11.0,7.25,8.25,9.25,7.214270862379676,8.062204551842996,9.74186934245915,151.65590880476842,0.3354700899474583,ridge_core,core_network,full_network,True,constrained,aggregate_all_days,corridor_held_out,corridor,2,-2.1437482572194355,2.1437482572194355,-11.26772688942026,11.26772688942026,29.512160547549016,29.512160547549016,14.30787856472957,False,
110P05671::AM,110P05671,AM,VA28_NB,NORTHBOUND,32943.0,305.0,5.0,12.0,5.375,8.0,9.25,7.1621668075649145,7.959852401198554,9.76842243038996,156.37533736950283,0.306065754505304,ridge_core,core_network,full_network,True,constrained,aggregate_all_days,corridor_held_out,corridor,2,107.23000845389488,107.23000845389488,-2.408855928086755,2.408855928086755,31.10534582339767,31.10534582339767,46.91473673512643,False,
110P05674::PM,110P05674,PM,VA28_NB,NORTHBOUND,32270.0,205.0,5.0,2.0,16.75,17.5,18.75,15.49023163180131,17.051161963203604,19.024628022092188,212.06378341745275,0.4416398612476601,ridge_core,core_network,full_network,True,constrained,aggregate_all_days,corridor_held_out,corridor,2,-75.58610209192142,75.58610209192142,-26.930282207783733,26.930282207783733,16.47768132553125,16.47768132553125,39.66468854174547,False,
110P05675::AM,110P05675,AM,VA28_NB,NORTHBOUND,31294.0,205.0,5.0,1.0,6.75,7.25,8.5,7.284005797758677,8.129733465384035,9.805970861100567,151.3179038005133,0.3353447198450373,ridge_core,core_network,full_network,True,constrained,aggregate_all_days,corridor_held_out,corridor,2,32.040347865520644,32.040347865520644,52.78400792304211,52.78400792304211,78.35825166603402,78.35825166603402,54.3942024848656,False,
110P05675::PM,110P05675,PM,VA28_NB,NORTHBOUND,31294.0,205.0,5.0,5.0,16.5,17.5,18.5,15.686204846189195,17.171177489202528,19.09486370037933,204.5195312514084,0.435647187511273,ridge_core,core_network,full_network,True,constrained,aggregate_all_days,corridor_held_out,corridor,2,-48.82770922864829,48.82770922864829,-19.72935064784835,19.72935064784835,35.69182202276011,35.69182202276011,34.74962729975225,False,
110P05676::AM,110P05676,AM,VA28_NB,NORTHBOUND,35854.0,305.0,5.0,1.0,7.75,7.75,8.75,7.375141349123354,8.127090181235724,9.85911928265188,149.03867601171143,0.3027196103325347,ridge_core,core_network,full_network,True,constrained,aggregate_all_days,corridor_held_out,corridor,2,-22.491519052598736,22.491519052598736,22.625410874143448,22.625410874143448,66.54715695911271,66.54715695911271,37.22136229528497,False,
110P05676::PM,110P05676,PM,VA28_NB,NORTHBOUND,35854.0,305.0,5.0,12.0,16.25,17.25,18.625,15.783443534204574,17.22021305634219,19.36584008677785,214.94379315439667,0.4010637853884617,ridge_core,core_network,full_network,True,constrained,aggregate_all_days,corridor_held_out,corridor,2,-27.99338794772556,27.99338794772556,-1.7872166194686656,1.7872166194686656,44.45040520667106,44.45040520667106,24.74366992462176,False,
110P05677::AM,110P05677,AM,VA28_NB,NORTHBOUND,36738.0,305.0,5.0,2.0,5.875,6.875,8.0,7.4901503248438415,8.215171570415746,9.861616110959222,142.28794716692278,0.3057270527860064,ridge_core,core_network,full_network,True,constrained,aggregate_all_days,corridor_held_out,corridor,2,96.90901949063048,96.90901949063048,80.41029422494478,80.41029422494478,111.69696665755332,111.69696665755332,96.3387601243762,False,
110P05677::MD,110P05677,MD,VA28_NB,NORTHBOUND,36738.0,305.0,5.0,1.0,9.5,10.0,11.5,11.384147001713872,12.395853924775464,14.435983845778718,183.1102106438907,0.3315075394771317,ridge_core,core_network,full_network,True,constrained,aggregate_all_days,corridor_held_out,corridor,2,113.04882010283234,113.04882010283234,143.75123548652783,143.75123548652783,176.1590307467231,176.1590307467231,144.31969544536108,False,
110P05677::PM,110P05677,PM,VA28_NB,NORTHBOUND,36738.0,305.0,5.0,19.0,16.0,17.25,19.0,15.939844763858437,17.261138397464595,19.217399189398144,196.65326553238253,0.4031340023861193,ridge_core,core_network,full_network,True,constrained,aggregate_all_days,corridor_held_out,corridor,2,-3.609314168493896,3.609314168493896,0.6683038478757197,0.6683038478757197,13.043951363888624,13.043951363888624,5.77385646008608,False,
110P05678::AM,110P05678,AM,VA28_NB,NORTHBOUND,35847.0,305.0,5.0,1.0,5.5,7.25,8.5,7.385760884179646,8.130697909191618,9.847488019831108,147.70362813908773,0.3026074718938476,ridge_core,core_network,full_network,True,constrained,aggregate_all_days,corridor_held_out,corridor,2,113.14565305077878,113.14565305077878,52.84187455149706,52.84187455149706,80.84928118986646,80.84928118986646,82.27893626404743,False,
110P05678::MD,110P05678,MD,VA28_NB,NORTHBOUND,35847.0,305.0,5.0,3.0,9.5,10.0,11.25,11.301381688861811,12.384055474118451,14.587507305898717,197.16753702221425,0.3294681675111635,ridge_core,core_network,full_network,True,constrained,aggregate_all_days,corridor_held_out,corridor,2,108.08290133170868,108.08290133170868,143.04332844710706,143.04332844710706,200.2504383539229,200.2504383539229,150.45888937757954,False,
110P05678::PM,110P05678,PM,VA28_NB,NORTHBOUND,35847.0,305.0,5.0,18.0,15.5,17.0,18.625,15.813984911127095,17.2008325082424,19.27943345690607,207.92691274673845,0.4001928116360369,ridge_core,core_network,full_network,True,constrained,aggregate_all_days,corridor_held_out,corridor,2,18.83909466762581,18.83909466762581,12.049950494543964,12.049950494543964,39.26600741436417,39.26600741436417,23.38501752551132,False,
110P05680::MD,110P05680,MD,VA28_NB,NORTHBOUND,37842.0,305.0,5.0,1.0,12.5,13.5,15.0,11.292241995874177,12.127428055338711,13.861607500444263,154.16193027420542,0.3250553718336323,ridge_core,core_network,full_network,True,constrained,aggregate_all_days,corridor_held_out,corridor,2,-72.46548024754951,72.46548024754951,-82.3543166796772,82.3543166796772,-68.3035499733441,68.3035499733441,74.37444896685695,False,
110P05680::PM,110P05680,PM,VA28_NB,NORTHBOUND,37842.0,305.0,5.0,1.0,17.25,17.75,19.0,16.001441938662804,17.15190358472897,18.891053329423645,173.3766834456506,0.3981371508101813,ridge_core,core_network,full_network,True,constrained,aggregate_all_days,corridor_held_out,corridor,2,-74.91348368023175,74.91348368023175,-35.8857849162618,35.8857849162618,-6.536800234581293,6.536800234581293,39.11202294369161,False,
110P06995::AM,110P06995,AM,VA123_SB,SOUTHBOUND,31772.0,502.0,2.0,1.0,6.75,8.0,11.0,6.685090720588844,7.746139053576652,9.559710251686736,172.47717186587352,0.3691091365341714,ridge_core,core_network,full_network,True,constrained,aggregate_all_days,corridor_held_out,corridor,2,-3.894556764669339,3.894556764669339,-15.231656785400888,15.231656785400888,-86.41738489879583,86.41738489879583,35.18119948295535,False,
110P06995::MD,110P06995,MD,VA123_SB,SOUTHBOUND,31772.0,502.0,2.0,1.0,7.25,10.75,12.25,10.603994723858566,11.893627996788462,13.99981521590106,203.74922952254963,0.3797707434630082,ridge_core,core_network,full_network,True,constrained,aggregate_all_days,corridor_held_out,corridor,2,201.239683431514,201.239683431514,68.61767980730772,68.61767980730772,104.98891295406352,104.98891295406352,124.94875873096171,False,
110P06995::PM,110P06995,PM,VA123_SB,SOUTHBOUND,31772.0,502.0,2.0,2.0,13.0,16.25,19.125,15.040044092178585,16.799590573137635,18.86117437642628,229.2678170548614,0.4604780130666164,ridge_core,core_network,full_network,True,constrained,aggregate_all_days,corridor_held_out,corridor,2,122.40264553071498,122.40264553071498,32.97543438825812,32.97543438825812,-15.829537414423598,15.829537414423598,57.06920577779889,False,
110P06996::AM,110P06996,AM,VA123_SB,SOUTHBOUND,30231.0,502.0,2.0,8.0,6.5,7.75,12.125,6.703126447530172,7.761160032621184,9.533107188930645,169.79884448402834,0.3738660018468618,ridge_core,core_network,full_network,True,constrained,aggregate_all_days,corridor_held_out,corridor,2,12.18758685181033,12.18758685181033,0.6696019572710554,0.6696019572710554,-155.5135686641613,155.5135686641613,56.12358582441423,False,
110P06996::MD,110P06996,MD,VA123_SB,SOUTHBOUND,30231.0,502.0,2.0,6.0,12.125,13.0,16.125,10.555287600628066,11.826370867654113,13.845790034033142,197.43014600430453,0.3862885054033237,ridge_core,core_network,full_network,True,constrained,aggregate_all_days,corridor_held_out,corridor,2,-94.18274396231602,94.18274396231602,-70.41774794075323,70.41774794075323,-136.7525979580115,136.7525979580115,100.4510299536936,False,
110P06996::PM,110P06996,PM,VA123_SB,SOUTHBOUND,30231.0,502.0,2.0,4.0,15.125,17.0,18.875,15.049291890402433,16.800194069518263,18.830346479414978,226.8632753407526,0.46307244127176,ridge_core,core_network,full_network,True,constrained,aggregate_all_days,corridor_held_out,corridor,2,-4.542486575854028,4.542486575854028,-11.988355828904249,11.988355828904249,-2.6792112351013486,2.6792112351013486,6.403351213286541,False,
110P10013::AM,110P10013,AM,VA123_SB,SOUTHBOUND,33712.0,202.0,2.0,1.0,3.25,8.5,10.25,6.465138364298063,7.666876735834355,9.544776533176533,184.7782901327082,0.3902206381517654,ridge_core,core_network,full_network,True,constrained,aggregate_all_days,corridor_held_out,corridor,2,192.9083018578838,192.9083018578838,-49.98739584993872,49.98739584993872,-42.31340800940803,42.31340800940803,95.06970190574351,False,
110P10013::MD,110P10013,MD,VA123_SB,SOUTHBOUND,33712.0,202.0,2.0,1.0,6.25,9.0,10.25,10.28975223198514,11.732770885129533,13.877687348557798,215.27610699435945,0.4021863847200288,ridge_core,core_network,full_network,True,constrained,aggregate_all_days,corridor_held_out,corridor,2,242.38513391910843,242.38513391910843,163.96625310777196,163.96625310777196,217.66124091346785,217.66124091346785,208.00420931344945,False,
110P10014::AM,110P10014,AM,VA123_SB,SOUTHBOUND,31836.0,202.0,2.0,5.0,7.5,8.75,10.75,6.501345173375395,7.691234424754679,9.559795439420537,183.50701596270844,0.3890497303779675,ridge_core,core_network,full_network,True,constrained,aggregate_all_days,corridor_held_out,corridor,2,-59.91928959747632,59.91928959747632,-63.52593451471925,63.52593451471925,-71.4122736347679,71.4122736347679,64.95249924898782,False,
110P10014::MD,110P10014,MD,VA123_SB,SOUTHBOUND,31836.0,202.0,2.0,4.0,7.125,9.125,10.5,10.38118899632284,11.824628805175426,14.007933852779091,217.60469138737503,0.3979987195082127,ridge_core,core_network,full_network,True,constrained,aggregate_all_days,corridor_held_out,corridor,2,195.3713397793705,195.3713397793705,161.97772831052555,161.97772831052555,210.4760311667456,210.4760311667456,189.2750330855472,False,
110P10014::PM,110P10014,PM,VA123_SB,SOUTHBOUND,31836.0,202.0,2.0,7.0,12.75,17.25,18.75,14.757258663813849,16.697754198564375,18.75598619015776,239.92365158063467,0.4852782596379473,ridge_core,core_network,full_network,True,constrained,aggregate_all_days,corridor_held_out,corridor,2,120.4355198288309,120.4355198288309,-33.13474808613748,33.13474808613748,0.3591714094655884,0.3591714094655884,51.30981310814466,False,
110P10015::AM,110P10015,AM,VA123_SB,SOUTHBOUND,31738.0,102.0,2.0,4.0,8.125,8.75,9.875,6.719202461786585,7.679117331679517,9.444105684330532,163.4941933526368,0.3522748484978355,ridge_core,core_network,full_network,True,constrained,aggregate_all_days,corridor_held_out,corridor,2,-84.3478522928049,84.3478522928049,-64.25296009922896,64.25296009922896,-25.853658940168067,25.853658940168067,58.1514904440673,False,
110P10015::MD,110P10015,MD,VA123_SB,SOUTHBOUND,31738.0,102.0,2.0,3.0,8.25,9.25,10.0,10.55521314155354,11.757679610887545,13.796443422864773,194.473816878674,0.3709907550436519,ridge_core,core_network,full_network,True,constrained,aggregate_all_days,corridor_held_out,corridor,2,138.31278849321245,138.31278849321245,150.46077665325257,150.46077665325257,227.7866053718864,227.7866053718864,172.18672350611712,False,
110P10015::PM,110P10015,PM,VA123_SB,SOUTHBOUND,31738.0,102.0,2.0,2.0,16.5,16.875,18.375,15.053347559850312,16.662849034832163,18.62920162589788,214.55124396285413,0.4501026734463049,ridge_core,core_network,full_network,True,constrained,aggregate_all_days,corridor_held_out,corridor,2,-86.79914640898126,86.79914640898126,-12.729057910070196,12.729057910070196,15.252097553872872,15.252097553872872,38.26010062430811,False,
110P10016::MD,110P10016,MD,VA123_SB,SOUTHBOUND,30574.0,102.0,2.0,2.0,13.875,14.125,15.5,10.33456435764884,11.664050729797784,13.770725819557278,206.1696877145063,0.3869103320338586,ridge_core,core_network,full_network,True,constrained,aggregate_all_days,corridor_held_out,corridor,2,-212.4261385410696,212.4261385410696,-147.65695621213305,147.65695621213305,-103.75645082656334,103.75645082656334,154.61318185992198,False,
110P10016::PM,110P10016,PM,VA123_SB,SOUTHBOUND,30574.0,102.0,2.0,17.0,15.0,17.0,18.75,14.784776138393635,16.60241205651556,18.671636350040902,233.21161269883623,0.4676360401836014,ridge_core,core_network,full_network,True,constrained,aggregate_all_days,corridor_held_out,corridor,2,-12.913431696381783,12.913431696381783,-23.855276609066323,23.855276609066323,-4.701818997545644,4.701818997545644,13.823509100997915,False,
110P10021::AM,110P10021,AM,VA123_SB,SOUTHBOUND,31788.0,202.0,2.0,4.0,6.375,8.75,11.0,6.514354817164644,7.708011327417545,9.564550408241256,183.0117354645968,0.391337694456368,ridge_core,core_network,full_network,True,constrained,aggregate_all_days,corridor_held_out,corridor,2,8.361289029878662,8.361289029878662,-62.519320354947325,62.519320354947325,-86.12697550552461,86.12697550552461,52.33586163011686,False,
110P10021::MD,110P10021,MD,VA123_SB,SOUTHBOUND,31788.0,202.0,2.0,3.0,11.75,12.5,17.5,10.353018102761528,11.790607658628534,13.934415131555404,214.8838217276325,0.4014046876984063,ridge_core,core_network,full_network,True,constrained,aggregate_all_days,corridor_held_out,corridor,2,-83.81891383430833,83.81891383430833,-42.563540482287934,42.563540482287934,-213.9350921066757,213.9350921066757,113.43918214109068,False,
110P10021::PM,110P10021,PM,VA123_SB,SOUTHBOUND,31788.0,202.0,2.0,2.0,15.75,17.5,19.5,14.754081464695917,16.69425807780464,18.735186846766503,238.8663229242353,0.487346208378848,ridge_core,core_network,full_network,True,constrained,aggregate_all_days,corridor_held_out,corridor,2,-59.75511211824511,59.75511211824511,-48.34451533172157,48.34451533172157,-45.88878919400983,45.88878919400983,51.32947221465884,False,
110P10026::AM,110P10026,AM,VA123_SB,SOUTHBOUND,29826.0,502.0,2.0,4.0,6.5,8.0,9.0,6.711066813396456,7.767507849397293,9.50606472178766,167.69987450347222,0.3779756087935405,ridge_core,core_network,full_network,True,constrained,aggregate_all_days,corridor_held_out,corridor,2,12.664008803787343,12.664008803787343,-13.949529036162414,13.949529036162414,30.36388330725956,30.36388330725956,18.99247371573644,False,
110P10026::MD,110P10026,MD,VA123_SB,SOUTHBOUND,29826.0,502.0,2.0,6.0,11.25,11.5,13.5,10.485941720066158,11.73761419915995,13.667327431618885,190.8831426931635,0.3934362546950943,ridge_core,core_network,full_network,True,constrained,aggregate_all_days,corridor_held_out,corridor,2,-45.84349679603051,45.84349679603051,14.256851949596978,14.256851949596978,10.039645897132983,10.039645897132983,23.37999821425349,False,
110P10026::PM,110P10026,PM,VA123_SB,SOUTHBOUND,29826.0,502.0,2.0,1.0,14.25,16.0,21.0,15.043269358085432,16.784868638052235,18.775940613898616,223.96027534879104,0.4665825519068877,ridge_core,core_network,full_network,True,constrained,aggregate_all_days,corridor_held_out,corridor,2,47.59616148512592,47.59616148512592,47.09211828313407,47.09211828313407,-133.44356316608304,133.44356316608304,76.043947644781,False,
110P10027::AM,110P10027,AM,VA123_SB,SOUTHBOUND,32871.0,502.0,2.0,1.0,7.0,7.25,8.0,6.737582453982216,7.790311100832538,9.52350484820338,167.15534365326977,0.3778743618393664,ridge_core,core_network,full_network,True,constrained,aggregate_all_days,corridor_held_out,corridor,2,-15.74505276106704,15.74505276106704,32.41866604995227,32.41866604995227,91.41029089220272,91.41029089220272,46.52466990107401,False,
110P10027::PM,110P10027,PM,VA123_SB,SOUTHBOUND,32871.0,502.0,2.0,10.0,14.0,16.875,19.25,15.074415916960008,16.80868269524669,18.782183424182765,222.4660504333653,0.4677388145045016,ridge_core,core_network,full_network,True,constrained,aggregate_all_days,corridor_held_out,corridor,2,64.46495501760052,64.46495501760052,-3.979038285198513,3.979038285198513,-28.068994549034088,28.068994549034088,32.17099595061104,False,
110P10033::PM,110P10033,PM,VA123_SB,SOUTHBOUND,35738.0,502.0,2.0,2.0,15.5,15.75,17.125,15.220415854938818,16.876540237459736,18.80809324696212,215.26064352139787,0.4616146329664645,ridge_core,core_network,full_network,True,constrained,aggregate_all_days,corridor_held_out,corridor,2,-16.775048703670947,16.775048703670947,67.59241424758414,67.59241424758414,100.98559481772696,100.98559481772696,61.78435258966069,False,
110P10035::PM,110P10035,PM,VA123_SB,SOUTHBOUND,38692.0,202.0,2.0,1.0,14.0,15.5,17.5,14.784848389119292,16.569779017770305,18.530952686708755,224.7662578553677,0.476476490470267,ridge_core,core_network,full_network,True,constrained,aggregate_all_days,corridor_held_out,corridor,2,47.09090334715761,47.09090334715761,64.18674106621829,64.18674106621829,61.85716120252529,61.85716120252529,57.71160187196707,False,
110P10944::AM,110P10944,AM,VA244_EB,EASTBOUND,28922.0,202.0,2.0,2.0,6.625,7.125,8.0,6.481935883269235,7.677856952462425,9.551760977110634,184.189505630484,0.3895730318943625,ridge_core,core_network,full_network,True,constrained,aggregate_all_days,corridor_held_out,corridor,2,-8.583847003845921,8.583847003845921,33.17141714774549,33.17141714774549,93.10565862663805,93.10565862663805,44.95364092607648,False,
110+04298::MD,110+04298,MD,I395HOV_NB,NORTHBOUND,26790.0,501.0,1.0,5.0,12.75,13.0,14.5,11.097515758583503,11.994540841753675,13.558871055180871,147.6813177958421,0.364443558559076,ridge_core,core_network,full_network,True,constrained,aggregate_all_days,corridor_held_out,corridor,3,-99.14905448498982,99.14905448498982,-60.32754949477937,60.32754949477937,-56.46773668914772,56.46773668914772,71.98144688963897,False,
110+04298::PM,110+04298,PM,I395HOV_NB,NORTHBOUND,26790.0,501.0,1.0,2.0,16.875,17.125,18.375,15.122620931451223,16.485410866772167,18.21228679193771,185.3799516291893,0.4410800380551063,ridge_core,core_network,full_network,True,constrained,aggregate_all_days,corridor_held_out,corridor,3,-105.1427441129266,105.1427441129266,-38.37534799366999,38.37534799366999,-9.762792483737355,9.762792483737355,51.09362819677799,False,
110+04299::PM,110+04299,PM,I395HOV_NB,NORTHBOUND,26812.0,501.0,1.0,9.0,15.75,17.0,19.0,15.12340063210181,16.41394159414279,18.30816057430572,191.08559653223435,0.4052239369564244,ridge_core,core_network,full_network,True,constrained,aggregate_all_days,corridor_held_out,corridor,3,-37.59596207389144,37.59596207389144,-35.16350435143252,35.16350435143252,-41.510365541657,41.510365541657,38.08994398899365,False,
110+04300::MD,110+04300,MD,I395HOV_NB,NORTHBOUND,26822.0,101.0,1.0,3.0,12.125,12.625,13.75,10.31379159127254,11.698219362625412,13.430667056062092,187.01252788737307,0.444171667104559,ridge_core,core_network,full_network,True,constrained,aggregate_all_days,corridor_held_out,corridor,3,-108.67250452364758,108.67250452364758,-55.60683824247526,55.60683824247526,-19.159976636274507,19.159976636274507,61.14643980079912,False,
110+04300::PM,110+04300,PM,I395HOV_NB,NORTHBOUND,26822.0,101.0,1.0,4.0,14.875,16.375,17.25,14.798634432358789,16.651725603115317,18.30050885786128,210.1124655301495,0.5291712224919729,ridge_core,core_network,full_network,True,constrained,aggregate_all_days,corridor_held_out,corridor,3,-4.581934058472683,4.581934058472683,16.603536186919,16.603536186919,63.03053147167688,63.03053147167688,28.07200057235619,False,
110+04301::AM,110+04301,AM,I395HOV_NB,NORTHBOUND,26826.0,101.0,1.0,2.0,7.25,7.875,9.0,6.790622061111044,7.94447946385445,9.7055396434072,174.89505493776937,0.3958456354825931,ridge_core,core_network,full_network,True,constrained,aggregate_all_days,corridor_held_out,corridor,3,-27.56267633333735,27.56267633333735,4.168767831267015,4.168767831267015,42.33237860443207,42.33237860443207,24.687940923012142,False,
110+04301::MD,110+04301,MD,I395HOV_NB,NORTHBOUND,26826.0,101.0,1.0,3.0,13.25,14.5,16.0,10.692473488259692,12.1113749680043,14.186132026216749,209.6195122774233,0.4061362792982974,ridge_core,core_network,full_network,True,constrained,aggregate_all_days,corridor_held_out,corridor,3,-153.4515907044185,153.4515907044185,-143.31750191974197,143.31750191974197,-108.8320784269952,108.8320784269952,135.20039035038522,False,
110+04301::PM,110+04301,PM,I395HOV_NB,NORTHBOUND,26826.0,101.0,1.0,11.0,14.5,17.0,19.25,14.987590410252258,16.903572923609037,18.77269493502336,227.1062714862659,0.5061901199340451,ridge_core,core_network,full_network,True,constrained,aggregate_all_days,corridor_held_out,corridor,3,29.255424615135475,29.255424615135475,-5.785624583457789,5.785624583457789,-28.63830389859864,28.63830389859864,21.2264510323973,False,
110+04651::AM,110+04651,AM,I395HOV_NB,NORTHBOUND,32577.0,501.0,1.0,1.0,7.25,8.5,9.5,6.599899236200824,7.617789929342092,8.869419790134469,136.1712332360187,0.4485047255364178,ridge_core,core_network,full_network,True,constrained,aggregate_all_days,corridor_held_out,corridor,3,-39.00604582795056,39.00604582795056,-52.93260423947446,52.93260423947446,-37.83481259193188,37.83481259193188,43.25782088645229,False,
110+04651::PM,110+04651,PM,I395HOV_NB,NORTHBOUND,32577.0,501.0,1.0,6.0,15.25,16.625,18.5,15.20437575228304,16.56553367889311,18.47098973822881,195.99683915674623,0.4166877177610503,ridge_core,core_network,full_network,True,constrained,aggregate_all_days,corridor_held_out,corridor,3,-2.737454863017597,2.737454863017597,-3.567979266413346,3.567979266413346,-1.7406157062714556,1.7406157062714556,2.6820166119008,False,
110+04652::PM,110+04652,PM,I395HOV_NB,NORTHBOUND,32596.0,501.0,1.0,18.0,14.25,17.0,19.25,15.207969630542404,16.585151119356713,18.423082541354727,192.9067746487393,0.4283462282717631,ridge_core,core_network,full_network,True,constrained,aggregate_all_days,corridor_held_out,corridor,3,57.47817783254426,57.47817783254426,-24.89093283859724,24.89093283859724,-49.615047518716366,49.615047518716366,43.99471939661928,False,
110+04653::PM,110+04653,PM,I395HOV_NB,NORTHBOUND,32617.0,501.0,1.0,5.0,16.25,17.25,18.75,15.99215508932214,16.996828309517596,19.02167486602252,181.77118660202296,0.3316278797459122,ridge_core,core_network,full_network,True,constrained,aggregate_all_days,corridor_held_out,corridor,3,-15.470694640671638,15.470694640671638,-15.190301428944224,15.190301428944224,16.300491961351327,16.300491961351327,15.65382934365573,False,
110+04654::MD,110+04654,MD,I395HOV_NB,NORTHBOUND,28280.0,501.0,1.0,7.0,12.75,14.25,17.0,12.175370484802912,12.875600821730554,14.572543659421108,143.83039047709164,0.2921066964797691,ridge_core,core_network,full_network,True,constrained,aggregate_all_days,corridor_held_out,corridor,3,-34.4777709118252,34.4777709118252,-82.46395069616675,82.46395069616675,-145.64738043473355,145.64738043473355,87.52970068090849,False,
110+04654::PM,110+04654,PM,I395HOV_NB,NORTHBOUND,28280.0,501.0,1.0,11.0,13.75,17.5,20.0,16.01594996773653,17.104722848249015,18.79192182523665,166.55831145000698,0.3922132270796768,ridge_core,core_network,full_network,True,constrained,aggregate_all_days,corridor_held_out,corridor,3,135.95699806419168,135.95699806419168,-23.71662910505912,23.71662910505912,-72.48469048580127,72.48469048580127,77.38610588501734,False,
110+04655::MD,110+04655,MD,I395HOV_NB,NORTHBOUND,28300.0,501.0,1.0,13.0,12.0,13.0,15.0,11.856709278348076,12.522594003971736,14.182718342272995,139.5605438354952,0.2862777862524931,ridge_core,core_network,full_network,True,constrained,aggregate_all_days,corridor_held_out,corridor,3,-8.597443299115355,8.597443299115355,-28.64435976169581,28.64435976169581,-49.03689946362018,49.03689946362018,28.75956750814378,False,
110+04655::PM,110+04655,PM,I395HOV_NB,NORTHBOUND,28300.0,501.0,1.0,11.0,15.75,17.0,19.25,15.999540219194165,17.035362034587827,18.935952972203488,176.1847651805595,0.3527507549243963,ridge_core,core_network,full_network,True,constrained,aggregate_all_days,corridor_held_out,corridor,3,14.972413151649777,14.972413151649777,2.1217220752696164,2.1217220752696164,-18.84282166779073,18.84282166779073,11.97898563157004,False,
110+04656::MD,110+04656,MD,I395HOV_NB,NORTHBOUND,26757.0,501.0,1.0,10.0,12.25,13.0,14.5,11.068311493674152,11.9567132963308,13.547873798320175,148.77373827876136,0.3582897679126771,ridge_core,core_network,full_network,True,constrained,aggregate_all_days,corridor_held_out,corridor,3,-70.90131037955089,70.90131037955089,-62.59720222015208,62.59720222015208,-57.12757210078948,57.12757210078948,63.54202823349748,False,
110+04656::PM,110+04656,PM,I395HOV_NB,NORTHBOUND,26757.0,501.0,1.0,10.0,15.75,16.75,18.125,15.118817056920625,16.469296709293594,18.2490789589908,187.81571412421056,0.4314270481584438,ridge_core,core_network,full_network,True,constrained,aggregate_all_days,corridor_held_out,corridor,3,-37.87097658476263,37.87097658476263,-16.842197442384332,16.842197442384332,7.444737539447814,7.444737539447814,20.719303855531592,False,
110+04657::MD,110+04657,MD,I395HOV_NB,NORTHBOUND,26774.0,501.0,1.0,2.0,13.75,14.25,16.375,11.058679800893144,11.929031860502262,13.625589639138182,154.01459029470232,0.339066081185059,ridge_core,core_network,full_network,True,constrained,aggregate_all_days,corridor_held_out,corridor,3,-161.4792119464114,161.4792119464114,-139.2580883698643,139.2580883698643,-164.96462165170908,164.96462165170908,155.23397398932826,False,
110+04657::PM,110+04657,PM,I395HOV_NB,NORTHBOUND,26774.0,501.0,1.0,6.0,14.75,15.25,16.0,15.111766195319966,16.433565436955742,18.33395826724966,193.3315243157817,0.4102173961480151,ridge_core,core_network,full_network,True,constrained,aggregate_all_days,corridor_held_out,corridor,3,21.705971719197947,21.705971719197947,71.01392621734455,71.01392621734455,140.0374960349796,140.0374960349796,77.58579799050737,False,
110+05687::AM,110+05687,AM,VA7_WB,WESTBOUND,34152.0,202.0,2.0,1.0,7.0,7.5,9.25,6.692702958274938,7.833113654035,9.616065706029882,175.40176486529663,0.3901023561430629,ridge_core,core_network,full_network,True,constrained,aggregate_all_days,corridor_held_out,corridor,3,-18.437822503503707,18.437822503503707,19.986819242100022,19.986819242100022,21.963942361792945,21.963942361792945,20.12952803579889,False,
110+05697::AM,110+05697,AM,VA7_WB,WESTBOUND,30634.0,102.0,2.0,2.0,7.25,7.875,10.75,7.059770287309296,7.780924375520871,9.366606063274052,138.4101465578853,0.3126161366688433,ridge_core,core_network,full_network,True,constrained,aggregate_all_days,corridor_held_out,corridor,3,-11.413782761442253,11.413782761442253,-5.644537468747739,5.644537468747739,-83.0036362035569,83.0036362035569,33.35398547791563,False,
110+05697::MD,110+05697,MD,VA7_WB,WESTBOUND,30634.0,102.0,2.0,9.0,9.5,12.0,15.5,10.844774627164837,11.795468486479622,13.61950760348095,166.48397857896677,0.3426253507741053,ridge_core,core_network,full_network,True,constrained,aggregate_all_days,corridor_held_out,corridor,3,80.68647762989019,80.68647762989019,-12.271890811222654,12.271890811222654,-112.82954379114304,112.82954379114304,68.59597074408529,False,
110+05697::PM,110+05697,PM,VA7_WB,WESTBOUND,30634.0,102.0,2.0,3.0,12.25,18.5,19.5,15.45181421658973,16.727430447225593,18.50604050752976,183.25357745640187,0.4176560965439314,ridge_core,core_network,full_network,True,constrained,aggregate_all_days,corridor_held_out,corridor,3,192.10885299538376,192.10885299538376,-106.3541731664644,106.3541731664644,-59.63756954821434,59.63756954821434,119.3668652366875,False,
110+05698::AM,110+05698,AM,VA7_WB,WESTBOUND,35667.0,102.0,2.0,2.0,7.75,8.125,10.0,7.267184080693145,7.912484954049066,9.407159176966204,128.3985057763835,0.3015459733525705,ridge_core,core_network,full_network,True,constrained,aggregate_all_days,corridor_held_out,corridor,3,-28.968955158411305,28.968955158411305,-12.750902757056064,12.750902757056064,-35.57044938202779,35.57044938202779,25.76343576583172,False,
110+05698::MD,110+05698,MD,VA7_WB,WESTBOUND,35667.0,102.0,2.0,1.0,7.0,9.0,10.5,10.989107221971198,11.879485660754597,13.58531816580157,155.77265662982248,0.3429530412000187,ridge_core,core_network,full_network,True,constrained,aggregate_all_days,corridor_held_out,corridor,3,239.34643331827183,239.34643331827183,172.7691396452757,172.7691396452757,185.11908994809423,185.11908994809423,199.07822097054728,False,
110+05700::AM,110+05700,AM,VA7_WB,WESTBOUND,31846.0,302.0,2.0,11.0,6.5,7.75,9.0,6.855684534615511,7.771173575069506,9.381548216491584,151.55182091256435,0.3624459415695863,ridge_core,core_network,full_network,True,constrained,aggregate_all_days,corridor_held_out,corridor,3,21.341072076930665,21.341072076930665,1.270414504170354,1.270414504170354,22.892892989495053,22.892892989495053,15.168126523532024,False,
110+05700::MD,110+05700,MD,VA7_WB,WESTBOUND,31846.0,302.0,2.0,1.0,12.0,12.25,14.25,10.571035276807011,11.78806432450846,13.650939111185142,184.7942300626878,0.3951516388651079,ridge_core,core_network,full_network,True,constrained,aggregate_all_days,corridor_held_out,corridor,3,-85.73788339157932,85.73788339157932,-27.716140529492428,27.716140529492428,-35.94365332889147,35.94365332889147,49.79922574998775,False,
110+05700::PM,110+05700,PM,VA7_WB,WESTBOUND,31846.0,302.0,2.0,16.0,14.25,16.25,19.25,15.061625704648344,16.71012988071288,18.52745221814268,207.94959080966035,0.4756453243248094,ridge_core,core_network,full_network,True,constrained,aggregate_all_days,corridor_held_out,corridor,3,48.69754227890056,48.69754227890056,27.60779284277284,27.60779284277284,-43.352866911439136,43.352866911439136,39.88606734437085,False,
110+05701::PM,110+05701,PM,VA7_WB,WESTBOUND,30353.0,302.0,2.0,18.0,14.75,16.25,18.75,14.98593733490043,16.707096425952138,18.600872402617767,216.89610406304016,0.4761244832368563,ridge_core,core_network,full_network,True,constrained,aggregate_all_days,corridor_held_out,corridor,3,14.156240094025849,14.156240094025849,27.42578555712825,27.42578555712825,-8.947655842933955,8.947655842933955,16.843227164696017,False,
110+05702::AM,110+05702,AM,VA7_WB,WESTBOUND,30357.0,502.0,2.0,5.0,7.5,8.0,9.0,6.930167315257476,7.916073633423632,9.643711728292486,162.81266478210057,0.3633278723687636,ridge_core,core_network,full_network,True,constrained,aggregate_all_days,corridor_held_out,corridor,3,-34.189961084551435,34.189961084551435,-5.035581994582099,5.035581994582099,38.622703697549134,38.622703697549134,25.949415592227552,False,
110+05702::PM,110+05702,PM,VA7_WB,WESTBOUND,30357.0,502.0,2.0,6.0,16.0,16.25,18.375,15.155973037123957,16.940435519801042,18.947007358182063,227.46205926348665,0.4707059687549932,ridge_core,core_network,full_network,True,constrained,aggregate_all_days,corridor_held_out,corridor,3,-50.6416177725626,50.6416177725626,41.42613118806253,41.42613118806253,34.32044149092398,34.32044149092398,42.12939681718304,False,
110+05703::AM,110+05703,AM,VA7_WB,WESTBOUND,30362.0,502.0,2.0,9.0,7.25,7.5,9.25,6.937885686478358,7.916090592519545,9.636919641392405,161.94203729484283,0.3624277880091874,ridge_core,core_network,full_network,True,constrained,aggregate_all_days,corridor_held_out,corridor,3,-18.726858811298506,18.726858811298506,24.965435551172703,24.965435551172703,23.215178483544285,23.215178483544285,22.30249094867183,False,
110+05703::MD,110+05703,MD,VA7_WB,WESTBOUND,30362.0,502.0,2.0,1.0,7.5,9.25,10.0,10.785258746275533,12.124245447768368,14.275119870189222,209.39166743482136,0.3836790788944732,ridge_core,core_network,full_network,True,constrained,aggregate_all_days,corridor_held_out,corridor,3,197.115524776532,197.115524776532,172.4547268661021,172.4547268661021,256.5071922113533,256.5071922113533,208.69248128466245,False,
110+05704::PM,110+05704,PM,VA7_WB,WESTBOUND,33928.0,502.0,2.0,1.0,16.0,16.25,17.25,15.158523767896268,16.941132429720824,18.94429949090332,227.14654338042308,0.4708701181084825,ridge_core,core_network,full_network,True,constrained,aggregate_all_days,corridor_held_out,corridor,3,-50.48857392622392,50.48857392622392,41.46794578324944,41.46794578324944,101.65796945419912,101.65796945419912,64.5381630545575,False,
110+05705::PM,110+05705,PM,VA7_WB,WESTBOUND,30366.0,502.0,2.0,3.0,16.25,16.75,18.25,15.20046059639738,16.96528573428319,18.919224224558825,223.1258176896868,0.4745730878190656,ridge_core,core_network,full_network,True,constrained,aggregate_all_days,corridor_held_out,corridor,3,-62.97236421615725,62.97236421615725,12.91714405699132,12.91714405699132,40.15345347352948,40.15345347352948,38.68098724889269,False,
110+05706::AM,110+05706,AM,VA7_WB,WESTBOUND,30369.0,502.0,2.0,2.0,7.0,7.75,8.75,7.005049648831991,7.983603166537405,9.646628733785974,158.4947450972389,0.3704426353460702,ridge_core,core_network,full_network,True,constrained,aggregate_all_days,corridor_held_out,corridor,3,0.3029789299194796,0.3029789299194796,14.016189992244286,14.016189992244286,53.79772402715844,53.79772402715844,22.7056309831074,False,
110+05707::MD,110+05707,MD,VA7_WB,WESTBOUND,30416.0,502.0,2.0,1.0,10.25,12.75,14.25,10.803776496508508,12.099287337963048,14.1167520018394,198.7785303198536,0.3910414789876774,ridge_core,core_network,full_network,True,constrained,aggregate_all_days,corridor_held_out,corridor,3,33.22658979051049,33.22658979051049,-39.04275972221711,39.04275972221711,-7.994879889635911,7.994879889635911,26.75474313412117,False,
110+05708::AM,110+05708,AM,VA7_WB,WESTBOUND,30452.0,502.0,2.0,1.0,6.5,7.0,8.5,6.95377294212978,7.909327608019228,9.615842016639744,159.72414447059776,0.3589518675676541,ridge_core,core_network,full_network,True,constrained,aggregate_all_days,corridor_held_out,corridor,3,27.22637652778681,27.22637652778681,54.55965648115368,54.55965648115368,66.95052099838456,66.95052099838456,49.57885133577502,False,
110+05708::PM,110+05708,PM,VA7_WB,WESTBOUND,30452.0,502.0,2.0,19.0,14.0,17.0,19.25,15.176728149228078,16.897019475235602,18.850821527357347,220.4456026877561,0.4682219935529896,ridge_core,core_network,full_network,True,constrained,aggregate_all_days,corridor_held_out,corridor,3,70.60368895368467,70.60368895368467,-6.178831485863867,6.178831485863867,-23.950708358559183,23.950708358559183,33.57774293270257,False,
110+05709::PM,110+05709,PM,VA7_WB,WESTBOUND,30446.0,502.0,2.0,2.0,17.0,17.25,18.625,15.185837701610891,16.949199289632634,18.91639664778649,223.83353677053603,0.4726802641275677,ridge_core,core_network,full_network,True,constrained,aggregate_all_days,corridor_held_out,corridor,3,-108.84973790334652,108.84973790334652,-18.048042622041933,18.048042622041933,17.483798867189506,17.483798867189506,48.127193130859325,False,
110+05710::PM,110+05710,PM,VA7_WB,WESTBOUND,30461.0,502.0,2.0,4.0,16.625,17.25,18.375,15.217998848085484,16.97722153905649,18.911772991333304,221.6264485948693,0.4762669894657328,ridge_core,core_network,full_network,True,constrained,aggregate_all_days,corridor_held_out,corridor,3,-84.42006911487096,84.42006911487096,-16.366707656610586,16.366707656610586,32.20637947999826,32.20637947999826,44.3310520838266,False,
110+05711::MD,110+05711,MD,VA7_WB,WESTBOUND,32936.0,402.0,2.0,1.0,9.25,9.5,11.25,10.443615542211637,12.082339409855278,14.68730460605066,254.62134383034163,0.3861554989048094,ridge_core,core_network,full_network,True,constrained,aggregate_all_days,corridor_held_out,corridor,3,71.6169325326981,71.6169325326981,154.9403645913167,154.9403645913167,206.2382763630397,206.2382763630397,144.2651911623515,False,
110+05712::AM,110+05712,AM,VA7_WB,WESTBOUND,35808.0,402.0,2.0,1.0,8.25,8.5,10.0,7.068327179986188,8.005006761435002,9.969397380376172,174.06421202339908,0.3228738075083115,ridge_core,core_network,full_network,True,constrained,aggregate_all_days,corridor_held_out,corridor,3,-70.90036920082873,70.90036920082873,-29.69959431389988,29.69959431389988,-1.8361571774296688,1.8361571774296688,34.14537356405276,False,
110+05713::MD,110+05713,MD,VA7_WB,WESTBOUND,35907.0,302.0,2.0,10.0,11.5,13.875,18.75,11.040864339031504,12.099550676596005,14.105146373966727,183.85692209611344,0.3454924597327021,ridge_core,core_network,full_network,True,constrained,aggregate_all_days,corridor_held_out,corridor,3,-27.548139658109747,27.548139658109747,-106.5269594042397,106.5269594042397,-278.69121756199627,278.69121756199627,137.58877220811524,False,
110+05713::PM,110+05713,PM,VA7_WB,WESTBOUND,35907.0,302.0,2.0,8.0,13.0,16.875,18.875,15.488081240493004,16.88637111599981,18.738678503259376,195.03583576598243,0.4301639860229301,ridge_core,core_network,full_network,True,constrained,aggregate_all_days,corridor_held_out,corridor,3,149.28487442958016,149.28487442958016,0.6822669599886666,0.6822669599886666,-8.17928980443746,8.17928980443746,52.71547706466877,False,
110+05714::AM,110+05714,AM,VA7_WB,WESTBOUND,35868.0,201.0,1.0,1.0,8.0,8.25,10.0,7.022116007081061,7.598757990101702,9.09340001361379,124.2770403919638,0.27839831775939,ridge_core,core_network,full_network,True,constrained,aggregate_all_days,corridor_held_out,corridor,3,-58.67303957513636,58.67303957513636,-39.07452059389789,39.07452059389789,-54.3959991831726,54.3959991831726,50.71451978406895,False,
110+05714::MD,110+05714,MD,VA7_WB,WESTBOUND,35868.0,201.0,1.0,4.0,11.25,13.5,15.5,10.98461189672677,11.766889358416504,13.60444940366622,157.19025041636706,0.2985977029558619,ridge_core,core_network,full_network,True,constrained,aggregate_all_days,corridor_held_out,corridor,3,-15.923286196393782,15.923286196393782,-103.98663849500984,103.98663849500984,-113.73303578002674,113.73303578002674,77.88098682381012,False,
110+05714::PM,110+05714,PM,VA7_WB,WESTBOUND,35868.0,201.0,1.0,8.0,12.0,17.625,18.5,15.570795452773469,16.646921411388693,18.45286362822836,172.92409052729369,0.3733867115913641,ridge_core,core_network,full_network,True,constrained,aggregate_all_days,corridor_held_out,corridor,3,214.24772716640803,214.24772716640803,-58.68471531667844,58.68471531667844,-2.828182306298359,2.828182306298359,91.92020826312826,False,
110+05716::PM,110+05716,PM,VA7_WB,WESTBOUND,36771.0,302.0,2.0,4.0,15.625,16.125,17.875,15.447799470026965,16.890084307891414,18.793072165942952,200.71636175495925,0.4311411860758719,ridge_core,core_network,full_network,True,constrained,aggregate_all_days,corridor_held_out,corridor,3,-10.632031798382116,10.632031798382116,45.905058473484814,45.905058473484814,55.084329956577136,55.084329956577136,37.20714007614802,False,
110+05717::PM,110+05717,PM,VA7_WB,WESTBOUND,36251.0,302.0,2.0,3.0,16.5,17.0,18.0,15.455022746924488,16.84090762815332,18.715386945154773,195.62185189381705,0.425070574011666,ridge_core,core_network,full_network,True,constrained,aggregate_all_days,corridor_held_out,corridor,3,-62.69863518453072,62.69863518453072,-9.54554231080074,9.54554231080074,42.923216709286365,42.923216709286365,38.38913140153928,False,
110+05718::MD,110+05718,MD,VA7_WB,WESTBOUND,36247.0,502.0,2.0,3.0,14.25,14.75,15.75,11.350640236992833,12.413547009454236,14.360443371832153,180.5881880903593,0.3531482707815535,ridge_core,core_network,full_network,True,constrained,aggregate_all_days,corridor_held_out,corridor,3,-173.96158578043014,173.96158578043014,-140.18717943274584,140.18717943274584,-83.37339769007085,83.37339769007085,132.5073876344156,False,
110+05718::PM,110+05718,PM,VA7_WB,WESTBOUND,36247.0,502.0,2.0,12.0,15.0,16.0,17.5,15.803671847414527,17.21343910079702,19.0230429808088,193.16226800365607,0.4379014394330293,ridge_core,core_network,full_network,True,constrained,aggregate_all_days,corridor_held_out,corridor,3,48.22031084487165,48.22031084487165,72.8063460478213,72.8063460478213,91.38257884852776,91.38257884852776,70.8030785804069,False,
110+06533::MD,110+06533,MD,US29_SB,SOUTHBOUND,38685.0,305.0,5.0,2.0,11.625,14.25,19.25,10.864779821939532,11.672308282678523,13.571967433203382,162.43125667583095,0.2982905423248443,ridge_core,core_network,full_network,True,constrained,aggregate_all_days,corridor_held_out,corridor,3,-45.61321068362808,45.61321068362808,-154.6615030392885,154.6615030392885,-340.6819540077971,340.6819540077971,180.3188892435712,False,
110+06533::PM,110+06533,PM,US29_SB,SOUTHBOUND,38685.0,305.0,5.0,8.0,11.5,16.25,18.25,15.425285521953402,16.52997683395678,18.37711765743551,177.10992812892655,0.3742392051108134,ridge_core,core_network,full_network,True,constrained,aggregate_all_days,corridor_held_out,corridor,3,235.51713131720413,235.51713131720413,16.79861003740683,16.79861003740683,7.627059446130531,7.627059446130531,86.64760026691384,False,
110+06535::MD,110+06535,MD,US29_SB,SOUTHBOUND,38639.0,503.0,3.0,1.0,12.25,12.5,15.0,10.429520698642076,11.47798739471369,13.19015565776603,165.63809754743724,0.3797918636820888,ridge_core,core_network,full_network,True,constrained,aggregate_all_days,corridor_held_out,corridor,3,-109.22875808147543,109.22875808147543,-61.320756317178606,61.320756317178606,-108.59066053403816,108.59066053403816,93.04672497756408,False,
110+06535::PM,110+06535,PM,US29_SB,SOUTHBOUND,38639.0,503.0,3.0,3.0,16.0,16.75,17.75,15.064004734543971,16.517203706376844,18.28042236966312,192.9850581071489,0.4518066795697815,ridge_core,core_network,full_network,True,constrained,aggregate_all_days,corridor_held_out,corridor,3,-56.15971592736162,56.15971592736162,-13.967777617389388,13.967777617389388,31.82534217978727,31.82534217978727,33.984278574846094,False,
110+06787::AM,110+06787,AM,US29_SB,SOUTHBOUND,25717.0,202.0,2.0,1.0,5.5,6.0,6.75,6.546695865846562,7.726561914254872,9.525433458926454,178.72425558479344,0.3960960009197645,ridge_core,core_network,full_network,True,constrained,aggregate_all_days,corridor_held_out,corridor,3,62.80175195079373,62.80175195079373,103.59371485529232,103.59371485529232,166.5260075355872,166.5260075355872,110.97382478055776,False,
110+06795::AM,110+06795,AM,US29_SB,SOUTHBOUND,35577.0,202.0,2.0,5.0,7.0,7.25,8.0,6.855176105745861,7.932240208574122,9.67719261514011,169.32099056365487,0.3816647065113928,ridge_core,core_network,full_network,True,constrained,aggregate_all_days,corridor_held_out,corridor,3,-8.689433655248333,8.689433655248333,40.9344125144473,40.9344125144473,100.63155690840657,100.63155690840657,50.0851343593674,False,
110+06795::MD,110+06795,MD,US29_SB,SOUTHBOUND,35577.0,202.0,2.0,8.0,9.875,11.375,13.5,10.416442735289497,11.77505144289712,13.617257851145071,192.0489069513345,0.424457101841844,ridge_core,core_network,full_network,True,constrained,aggregate_all_days,corridor_held_out,corridor,3,32.48656411736981,32.48656411736981,24.00308657382716,24.00308657382716,7.035471068704275,7.035471068704275,21.17504058663375,False,
110+06795::PM,110+06795,PM,US29_SB,SOUTHBOUND,35577.0,202.0,2.0,1.0,14.75,15.0,15.75,14.907341728846111,16.800634719762563,18.689964736477947,226.95738045790995,0.5005238394353696,ridge_core,core_network,full_network,True,constrained,aggregate_all_days,corridor_held_out,corridor,3,9.440503730766778,9.440503730766778,108.03808318575378,108.03808318575378,176.3978841886768,176.3978841886768,97.95882370173246,False,
110+06796::MD,110+06796,MD,US29_SB,SOUTHBOUND,29731.0,502.0,2.0,9.0,9.5,11.75,14.5,10.769208490203525,11.956779885341954,13.726493234846473,177.43708467857695,0.4015749235137699,ridge_core,core_network,full_network,True,constrained,aggregate_all_days,corridor_held_out,corridor,3,76.15250941221137,76.15250941221137,12.406793120517214,12.406793120517214,-46.41040590921165,46.41040590921165,44.98990281398008,False,
110+06796::PM,110+06796,PM,US29_SB,SOUTHBOUND,29731.0,502.0,2.0,3.0,16.0,17.0,18.5,15.311912793982614,16.949136074938245,18.73464231226927,205.36377109719925,0.4783384933598811,ridge_core,core_network,full_network,True,constrained,aggregate_all_days,corridor_held_out,corridor,3,-41.28523236104314,41.28523236104314,-3.051835503705292,3.051835503705292,14.078538736156148,14.078538736156148,19.4718688669682,False,
110+06797::AM,110+06797,AM,US29_SB,SOUTHBOUND,29755.0,202.0,2.0,2.0,7.125,7.75,9.75,6.852494348905544,7.952760667211279,9.68675264977092,170.0554980519226,0.3882025565453205,ridge_core,core_network,full_network,True,constrained,aggregate_all_days,corridor_held_out,corridor,3,-16.35033906566738,16.35033906566738,12.165640032676723,12.165640032676723,-3.7948410137448008,3.7948410137448008,10.770273370696302,False,
110+06797::MD,110+06797,MD,US29_SB,SOUTHBOUND,29755.0,202.0,2.0,8.0,10.25,11.75,13.625,10.460186484308789,11.86675703057428,13.754349436558163,197.64977713496253,0.4269887575856054,ridge_core,core_network,full_network,True,constrained,aggregate_all_days,corridor_held_out,corridor,3,12.611189058527223,12.611189058527223,7.005421834456733,7.005421834456733,7.7609661934898,7.7609661934898,9.125859028824586,False,
110+06797::PM,110+06797,PM,US29_SB,SOUTHBOUND,29755.0,202.0,2.0,13.0,16.0,16.75,18.75,14.950710889916646,16.852843350372826,18.72229120249021,226.294818754414,0.504333012375453,ridge_core,core_network,full_network,True,constrained,aggregate_all_days,corridor_held_out,corridor,3,-62.957346605001234,62.957346605001234,6.170601022369553,6.170601022369553,-1.6625278505873098,1.6625278505873098,23.59682515931937,False,
110+06798::AM,110+06798,AM,US29_SB,SOUTHBOUND,29742.0,202.0,2.0,4.0,6.125,7.75,9.75,6.751873815078386,7.877926119489158,9.642304050071308,173.4258140995753,0.3895794787842472,ridge_core,core_network,full_network,True,constrained,aggregate_all_days,corridor_held_out,corridor,3,37.61242890470315,37.61242890470315,7.67556716934946,7.67556716934946,-6.461756995721508,6.461756995721508,17.249917689924708,False,
110+06798::MD,110+06798,MD,US29_SB,SOUTHBOUND,29742.0,202.0,2.0,2.0,8.375,11.5,13.125,10.398662162578528,11.867027012663788,13.860033295693896,207.6822679869221,0.4242147962803608,ridge_core,core_network,full_network,True,constrained,aggregate_all_days,corridor_held_out,corridor,3,121.4197297547117,121.4197297547117,22.0216207598272,22.0216207598272,44.101997741633845,44.101997741633845,62.51444941872425,False,
110+06798::PM,110+06798,PM,US29_SB,SOUTHBOUND,29742.0,202.0,2.0,2.0,13.875,17.0,20.625,14.822743160182606,16.795720667497438,18.727395223028704,234.2791237707659,0.5052889413856584,ridge_core,core_network,full_network,True,constrained,aggregate_all_days,corridor_held_out,corridor,3,56.86458961095635,56.86458961095635,-12.256759950153722,12.256759950153722,-113.85628661827774,113.85628661827774,60.99254539312926,False,
110+06799::AM,110+06799,AM,US29_SB,SOUTHBOUND,31828.0,403.0,3.0,1.0,7.5,8.0,8.75,6.821408248934251,7.750026649664475,9.767631560522286,176.77339869528214,0.315189414555848,ridge_core,core_network,full_network,True,constrained,aggregate_all_days,corridor_held_out,corridor,3,-40.71550506394495,40.71550506394495,-14.998401020131489,14.998401020131489,61.057893631337166,61.057893631337166,38.9239332384712,False,
110+06799::PM,110+06799,PM,US29_SB,SOUTHBOUND,31828.0,403.0,3.0,16.0,15.5,16.75,18.5,14.925182451636736,16.624835731467318,19.03521721154198,246.60208559431453,0.413537446546989,ridge_core,core_network,full_network,True,constrained,aggregate_all_days,corridor_held_out,corridor,3,-34.489052901795816,34.489052901795816,-7.509856111960929,7.509856111960929,32.113032692518786,32.113032692518786,24.70398056875851,False,
110+06800::PM,110+06800,PM,US29_SB,SOUTHBOUND,29750.0,403.0,3.0,1.0,15.75,16.0,17.0,14.98266924273574,16.651257780808773,18.98333906452139,240.04018930713903,0.4170772926540285,ridge_core,core_network,full_network,True,constrained,aggregate_all_days,corridor_held_out,corridor,3,-46.03984543585568,46.03984543585568,39.0754668485264,39.0754668485264,119.0003438712835,119.0003438712835,68.03855205188853,False,
110+06801::PM,110+06801,PM,US29_SB,SOUTHBOUND,29764.0,503.0,3.0,1.0,16.0,16.25,17.0,15.095298105857855,16.68028246728836,18.579190722498343,209.03355699842945,0.4549463878019588,ridge_core,core_network,full_network,True,constrained,aggregate_all_days,corridor_held_out,corridor,3,-54.28211364852867,54.28211364852867,25.816948037301657,25.816948037301657,94.75144334990075,94.75144334990075,58.28350167857703,False,
110+06802::MD,110+06802,MD,US29_SB,SOUTHBOUND,29775.0,503.0,3.0,2.0,14.0,14.375,15.625,10.50998742070816,11.723401334330363,13.610651682976163,186.0398557360801,0.3913399874950163,ridge_core,core_network,full_network,True,constrained,aggregate_all_days,corridor_held_out,corridor,3,-209.4007547575104,209.4007547575104,-159.09591994017808,159.09591994017808,-120.8608990214302,120.8608990214302,163.1191912397062,False,
110+06802::PM,110+06802,PM,US29_SB,SOUTHBOUND,29775.0,503.0,3.0,11.0,15.25,17.75,19.25,15.031146460961828,16.70239718102741,18.66796707761776,218.20923699935585,0.459536198296826,ridge_core,core_network,full_network,True,constrained,aggregate_all_days,corridor_held_out,corridor,3,-13.131212342290404,13.131212342290404,-62.85616913835533,62.85616913835533,-34.9219753429346,34.9219753429346,36.96978560786011,False,
110+10236::AM,110+10236,AM,VA120_NB,NORTHBOUND,25648.0,302.0,2.0,2.0,8.125,8.75,10.5,6.624718640132229,7.58837568115452,9.22980699611289,156.3053013588397,0.369913380791851,ridge_core,core_network,full_network,True,constrained,aggregate_all_days,corridor_held_out,corridor,3,-90.01688159206628,90.01688159206628,-69.69745913072877,69.69745913072877,-76.21158023322661,76.21158023322661,78.64197365200722,False,
110+10236::MD,110+10236,MD,VA120_NB,NORTHBOUND,25648.0,302.0,2.0,5.0,10.75,11.75,14.75,10.25129033983104,11.449278246987532,13.190862828037323,176.37434929237693,0.4075381409925698,ridge_core,core_network,full_network,True,constrained,aggregate_all_days,corridor_held_out,corridor,3,-29.92257961013756,29.92257961013756,-18.043305180748064,18.043305180748064,-93.5482303177606,93.5482303177606,47.17137170288208,False,
110+10236::PM,110+10236,PM,VA120_NB,NORTHBOUND,25648.0,302.0,2.0,2.0,16.125,18.125,20.875,14.818217175797804,16.49190710606626,18.3280343646636,210.5890313319476,0.4768595742188252,ridge_core,core_network,full_network,True,constrained,aggregate_all_days,corridor_held_out,corridor,3,-78.40696945213168,78.40696945213168,-97.98557363602434,97.98557363602434,-152.81793812018412,152.81793812018412,109.7368270694467,False,
110+10237::MD,110+10237,MD,VA120_NB,NORTHBOUND,25605.0,502.0,2.0,1.0,6.25,9.0,10.5,10.47346612203011,11.699879257631444,13.51528105245844,182.5088958256996,0.4031846656195608,ridge_core,core_network,full_network,True,constrained,aggregate_all_days,corridor_held_out,corridor,3,253.40796732180664,253.40796732180664,161.99275545788666,161.99275545788666,180.91686314750635,180.91686314750635,198.77252864239983,False,
110+16046::PM,110+16046,PM,I395HOV_NB,NORTHBOUND,32609.0,501.0,1.0,14.0,15.125,17.125,19.25,15.210742188807938,16.598462715568132,18.39137115005502,190.8377376748249,0.436303807727415,ridge_core,core_network,full_network,True,constrained,aggregate_all_days,corridor_held_out,corridor,3,5.144531328476276,5.144531328476276,-31.59223706591206,31.59223706591206,-51.51773099669889,51.51773099669889,29.41816646369574,False,
110+17121::AM,110+17121,AM,US29_SB,SOUTHBOUND,25975.0,102.0,2.0,1.0,1.5,6.25,8.5,6.97217701986934,7.716658667590789,9.345754687113304,142.41466003463768,0.3136537969646008,ridge_core,core_network,full_network,True,constrained,aggregate_all_days,corridor_held_out,corridor,3,328.33062119216044,328.33062119216044,87.99952005544732,87.99952005544732,50.74528122679816,50.74528122679816,155.69180749146864,False,
110+17121::MD,110+17121,MD,US29_SB,SOUTHBOUND,25975.0,102.0,2.0,1.0,8.0,10.75,13.5,10.685773361735396,11.617321183700584,13.382272454856636,161.78994558727445,0.3454656537217324,ridge_core,core_network,full_network,True,constrained,aggregate_all_days,corridor_held_out,corridor,3,161.14640170412378,161.14640170412378,52.039271022035045,52.039271022035045,-7.063652708601822,7.063652708601822,73.41644181158688,False,
110+17123::AM,110+17123,AM,US29_SB,SOUTHBOUND,26908.0,202.0,2.0,1.0,3.25,7.75,9.5,6.525828917430601,7.70920177084318,9.514742503156924,179.3348151435794,0.3959207315540414,ridge_core,core_network,full_network,True,constrained,aggregate_all_days,corridor_held_out,corridor,3,196.54973504583603,196.54973504583603,-2.447893749409218,2.447893749409218,0.8845501894154495,0.8845501894154495,66.6273929948869,False,
110+17123::MD,110+17123,MD,US29_SB,SOUTHBOUND,26908.0,202.0,2.0,1.0,12.25,14.75,19.75,10.134921589823891,11.606830742057774,13.559782242134276,205.4916391386231,0.4297719824720294,ridge_core,core_network,full_network,True,constrained,aggregate_all_days,corridor_held_out,corridor,3,-126.90470461056653,126.90470461056653,-188.5901554765336,188.5901554765336,-371.41306547194336,371.41306547194336,228.9693085196812,False,
110+17123::PM,110+17123,PM,US29_SB,SOUTHBOUND,26908.0,202.0,2.0,1.0,16.25,17.75,19.75,14.496682405449071,16.563694258275838,18.58842534394419,245.5045763097072,0.5051665962151036,ridge_core,core_network,full_network,True,constrained,aggregate_all_days,corridor_held_out,corridor,3,-105.19905567305572,105.19905567305572,-71.17834450344972,71.17834450344972,-69.69447936334852,69.69447936334852,82.02395984661798,False,
110+17130::AM,110+17130,AM,US29_SB,SOUTHBOUND,29782.0,202.0,2.0,1.0,7.75,8.0,10.0,6.556738215709642,7.78592860779064,9.646981719289574,185.414610214796,0.3977648980273,ridge_core,core_network,full_network,True,constrained,aggregate_all_days,corridor_held_out,corridor,3,-71.59570705742146,71.59570705742146,-12.844283532561589,12.844283532561589,-21.181096842625564,21.181096842625564,35.20702914420287,False,
110+17131::AM,110+17131,AM,US29_SB,SOUTHBOUND,29760.0,402.0,2.0,2.0,7.5,8.0,10.0,6.617824888900341,7.836298338839869,9.90781463462612,197.39938474354685,0.3703578260456645,ridge_core,core_network,full_network,True,constrained,aggregate_all_days,corridor_held_out,corridor,3,-52.93050666597957,52.93050666597957,-9.822099669607844,9.822099669607844,-5.53112192243276,5.53112192243276,22.7612427526734,False,
110+17131::MD,110+17131,MD,US29_SB,SOUTHBOUND,29760.0,402.0,2.0,7.0,7.75,12.75,15.0,10.372016043248554,11.902794828297033,14.341606056808512,238.17540081359743,0.3856264198114663,ridge_core,core_network,full_network,True,constrained,aggregate_all_days,corridor_held_out,corridor,3,157.32096259491323,157.32096259491323,-50.832310302178136,50.832310302178136,-39.50363659148927,39.50363659148927,82.55230316286021,False,
110+17131::PM,110+17131,PM,US29_SB,SOUTHBOUND,29760.0,402.0,2.0,2.0,18.0,18.25,19.5,14.656366312871366,16.794108131831425,19.20513197475396,272.9259397129556,0.4699608592444646,ridge_core,core_network,full_network,True,constrained,aggregate_all_days,corridor_held_out,corridor,3,-200.61802122771803,200.61802122771803,-87.35351209011448,87.35351209011448,-17.69208151476235,17.69208151476235,101.88787161086492,False,
110+56063::AM,110+56063,AM,VA643_EB,EASTBOUND,35328.0,604.0,4.0,15.0,7.0,8.0,10.0,6.673659249891738,7.71023573091162,9.841155077072628,190.04974963085337,0.3272542530679345,ridge_core,core_network,full_network,True,constrained,aggregate_all_days,corridor_held_out,corridor,3,-19.580445006495708,19.580445006495708,-17.385856145302796,17.385856145302796,-9.530695375642324,9.530695375642324,15.498998842480276,False,
110+56063::MD,110+56063,MD,VA643_EB,EASTBOUND,35328.0,604.0,4.0,8.0,12.375,13.375,14.875,10.33161140632901,11.617484392080474,13.846059549016182,210.86688856123024,0.3658819062182195,ridge_core,core_network,full_network,True,constrained,aggregate_all_days,corridor_held_out,corridor,3,-122.6033156202594,122.6033156202594,-105.45093647517156,105.45093647517156,-61.73642705902907,61.73642705902907,96.59689305148667,False,
110+56063::PM,110+56063,PM,VA643_EB,EASTBOUND,35328.0,604.0,4.0,10.0,14.625,16.625,19.125,14.874474008219114,16.661186378132335,18.966488327057085,245.52085913027832,0.4366339486369642,ridge_core,core_network,full_network,True,constrained,aggregate_all_days,corridor_held_out,corridor,3,14.968440493146815,14.968440493146815,2.171182687940103,2.171182687940103,-9.510700376574874,9.510700376574874,8.883441185887264,False,
110+56064::AM,110+56064,AM,VA643_EB,EASTBOUND,35328.0,604.0,4.0,9.0,6.5,8.75,11.0,6.673659249891738,7.71023573091162,9.841155077072628,190.04974963085337,0.3272542530679345,ridge_core,core_network,full_network,True,constrained,aggregate_all_days,corridor_held_out,corridor,3,10.419554993504292,10.419554993504292,-62.3858561453028,62.3858561453028,-69.53069537564232,69.53069537564232,47.4453688381498,False,
110+56064::MD,110+56064,MD,VA643_EB,EASTBOUND,35328.0,604.0,4.0,2.0,9.375,11.375,13.5,10.33161140632901,11.617484392080474,13.846059549016182,210.86688856123024,0.3658819062182195,ridge_core,core_network,full_network,True,constrained,aggregate_all_days,corridor_held_out,corridor,3,57.396684379740606,57.396684379740606,14.54906352482844,14.54906352482844,20.76357294097093,20.76357294097093,30.90310694851333,False,
110+56064::PM,110+56064,PM,VA643_EB,EASTBOUND,35328.0,604.0,4.0,8.0,13.375,17.5,19.375,14.874474008219114,16.661186378132335,18.966488327057085,245.52085913027832,0.4366339486369642,ridge_core,core_network,full_network,True,constrained,aggregate_all_days,corridor_held_out,corridor,3,89.96844049314682,89.96844049314682,-50.3288173120599,50.3288173120599,-24.510700376574874,24.510700376574874,54.935986060593855,False,
110+56065::AM,110+56065,AM,VA643_EB,EASTBOUND,35328.0,604.0,4.0,3.0,6.75,7.75,9.25,6.673659249891738,7.71023573091162,9.841155077072628,190.04974963085337,0.3272542530679345,ridge_core,core_network,full_network,True,constrained,aggregate_all_days,corridor_held_out,corridor,3,-4.580445006495708,4.580445006495708,-2.385856145302796,2.385856145302796,35.46930462435768,35.46930462435768,14.145201925385392,False,
110+56065::MD,110+56065,MD,VA643_EB,EASTBOUND,35328.0,604.0,4.0,4.0,10.375,12.625,14.625,10.33161140632901,11.617484392080474,13.846059549016182,210.86688856123024,0.3658819062182195,ridge_core,core_network,full_network,True,constrained,aggregate_all_days,corridor_held_out,corridor,3,-2.6033156202593943,2.6033156202593943,-60.45093647517156,60.45093647517156,-46.73642705902907,46.73642705902907,36.596893051486674,False,
110+56065::PM,110+56065,PM,VA643_EB,EASTBOUND,35328.0,604.0,4.0,6.0,16.0,16.5,19.25,14.874474008219114,16.661186378132335,18.966488327057085,245.52085913027832,0.4366339486369642,ridge_core,core_network,full_network,True,constrained,aggregate_all_days,corridor_held_out,corridor,3,-67.53155950685318,67.53155950685318,9.671182687940105,9.671182687940105,-17.010700376574874,17.010700376574874,31.40448085712272,False,
110+58067::PM,110+58067,PM,VA606_NB,NORTHBOUND,38023.0,503.0,3.0,2.0,16.0,17.5,18.625,15.683728272118271,16.944794962662186,18.70855176324368,181.48940946752447,0.4169058770681275,ridge_core,core_network,full_network,True,constrained,aggregate_all_days,corridor_held_out,corridor,3,-18.97630367290361,18.97630367290361,-33.31230224026882,33.31230224026882,5.013105794620785,5.013105794620785,19.10057056926441,False,
110+58069::PM,110+58069,PM,VA606_NB,NORTHBOUND,38023.0,503.0,3.0,3.0,17.0,17.5,18.25,15.683728272118271,16.944794962662186,18.70855176324368,181.48940946752447,0.4169058770681275,ridge_core,core_network,full_network,True,constrained,aggregate_all_days,corridor_held_out,corridor,3,-78.97630367290361,78.97630367290361,-33.31230224026882,33.31230224026882,27.513105794620785,27.513105794620785,46.60057056926441,False,
110+59143::AM,110+59143,AM,VA643_EB,EASTBOUND,40272.0,604.0,4.0,11.0,6.0,8.25,10.5,6.444204036425472,7.408611050760216,9.504047274311752,183.5905942731768,0.3151818375509168,ridge_core,core_network,full_network,True,constrained,aggregate_all_days,corridor_held_out,corridor,3,26.65224218552829,26.65224218552829,-50.48333695438704,50.48333695438704,-59.75716354129489,59.75716354129489,45.63091422707007,False,
110+59143::MD,110+59143,MD,VA643_EB,EASTBOUND,40272.0,604.0,4.0,2.0,8.75,9.625,10.375,10.20362837911984,11.371060958389656,13.696471694303762,209.5705989110353,0.3342355994598464,ridge_core,core_network,full_network,True,constrained,aggregate_all_days,corridor_held_out,corridor,3,87.21770274719037,87.21770274719037,104.76365750337932,104.76365750337932,199.2883016582257,199.2883016582257,130.42322063626514,False,
110+59143::PM,110+59143,PM,VA643_EB,EASTBOUND,40272.0,604.0,4.0,14.0,14.25,17.125,20.0,14.667548176255815,16.325501336295808,18.68468748184025,241.02835833506583,0.4127198570722168,ridge_core,core_network,full_network,True,constrained,aggregate_all_days,corridor_held_out,corridor,3,25.052890575349025,25.052890575349025,-47.96991982225151,47.96991982225151,-78.91875108958502,78.91875108958502,50.64718716239518,False,
110+59144::AM,110+59144,AM,VA643_EB,EASTBOUND,38442.0,604.0,4.0,3.0,7.25,7.75,9.0,6.371357368269676,7.336415177943112,9.46710716154822,185.74498759671272,0.3117363721605531,ridge_core,core_network,full_network,True,constrained,aggregate_all_days,corridor_held_out,corridor,3,-52.71855790381945,52.71855790381945,-24.815089323413257,24.815089323413257,28.02642969289323,28.02642969289323,35.18669230670864,False,
110+59144::MD,110+59144,MD,VA643_EB,EASTBOUND,38442.0,604.0,4.0,5.0,12.0,12.75,14.0,10.11999938467322,11.292746787485555,13.640668196082828,211.2401286845765,0.3331035850380908,ridge_core,core_network,full_network,True,constrained,aggregate_all_days,corridor_held_out,corridor,3,-112.80003691960673,112.80003691960673,-87.43519275086669,87.43519275086669,-21.55990823503032,21.55990823503032,73.93171263516791,False,
110+59144::PM,110+59144,PM,VA643_EB,EASTBOUND,38442.0,604.0,4.0,4.0,15.25,15.5,17.75,14.59721703917557,16.26243632239902,18.64563190697283,242.90489206783573,0.4113262443701806,ridge_core,core_network,full_network,True,constrained,aggregate_all_days,corridor_held_out,corridor,3,-39.1669776494658,39.1669776494658,45.74617934394112,45.74617934394112,53.737914418369854,53.737914418369854,46.21702380392559,False,
110-04250::PM,110-04250,PM,VA7_WB,WESTBOUND,36836.0,501.0,1.0,6.0,15.875,16.5,18.25,15.65943309573939,17.105556023577773,18.937427844909006,196.679684950177,0.4411608432883289,ridge_core,core_network,full_network,True,constrained,aggregate_all_days,corridor_held_out,corridor,3,-12.93401425563662,12.93401425563662,36.33336141466636,36.33336141466636,41.24567069454038,41.24567069454038,30.17101545494778,False,
110-04252::MD,110-04252,MD,VA7_WB,WESTBOUND,36199.0,602.0,2.0,1.0,10.5,11.0,12.25,10.970296339171636,11.723096365212225,13.127730637466575,129.4460578976964,0.3489330018696458,ridge_core,core_network,full_network,True,constrained,aggregate_all_days,corridor_held_out,corridor,3,28.21778035029816,28.21778035029816,43.385781912733385,43.385781912733385,52.66383824799462,52.66383824799462,41.42246683700872,False,
110-04298::AM,110-04298,AM,I395HOV_SB,SOUTHBOUND,26820.0,501.0,1.0,21.0,5.75,6.25,8.25,6.810174596384791,7.568133834868646,9.294907088183466,149.0839495079205,0.3050466160786487,ridge_core,core_network,full_network,True,constrained,aggregate_all_days,corridor_held_out,corridor,3,63.61047578308748,63.61047578308748,79.08803009211874,79.08803009211874,62.69442529100797,62.69442529100797,68.46431038873807,False,
110-04299::AM,110-04299,AM,I395HOV_SB,SOUTHBOUND,26827.0,101.0,1.0,4.0,6.75,7.5,8.75,6.62253999475884,7.7360170229151075,9.293150437003437,160.23662653467568,0.4169372704243649,ridge_core,core_network,full_network,True,constrained,aggregate_all_days,corridor_held_out,corridor,3,-7.647600314469578,7.647600314469578,14.16102137490645,14.16102137490645,32.5890262202061,32.5890262202061,18.132549303194043,False,
110-04299::MD,110-04299,MD,I395HOV_SB,SOUTHBOUND,26827.0,101.0,1.0,3.0,9.5,9.75,12.0,10.238844821064914,11.613854844759857,13.267012430844224,181.6900565867587,0.4540732881675426,ridge_core,core_network,full_network,True,constrained,aggregate_all_days,corridor_held_out,corridor,3,44.33068926389485,44.33068926389485,111.83129068559128,111.83129068559128,76.02074585065353,76.02074585065353,77.39424193337989,False,
110-04300::AM,110-04300,AM,I395HOV_SB,SOUTHBOUND,26831.0,101.0,1.0,3.0,5.75,6.5,7.5,6.6526456268477565,7.765094900079664,9.29615456811237,158.61053647587676,0.4208229659702721,ridge_core,core_network,full_network,True,constrained,aggregate_all_days,corridor_held_out,corridor,3,54.15873761086539,54.15873761086539,75.90569400477987,75.90569400477987,107.76927408674214,107.76927408674214,79.27790190079581,False,
110-04300::MD,110-04300,MD,I395HOV_SB,SOUTHBOUND,26831.0,101.0,1.0,2.0,9.25,9.5,11.25,10.270006790977387,11.642932721924412,13.267444390064831,179.84625594524675,0.4580331985443183,ridge_core,core_network,full_network,True,constrained,aggregate_all_days,corridor_held_out,corridor,3,61.20040745864323,61.20040745864323,128.57596331546472,128.57596331546472,121.04666340389,121.04666340389,103.60767805933264,False,
110-04653::MD,110-04653,MD,I395HOV_SB,SOUTHBOUND,28288.0,501.0,1.0,2.0,9.25,10.0,11.125,11.948982397263272,12.647855389013964,14.17499923917751,133.56101051485425,0.3139567403945177,ridge_core,core_network,full_network,True,constrained,aggregate_all_days,corridor_held_out,corridor,3,161.93894383579632,161.93894383579632,158.87132334083785,158.87132334083785,182.99995435065057,182.99995435065057,167.9367405090949,False,
110-04654::MD,110-04654,MD,I395HOV_SB,SOUTHBOUND,28306.0,501.0,1.0,1.0,8.75,9.25,11.0,11.751894394886218,12.417557397289665,13.999779466749352,134.87310431178804,0.2961285746925297,ridge_core,core_network,full_network,True,constrained,aggregate_all_days,corridor_held_out,corridor,3,180.11366369317307,180.11366369317307,190.05344383737977,190.05344383737977,179.98676800496114,179.98676800496114,183.38462517850465,False,
110-04655::MD,110-04655,MD,I395HOV_SB,SOUTHBOUND,26763.0,501.0,1.0,2.0,8.875,9.75,11.25,10.966643391180806,11.851676689648723,13.362924289572115,143.7768539034786,0.3693362072293212,ridge_core,core_network,full_network,True,constrained,aggregate_all_days,corridor_held_out,corridor,3,125.49860347084838,125.49860347084838,126.1006013789234,126.1006013789234,126.77545737432702,126.77545737432702,126.12488740803292,False,
110-04656::MD,110-04656,MD,I395HOV_SB,SOUTHBOUND,26780.0,501.0,1.0,3.0,9.25,9.5,11.5,10.914769329534671,11.84830393713887,13.444398393539425,151.77774384028496,0.3690401177342113,ridge_core,core_network,full_network,True,constrained,aggregate_all_days,corridor_held_out,corridor,3,99.8861597720804,99.8861597720804,140.89823622833217,140.89823622833217,116.66390361236536,116.66390361236536,119.14943320425932,False,
110-04657::MD,110-04657,MD,I395HOV_SB,SOUTHBOUND,26794.0,501.0,1.0,1.0,9.0,9.25,10.0,10.954923922204522,11.91381302692506,13.38053147676596,145.53645327368633,0.3953191450600962,ridge_core,core_network,full_network,True,constrained,aggregate_all_days,corridor_held_out,corridor,3,117.2954353322713,117.2954353322713,159.82878161550363,159.82878161550363,202.8318886059577,202.8318886059577,159.98536851791087,False,
110-05602::PM,110-05602,PM,VA286_SB,SOUTHBOUND,29283.0,302.0,2.0,1.0,18.0,18.5,19.5,14.889620813619487,16.635523782444015,18.578694609609183,221.3444277593817,0.4732632268626493,ridge_core,core_network,full_network,True,constrained,aggregate_all_days,corridor_held_out,corridor,3,-186.62275118283063,186.62275118283063,-111.86857305335911,111.86857305335911,-55.27832342344901,55.27832342344901,117.92321588654626,False,
110-05604::AM,110-05604,AM,VA286_SB,SOUTHBOUND,32167.0,405.0,5.0,1.0,7.25,7.5,9.0,7.141501066038656,7.839529670875104,9.526258449167914,143.08544298775544,0.2927042431127737,ridge_core,core_network,full_network,True,constrained,aggregate_all_days,corridor_held_out,corridor,3,-6.509936037680628,6.509936037680628,20.37178025250628,20.37178025250628,31.575506950074832,31.575506950074832,19.485741080087244,False,
110-05609::AM,110-05609,AM,VA286_SB,SOUTHBOUND,29451.0,405.0,5.0,3.0,7.5,8.0,13.5,7.018156210171499,7.720473016760119,9.47616142888834,147.48031312301055,0.2857263285044008,ridge_core,core_network,full_network,True,constrained,aggregate_all_days,corridor_held_out,corridor,3,-28.91062738971005,28.91062738971005,-16.771618994392874,16.771618994392874,-241.43031426669955,241.43031426669955,95.7041868836008,False,
110-05609::MD,110-05609,MD,VA286_SB,SOUTHBOUND,29451.0,405.0,5.0,9.0,9.25,9.5,11.5,11.047791062652411,11.915064250638585,14.017045117412264,178.155243285591,0.2920845343617169,ridge_core,core_network,full_network,True,constrained,aggregate_all_days,corridor_held_out,corridor,3,107.86746375914468,107.86746375914468,144.903855038315,144.903855038315,151.02270704473574,151.02270704473574,134.59800861406515,False,
110-05609::PM,110-05609,PM,VA286_SB,SOUTHBOUND,29451.0,405.0,5.0,12.0,14.75,17.125,19.875,15.541326124596178,16.787891644655023,18.900003039343456,201.5206148848368,0.3711477917347229,ridge_core,core_network,full_network,True,constrained,aggregate_all_days,corridor_held_out,corridor,3,47.47956747577071,47.47956747577071,-20.22650132069863,20.22650132069863,-58.49981763939262,58.49981763939262,42.06862881195399,False,
110-05610::PM,110-05610,PM,VA286_SB,SOUTHBOUND,29498.0,405.0,5.0,8.0,16.0,16.25,18.0,15.597453270339004,16.83563842426871,18.81749985169172,193.2027948811631,0.3845239882863909,ridge_core,core_network,full_network,True,constrained,aggregate_all_days,corridor_held_out,corridor,3,-24.15280377965985,24.15280377965985,35.13830545612251,35.13830545612251,49.04999110150328,49.04999110150328,36.11370011242855,False,
110-05611::AM,110-05611,AM,VA286_SB,SOUTHBOUND,29494.0,405.0,5.0,3.0,7.0,7.75,8.5,7.067571582203049,7.769256526870764,9.469168969426631,144.095843233415,0.2921742621809363,ridge_core,core_network,full_network,True,constrained,aggregate_all_days,corridor_held_out,corridor,3,4.054294932182962,4.054294932182962,1.1553916122458574,1.1553916122458574,58.15013816559798,58.15013816559798,21.119941570008933,False,
110-05611::MD,110-05611,MD,VA286_SB,SOUTHBOUND,29494.0,405.0,5.0,1.0,14.25,14.75,18.75,11.125630000170666,11.99522899512836,14.074775786413722,176.94874717458342,0.2948647025230602,ridge_core,core_network,full_network,True,constrained,aggregate_all_days,corridor_held_out,corridor,3,-187.46219998976,187.46219998976,-165.28626029229832,165.28626029229832,-280.51345281517666,280.51345281517666,211.087304365745,False,
110-05611::PM,110-05611,PM,VA286_SB,SOUTHBOUND,29494.0,405.0,5.0,17.0,14.5,17.5,19.25,15.588180726650169,16.8319412746045,18.87280078621397,197.07720357382857,0.3786619229621039,ridge_core,core_network,full_network,True,constrained,aggregate_all_days,corridor_held_out,corridor,3,65.29084359901003,65.29084359901003,-40.08352352373002,40.08352352373002,-22.63195282716147,22.63195282716147,42.66877331663384,False,
110-05612::AM,110-05612,AM,VA286_SB,SOUTHBOUND,29559.0,405.0,5.0,2.0,7.625,7.875,9.75,7.034837794886099,7.736048827483581,9.465518175983664,145.84082286585397,0.2884834378269232,ridge_core,core_network,full_network,True,constrained,aggregate_all_days,corridor_held_out,corridor,3,-35.40973230683407,35.40973230683407,-8.337070350985165,8.337070350985165,-17.068909440980136,17.068909440980136,20.27190403293313,False,
110-05612::MD,110-05612,MD,VA286_SB,SOUTHBOUND,29559.0,405.0,5.0,5.0,8.0,9.5,10.25,11.079154400387768,11.947378523936209,14.045181351711053,177.96161707939712,0.2927229380572833,ridge_core,core_network,full_network,True,constrained,aggregate_all_days,corridor_held_out,corridor,3,184.7492640232661,184.7492640232661,146.8427114361724,146.8427114361724,227.7108811026632,227.7108811026632,186.4342855207005,False,
110-05612::PM,110-05612,PM,VA286_SB,SOUTHBOUND,29559.0,405.0,5.0,15.0,14.5,17.0,19.0,15.560776547279842,16.80723471899469,18.89944959935682,200.3203831246188,0.3733393933075984,ridge_core,core_network,full_network,True,constrained,aggregate_all_days,corridor_held_out,corridor,3,63.6465928367905,63.6465928367905,-11.565916860318666,11.565916860318666,-6.033024038590753,6.033024038590753,27.08184457856664,False,
110-05614::MD,110-05614,MD,VA286_SB,SOUTHBOUND,28856.0,505.0,5.0,5.0,9.5,11.5,14.0,11.011701409893847,12.292454407195388,14.660881171954632,218.95078572364704,0.3509701030946927,ridge_core,core_network,full_network,True,constrained,aggregate_all_days,corridor_held_out,corridor,3,90.70208459363094,90.70208459363094,47.54726443172327,47.54726443172327,39.6528703172779,39.6528703172779,59.30073978087737,False,
110-05615::MD,110-05615,MD,VA286_SB,SOUTHBOUND,29962.0,505.0,5.0,2.0,10.125,12.0,13.75,11.170701840029306,12.449244978608508,14.589340658945162,205.1183291349513,0.373991874047889,ridge_core,core_network,full_network,True,constrained,aggregate_all_days,corridor_held_out,corridor,3,62.74211040175835,62.74211040175835,26.95469871651049,26.95469871651049,50.36043953670969,50.36043953670969,46.68574955165951,False,
110-05615::PM,110-05615,PM,VA286_SB,SOUTHBOUND,29962.0,505.0,5.0,4.0,15.0,16.125,18.0,15.449482873779168,17.21324616754473,19.175519083848943,223.5621726041865,0.4733618232154902,ridge_core,core_network,full_network,True,constrained,aggregate_all_days,corridor_held_out,corridor,3,26.96897242675007,26.96897242675007,65.2947700526839,65.2947700526839,70.5311450309366,70.5311450309366,54.264962503456864,False,
110-05616::PM,110-05616,PM,VA286_SB,SOUTHBOUND,29806.0,605.0,5.0,19.0,14.5,16.25,19.0,15.76411690777422,17.148164208570396,18.936807341583226,190.36142602854005,0.4362377388122753,ridge_core,core_network,full_network,True,constrained,aggregate_all_days,corridor_held_out,corridor,3,75.84701446645319,75.84701446645319,53.88985251422376,53.88985251422376,-3.791559505006674,3.791559505006674,44.50947549522787,False,
110-05617::PM,110-05617,PM,VA286_SB,SOUTHBOUND,29768.0,305.0,5.0,6.0,15.125,16.75,18.0,15.580533498334429,16.830220208846765,18.837859040486048,195.4395325290973,0.3836542262480953,ridge_core,core_network,full_network,True,constrained,aggregate_all_days,corridor_held_out,corridor,3,27.33200990006562,27.33200990006562,4.81321253080587,4.81321253080587,50.27154242916289,50.27154242916289,27.4722549533448,False,
110-05618::MD,110-05618,MD,VA286_SB,SOUTHBOUND,31810.0,205.0,5.0,1.0,14.0,14.5,17.5,11.16418887866717,12.224557171284935,14.152155756078596,179.27801264468548,0.3548795338509231,ridge_core,core_network,full_network,True,constrained,aggregate_all_days,corridor_held_out,corridor,3,-170.14866727996977,170.14866727996977,-136.52656972290387,136.52656972290387,-200.87065463528427,200.87065463528427,169.18196387938596,False,
110-05618::PM,110-05618,PM,VA286_SB,SOUTHBOUND,31810.0,205.0,5.0,3.0,13.75,15.75,18.0,15.659667063439167,17.08290920539343,18.921722965050986,195.723354096709,0.4363021925071927,ridge_core,core_network,full_network,True,constrained,aggregate_all_days,corridor_held_out,corridor,3,114.58002380635006,114.58002380635006,79.97455232360586,79.97455232360586,55.30337790305914,55.30337790305914,83.28598467767169,False,
110-05621::MD,110-05621,MD,VA286_SB,SOUTHBOUND,32150.0,305.0,5.0,3.0,12.25,13.0,14.25,10.971621104440583,11.842737707285362,13.839383084926256,172.06571882914025,0.3037618215083696,ridge_core,core_network,full_network,True,constrained,aggregate_all_days,corridor_held_out,corridor,3,-76.70273373356491,76.70273373356491,-69.43573756287826,69.43573756287826,-24.63701490442464,24.63701490442464,56.92516206695594,False,
110-05623::AM,110-05623,AM,VA286_SB,SOUTHBOUND,32075.0,405.0,5.0,1.0,8.0,8.5,9.25,7.042837497575379,7.743184641893168,9.457654734614788,144.8890342223646,0.2900207657853319,ridge_core,core_network,full_network,True,constrained,aggregate_all_days,corridor_held_out,corridor,3,-57.42975014547728,57.42975014547728,-45.40892148640991,45.40892148640991,12.4592840768873,12.4592840768873,38.43265190292483,False,
110-05624::MD,110-05624,MD,VA286_SB,SOUTHBOUND,32169.0,405.0,5.0,1.0,14.0,14.5,18.25,11.287542496239428,12.162247635292529,14.324312283703357,182.2061872478357,0.2880380141635915,ridge_core,core_network,full_network,True,constrained,aggregate_all_days,corridor_held_out,corridor,3,-162.7474502256344,162.7474502256344,-140.2651418824483,140.2651418824483,-235.5412629777987,235.5412629777987,179.51795169529382,False,
110-05624::PM,110-05624,PM,VA286_SB,SOUTHBOUND,32169.0,405.0,5.0,11.0,14.75,16.75,18.25,15.6648962404542,16.916994520155,18.965800480686585,198.0542544139431,0.3793197828764191,ridge_core,core_network,full_network,True,constrained,aggregate_all_days,corridor_held_out,corridor,3,54.89377442725207,54.89377442725207,10.019671209300045,10.019671209300045,42.948028841195125,42.948028841195125,35.953824825915746,False,
110-05625::PM,110-05625,PM,VA286_SB,SOUTHBOUND,32248.0,405.0,5.0,8.0,15.75,16.5,18.0,15.622167437710754,16.87477662265428,18.96820385391196,200.76218497207228,0.3743561124674274,ridge_core,core_network,full_network,True,constrained,aggregate_all_days,corridor_held_out,corridor,3,-7.66995373735476,7.66995373735476,22.486597359256848,22.486597359256848,58.09223123471753,58.09223123471753,29.41626077710972,False,
110-05626::AM,110-05626,AM,VA286_SB,SOUTHBOUND,32251.0,205.0,5.0,1.0,6.5,7.75,8.75,7.169934732973712,8.01860903274064,9.707088541635429,152.22922851970304,0.3344985616834093,ridge_core,core_network,full_network,True,constrained,aggregate_all_days,corridor_held_out,corridor,3,40.19608397842269,40.19608397842269,16.116541964438404,16.116541964438404,57.42531249812572,57.42531249812572,37.912646146995606,False,
110-05626::PM,110-05626,PM,VA286_SB,SOUTHBOUND,32251.0,205.0,5.0,13.0,14.5,16.75,18.5,15.57240831183212,17.069426308114068,19.100637200176976,211.6937333006913,0.4242973014668048,ridge_core,core_network,full_network,True,constrained,aggregate_all_days,corridor_held_out,corridor,3,64.34449870992722,64.34449870992722,19.16557848684405,19.16557848684405,36.03823201061857,36.03823201061857,39.84943640246328,False,
110-05627::AM,110-05627,AM,VA286_SB,SOUTHBOUND,32279.0,205.0,5.0,7.0,7.0,8.0,9.5,7.209116044271143,8.016872631277675,9.689812358130936,148.84177883158756,0.3256168772024003,ridge_core,core_network,full_network,True,constrained,aggregate_all_days,corridor_held_out,corridor,3,12.546962656268583,12.546962656268583,1.012357876660488,1.012357876660488,11.38874148785618,11.38874148785618,8.316020673595084,False,
110-05627::MD,110-05627,MD,VA286_SB,SOUTHBOUND,32279.0,205.0,5.0,1.0,7.0,9.0,10.5,11.128111036512902,12.217700493573364,14.282262536694189,189.2490900108771,0.3454461388420429,ridge_core,core_network,full_network,True,constrained,aggregate_all_days,corridor_held_out,corridor,3,247.6866621907741,247.6866621907741,193.0620296144019,193.0620296144019,226.9357522016512,226.9357522016512,222.56148133560905,False,
110-05628::AM,110-05628,AM,VA286_SB,SOUTHBOUND,30498.0,105.0,5.0,2.0,6.25,7.625,8.625,6.8452115052838005,7.683711853543465,9.184418302669252,140.35240784312708,0.3584549896130871,ridge_core,core_network,full_network,True,constrained,aggregate_all_days,corridor_held_out,corridor,3,35.712690317028034,35.712690317028034,3.5227112126078985,3.5227112126078985,33.56509816015514,33.56509816015514,24.26683322993036,False,
110-05628::MD,110-05628,MD,VA286_SB,SOUTHBOUND,30498.0,105.0,5.0,1.0,13.75,14.5,18.0,10.739190373994866,11.858077466655136,13.6795612185834,176.42225067531197,0.380525842418644,ridge_core,core_network,full_network,True,constrained,aggregate_all_days,corridor_held_out,corridor,3,-180.64857756030804,180.64857756030804,-158.51535200069176,158.51535200069176,-259.226326884996,259.226326884996,199.46341881533195,False,
110-05628::PM,110-05628,PM,VA286_SB,SOUTHBOUND,30498.0,105.0,5.0,7.0,14.0,17.25,19.5,15.19085742472845,16.70436456669928,18.4426977429158,195.1104190912411,0.4654309541295352,ridge_core,core_network,full_network,True,constrained,aggregate_all_days,corridor_held_out,corridor,3,71.45144548370695,71.45144548370695,-32.73812599804323,32.73812599804323,-63.438135425051954,63.438135425051954,55.87590230226738,False,
110-05629::AM,110-05629,AM,VA286_SB,SOUTHBOUND,35679.0,105.0,5.0,11.0,6.5,8.0,9.75,6.8899284883039575,7.710752275007203,9.17707717571718,137.22892124479336,0.3588851880161764,ridge_core,core_network,full_network,True,constrained,aggregate_all_days,corridor_held_out,corridor,3,23.395709298237453,23.395709298237453,-17.354863499567816,17.354863499567816,-34.3753694569692,34.3753694569692,25.041980751591485,False,
110-05629::MD,110-05629,MD,VA286_SB,SOUTHBOUND,35679.0,105.0,5.0,2.0,12.5,13.25,15.75,10.724628969306387,11.800508272765052,13.513772551160123,167.34861491122425,0.3857382281996426,ridge_core,core_network,full_network,True,constrained,aggregate_all_days,corridor_held_out,corridor,3,-106.52226184161675,106.52226184161675,-86.96950363409687,86.96950363409687,-134.1736469303926,134.1736469303926,109.22180413536876,False,
110-05629::PM,110-05629,PM,VA286_SB,SOUTHBOUND,35679.0,105.0,5.0,17.0,14.0,17.25,19.25,15.254057985815372,16.687538693160565,18.322194790875965,184.0882083036356,0.4672153813287617,ridge_core,core_network,full_network,True,constrained,aggregate_all_days,corridor_held_out,corridor,3,75.24347914892232,75.24347914892232,-33.74767841036608,33.74767841036608,-55.668312547442085,55.668312547442085,54.88649003557683,False,
110-05720::AM,110-05720,AM,US50_EB,EASTBOUND,26082.0,202.0,2.0,7.0,6.25,7.0,8.0,7.157157451168896,8.055715762989664,9.447527479933225,137.42220172585968,0.3923201493802059,ridge_core,core_network,full_network,True,constrained,aggregate_all_days,corridor_held_out,corridor,3,54.42944707013375,54.42944707013375,63.34294577937982,63.34294577937982,86.85164879599348,86.85164879599348,68.20801388183568,False,
110-05720::MD,110-05720,MD,US50_EB,EASTBOUND,26082.0,202.0,2.0,2.0,7.0,9.5,10.5,10.973884037576386,12.038006924253764,13.494156280554622,151.2163345786941,0.4222253725335208,ridge_core,core_network,full_network,True,constrained,aggregate_all_days,corridor_held_out,corridor,3,238.4330422545832,238.4330422545832,152.28041545522586,152.28041545522586,179.6493768332773,179.6493768332773,190.12094484769543,False,
110-05720::PM,110-05720,PM,US50_EB,EASTBOUND,26082.0,202.0,2.0,8.0,13.625,17.25,19.875,15.611475406587,17.05377647080861,18.511583628849262,174.0064933357357,0.4973266353131223,ridge_core,core_network,full_network,True,constrained,aggregate_all_days,corridor_held_out,corridor,3,119.18852439521996,119.18852439521996,-11.773411751483351,11.773411751483351,-81.80498226904426,81.80498226904426,70.92230613858253,False,
110-05721::AM,110-05721,AM,US50_EB,EASTBOUND,26657.0,202.0,2.0,12.0,6.625,8.25,11.0,7.167365817088089,8.060127010412618,9.450961950575568,137.0157680092488,0.3909453078119883,ridge_core,core_network,full_network,True,constrained,aggregate_all_days,corridor_held_out,corridor,3,32.541949025285334,32.541949025285334,-11.392379375242925,11.392379375242925,-92.94228296546592,92.94228296546592,45.62553712199806,False,
110-05721::PM,110-05721,PM,US50_EB,EASTBOUND,26657.0,202.0,2.0,9.0,13.25,16.5,19.75,15.60661302659262,17.048213522688247,18.507666516205216,174.06320937675574,0.4969231009553488,ridge_core,core_network,full_network,True,constrained,aggregate_all_days,corridor_held_out,corridor,3,141.39678159555714,141.39678159555714,32.89281136129482,32.89281136129482,-74.54000902768705,74.54000902768705,82.943200661513,False,
110-05722::AM,110-05722,AM,US50_EB,EASTBOUND,26094.0,202.0,2.0,1.0,7.25,8.25,9.5,7.153590303711989,8.047636095570828,9.442716687987009,137.34758305650104,0.3905620056631298,ridge_core,core_network,full_network,True,constrained,aggregate_all_days,corridor_held_out,corridor,3,-5.784581777280646,5.784581777280646,-12.141834265750298,12.141834265750298,-3.436998720779592,3.436998720779592,7.121138254603512,False,
110-05723::MD,110-05723,MD,US50_EB,EASTBOUND,26666.0,402.0,2.0,5.0,10.25,12.25,13.5,10.97341825480482,12.035413478405449,13.6846705277733,162.6751363781089,0.3916991547370383,ridge_core,core_network,full_network,True,constrained,aggregate_all_days,corridor_held_out,corridor,3,43.405095288289175,43.405095288289175,-12.875191295673185,12.875191295673185,11.08023166639807,11.08023166639807,22.45350608345348,False,
110-05724::AM,110-05724,AM,US50_EB,EASTBOUND,28987.0,202.0,2.0,5.0,7.25,7.5,8.75,7.104841418838884,8.095771598570842,9.588721906247642,149.03282924452546,0.398944387523942,ridge_core,core_network,full_network,True,constrained,aggregate_all_days,corridor_held_out,corridor,3,-8.709514869666961,8.709514869666961,35.74629591425051,35.74629591425051,50.32331437485851,50.32331437485851,31.593041719591994,False,
110-05724::MD,110-05724,MD,US50_EB,EASTBOUND,28987.0,202.0,2.0,1.0,7.0,13.0,13.75,10.957896263033875,12.16034457615698,13.806429330209983,170.91198403056654,0.4221289641952976,ridge_core,core_network,full_network,True,constrained,aggregate_all_days,corridor_held_out,corridor,3,237.47377578203253,237.47377578203253,-50.37932543058119,50.37932543058119,3.385759812599005,3.385759812599005,97.0796203417376,False,
110-05724::PM,110-05724,PM,US50_EB,EASTBOUND,28987.0,202.0,2.0,1.0,14.75,17.75,21.25,15.414894286676477,17.079830008517725,18.71621211422817,198.0790696531019,0.5043245784899137,ridge_core,core_network,full_network,True,constrained,aggregate_all_days,corridor_held_out,corridor,3,39.8936572005886,39.8936572005886,-40.21019948893653,40.21019948893653,-152.02727314630954,152.02727314630954,77.37704327861155,False,
110-05725::AM,110-05725,AM,US50_EB,EASTBOUND,28969.0,202.0,2.0,15.0,7.0,8.25,10.0,7.098047180481556,8.087073893705544,9.584154480578924,149.16643800584214,0.3978214106789567,ridge_core,core_network,full_network,True,constrained,aggregate_all_days,corridor_held_out,corridor,3,5.882830828893368,5.882830828893368,-9.775566377667388,9.775566377667388,-24.95073116526456,24.95073116526456,13.536376123941771,False,
110-05725::MD,110-05725,MD,US50_EB,EASTBOUND,28969.0,202.0,2.0,5.0,11.125,11.875,13.25,10.9365256994517,12.136261562976156,13.775626131024,170.34602589433803,0.4225760561982083,ridge_core,core_network,full_network,True,constrained,aggregate_all_days,corridor_held_out,corridor,3,-11.30845803289791,11.30845803289791,15.67569377856934,15.67569377856934,31.53756786144008,31.53756786144008,19.50723989096911,False,
110-05725::PM,110-05725,PM,US50_EB,EASTBOUND,28969.0,202.0,2.0,13.0,15.25,17.0,19.25,15.438088395341005,17.080513304294584,18.69121161020584,195.1873928918898,0.504876329752491,ridge_core,core_network,full_network,True,constrained,aggregate_all_days,corridor_held_out,corridor,3,11.285303720460291,11.285303720460291,4.830798257675042,4.830798257675042,-33.527303387649994,33.527303387649994,16.54780178859511,False,
110-05726::AM,110-05726,AM,US50_EB,EASTBOUND,28960.0,402.0,2.0,16.0,6.625,8.0,10.75,7.224418674391709,8.19345124202984,9.847630433837796,157.39270556676516,0.3694069165970612,ridge_core,core_network,full_network,True,constrained,aggregate_all_days,corridor_held_out,corridor,3,35.96512046350252,35.96512046350252,11.60707452179036,11.60707452179036,-54.14217396973232,54.14217396973232,33.90478965167507,False,
110-05726::MD,110-05726,MD,US50_EB,EASTBOUND,28960.0,402.0,2.0,5.0,7.25,9.25,12.5,11.021786813831463,12.21255564585907,14.04218991766529,181.2241862300296,0.3942416926125359,ridge_core,core_network,full_network,True,constrained,aggregate_all_days,corridor_held_out,corridor,3,226.30720882988788,226.30720882988788,177.75333875154416,177.75333875154416,92.5313950599174,92.5313950599174,165.53064754711647,False,
110-05726::PM,110-05726,PM,US50_EB,EASTBOUND,28960.0,402.0,2.0,19.0,14.0,17.5,19.25,15.519204805715525,17.162164356108903,18.97480496538853,207.3360095803804,0.4754483952069402,ridge_core,core_network,full_network,True,constrained,aggregate_all_days,corridor_held_out,corridor,3,91.15228834293148,91.15228834293148,-20.27013863346582,20.27013863346582,-16.511702076688053,16.511702076688053,42.644709684361786,False,
110-05728::AM,110-05728,AM,US50_EB,EASTBOUND,34076.0,202.0,2.0,8.0,6.25,7.75,10.75,7.258171185865216,8.169278348529435,9.596828919200416,140.31946400011205,0.3895855086776095,ridge_core,core_network,full_network,True,constrained,aggregate_all_days,corridor_held_out,corridor,3,60.490271151912935,60.490271151912935,25.15670091176609,25.15670091176609,-69.19026484797506,69.19026484797506,51.612412303884696,False,
110-05728::MD,110-05728,MD,US50_EB,EASTBOUND,34076.0,202.0,2.0,3.0,7.0,10.5,11.75,11.042304920939417,12.18104772613766,13.75168727869242,162.56294146518033,0.4202960877558262,ridge_core,core_network,full_network,True,constrained,aggregate_all_days,corridor_held_out,corridor,3,242.5382952563649,242.5382952563649,100.86286356825958,100.86286356825958,120.10123672154523,120.10123672154523,154.5007985153899,False,
110-05728::PM,110-05728,PM,US50_EB,EASTBOUND,34076.0,202.0,2.0,7.0,12.75,16.75,19.5,15.581496884996602,17.130119174917862,18.67629724589486,185.6880216538956,0.5003948912141704,ridge_core,core_network,full_network,True,constrained,aggregate_all_days,corridor_held_out,corridor,3,169.8898130997961,169.8898130997961,22.807150495071724,22.807150495071724,-49.422165246308296,49.422165246308296,80.70637628039204,False,
110-05731::PM,110-05731,PM,US50_EB,EASTBOUND,29871.0,102.0,2.0,1.0,18.0,18.5,20.0,16.14637092664708,17.134780137458623,18.536912992014027,143.43252392201666,0.4134665627228033,ridge_core,core_network,full_network,True,constrained,aggregate_all_days,corridor_held_out,corridor,3,-111.2177444011752,111.2177444011752,-81.9131917524826,81.9131917524826,-87.78522047915835,87.78522047915835,93.63871887760536,False,
110-05732::AM,110-05732,AM,US50_EB,EASTBOUND,29866.0,202.0,2.0,4.0,6.625,7.875,10.875,7.060184147028068,8.059197260608961,9.56308934905865,150.17431212183487,0.3991414108574322,ridge_core,core_network,full_network,True,constrained,aggregate_all_days,corridor_held_out,corridor,3,26.111048821684104,26.111048821684104,11.051835636537676,11.051835636537676,-78.71463905648099,78.71463905648099,38.62584117156759,False,
110-05732::MD,110-05732,MD,US50_EB,EASTBOUND,29866.0,202.0,2.0,3.0,7.25,9.0,12.25,10.97427908222919,12.200233712201433,13.947002806594174,178.363423461899,0.4124011323097717,ridge_core,core_network,full_network,True,constrained,aggregate_all_days,corridor_held_out,corridor,3,223.4567449337514,223.4567449337514,192.01402273208583,192.01402273208583,101.82016839565044,101.82016839565044,172.43031202049588,False,
110-05732::PM,110-05732,PM,US50_EB,EASTBOUND,29866.0,202.0,2.0,7.0,12.75,16.5,19.5,15.423901974740538,17.077775626830825,18.70236185481597,196.707592804526,0.5044666436644735,ridge_core,core_network,full_network,True,constrained,aggregate_all_days,corridor_held_out,corridor,3,160.43411848443228,160.43411848443228,34.66653760984947,34.66653760984947,-47.85828871104165,47.85828871104165,80.98631493510781,False,
110-05733::AM,110-05733,AM,US50_EB,EASTBOUND,34633.0,202.0,2.0,3.0,7.0,7.75,9.25,7.072874690281097,8.063730872795142,9.569135015614282,149.77561951999118,0.3969362379629986,ridge_core,core_network,full_network,True,constrained,aggregate_all_days,corridor_held_out,corridor,3,4.37248141686581,4.37248141686581,18.823852367708547,18.823852367708547,19.14810093685695,19.14810093685695,14.114811573810435,False,
110-05733::MD,110-05733,MD,US50_EB,EASTBOUND,34633.0,202.0,2.0,2.0,12.125,13.25,14.0,10.932804742411813,12.14673734407006,13.849484257846536,175.0007709260835,0.4162036299272028,ridge_core,core_network,full_network,True,constrained,aggregate_all_days,corridor_held_out,corridor,3,-71.53171545529133,71.53171545529133,-66.19575935579644,66.19575935579644,-9.030944529207758,9.030944529207758,48.91947311343184,False,
110-05733::PM,110-05733,PM,US50_EB,EASTBOUND,34633.0,202.0,2.0,10.0,15.25,16.75,18.25,15.41094993331128,17.05876371330703,18.68311145465436,196.32969128058505,0.5035857090940282,ridge_core,core_network,full_network,True,constrained,aggregate_all_days,corridor_held_out,corridor,3,9.656995998676765,9.656995998676765,18.52582279842181,18.52582279842181,25.986687279261744,25.986687279261744,18.05650202545344,False,
110-05734::AM,110-05734,AM,US50_EB,EASTBOUND,29863.0,202.0,2.0,2.0,6.375,8.5,10.75,7.093624587133469,8.087637459788589,9.582494758181753,149.33221026289698,0.3993831756344499,ridge_core,core_network,full_network,True,constrained,aggregate_all_days,corridor_held_out,corridor,3,43.11747522800815,43.11747522800815,-24.74175241268469,24.74175241268469,-70.05031450909485,70.05031450909485,45.96984738326256,False,
110-05741::AM,110-05741,AM,US50_EB,EASTBOUND,29812.0,202.0,2.0,3.0,6.75,8.25,10.75,6.7373356438475644,7.86901521768117,9.636805393147828,173.96818495801577,0.3903057012775239,ridge_core,core_network,full_network,True,constrained,aggregate_all_days,corridor_held_out,corridor,3,-0.7598613691461331,0.7598613691461331,-22.8590869391298,22.8590869391298,-66.79167641113033,66.79167641113033,30.13687490646875,False,
110-05741::MD,110-05741,MD,US50_EB,EASTBOUND,29812.0,202.0,2.0,1.0,11.5,12.25,14.0,10.402729823059072,11.855049102513105,13.825567010607893,205.37023125292924,0.4243027640160923,ridge_core,core_network,full_network,True,constrained,aggregate_all_days,corridor_held_out,corridor,3,-65.83621061645566,65.83621061645566,-23.69705384921371,23.69705384921371,-10.465979363526436,10.465979363526436,33.333081276398595,False,
110-05741::PM,110-05741,PM,US50_EB,EASTBOUND,29812.0,202.0,2.0,2.0,12.875,17.375,19.375,14.848967586682535,16.799988888004915,18.7186868022514,232.1831529341316,0.5041764512197486,ridge_core,core_network,full_network,True,constrained,aggregate_all_days,corridor_held_out,corridor,3,118.43805520095223,118.43805520095223,-34.50066671970511,34.50066671970511,-39.37879186491614,39.37879186491614,64.1058379285245,False,
110-05742::AM,110-05742,AM,US50_EB,EASTBOUND,30795.0,202.0,2.0,1.0,7.25,7.5,8.5,6.618514591180278,7.80366010686186,9.59536482253356,178.6110138811969,0.3981206387876668,ridge_core,core_network,full_network,True,constrained,aggregate_all_days,corridor_held_out,corridor,3,-37.889124529183306,37.889124529183306,18.21960641171163,18.21960641171163,65.72188935201356,65.72188935201356,40.61020676430283,False,
110-05743::AM,110-05743,AM,US50_EB,EASTBOUND,32897.0,202.0,2.0,4.0,7.375,8.125,10.125,6.66293236832216,7.82612307017421,9.609964006514472,176.82189829153876,0.3946990886618179,ridge_core,core_network,full_network,True,constrained,aggregate_all_days,corridor_held_out,corridor,3,-42.7240579006704,42.7240579006704,-17.932615789547377,17.932615789547377,-30.902159609131665,30.902159609131665,30.51961109978315,False,
110-05743::PM,110-05743,PM,US50_EB,EASTBOUND,32897.0,202.0,2.0,16.0,14.625,16.5,18.75,14.79472072953133,16.789283719390603,18.734760419709104,236.4023814106665,0.5062291618106207,ridge_core,core_network,full_network,True,constrained,aggregate_all_days,corridor_held_out,corridor,3,10.183243771879766,10.183243771879766,17.357023163436196,17.357023163436196,-0.9143748174537336,0.9143748174537336,9.484880584256564,False,
110-05744::AM,110-05744,AM,US50_EB,EASTBOUND,30788.0,402.0,2.0,2.0,7.625,8.125,9.375,6.712543701910979,7.8766623275378045,9.890370366185335,190.66959985646136,0.3663254005367995,ridge_core,core_network,full_network,True,constrained,aggregate_all_days,corridor_held_out,corridor,3,-54.74737788534125,54.74737788534125,-14.90026034773173,14.90026034773173,30.92222197112012,30.92222197112012,33.52328673473102,False,
110-05744::MD,110-05744,MD,US50_EB,EASTBOUND,30788.0,402.0,2.0,4.0,13.125,13.75,18.25,10.46354180765164,11.9993957106958,14.386160965066166,235.3571494448716,0.3915378581020526,ridge_core,core_network,full_network,True,constrained,aggregate_all_days,corridor_held_out,corridor,3,-159.68749154090165,159.68749154090165,-105.03625735825196,105.03625735825196,-231.83034209603005,231.83034209603005,165.51803033172789,False,
110-05744::PM,110-05744,PM,US50_EB,EASTBOUND,30788.0,402.0,2.0,11.0,14.25,15.5,19.25,14.80828659789807,16.86293229714735,19.130691482185544,259.3442930572484,0.4753478108259119,ridge_core,core_network,full_network,True,constrained,aggregate_all_days,corridor_held_out,corridor,3,33.49719587388417,33.49719587388417,81.77593782884095,81.77593782884095,-7.158511068867384,7.158511068867384,40.8105482571975,False,
110-05745::AM,110-05745,AM,US50_EB,EASTBOUND,30830.0,402.0,2.0,5.0,7.25,7.75,8.5,6.698444799700303,7.866193650061122,9.890330036026448,191.5131141795688,0.3658492595757912,ridge_core,core_network,full_network,True,constrained,aggregate_all_days,corridor_held_out,corridor,3,-33.09331201798184,33.09331201798184,6.971619003667335,6.971619003667335,83.41980216158689,83.41980216158689,41.16157772774535,False,
110-05745::MD,110-05745,MD,US50_EB,EASTBOUND,30830.0,402.0,2.0,5.0,14.25,14.75,18.75,10.455799989898848,12.020144679005014,14.469683181942962,240.8329915226468,0.3897334860682647,ridge_core,core_network,full_network,True,constrained,aggregate_all_days,corridor_held_out,corridor,3,-227.65200060606912,227.65200060606912,-163.79131925969915,163.79131925969915,-256.8190090834223,256.8190090834223,216.0874429830635,False,
110-05745::PM,110-05745,PM,US50_EB,EASTBOUND,30830.0,402.0,2.0,16.0,14.25,15.75,19.0,14.771436879816283,16.85816829593072,19.16351429047928,263.5246446397794,0.4751126223432029,ridge_core,core_network,full_network,True,constrained,aggregate_all_days,corridor_held_out,corridor,3,31.286212788977004,31.286212788977004,66.49009775584325,66.49009775584325,9.81085742875642,9.81085742875642,35.86238932452556,False,
110-05746::MD,110-05746,MD,US50_EB,EASTBOUND,30829.0,302.0,2.0,1.0,9.5,9.75,13.5,10.573061501147032,11.83317699622511,13.784991171293235,192.71578020877223,0.3923235015979405,ridge_core,core_network,full_network,True,constrained,aggregate_all_days,corridor_held_out,corridor,3,64.38369006882195,64.38369006882195,124.99061977350657,124.99061977350657,17.09947027759423,17.09947027759423,68.82459337330758,False,
110-05746::PM,110-05746,PM,US50_EB,EASTBOUND,30829.0,302.0,2.0,1.0,14.25,15.25,19.0,15.024806570192755,16.70473869706055,18.558495324240024,212.02132524283616,0.4754046674155168,ridge_core,core_network,full_network,True,constrained,aggregate_all_days,corridor_held_out,corridor,3,46.48839421156531,46.48839421156531,87.28432182363292,87.28432182363292,-26.49028054559857,26.49028054559857,53.420998860265605,False,
110-05748::AM,110-05748,AM,US50_EB,EASTBOUND,35510.0,302.0,2.0,7.0,7.0,8.0,9.5,6.749464472784193,7.753460139654692,9.39933147161296,158.9920199297259,0.3788853053056106,ridge_core,core_network,full_network,True,constrained,aggregate_all_days,corridor_held_out,corridor,3,-15.032131632948431,15.032131632948431,-14.79239162071849,14.79239162071849,-6.040111703222486,6.040111703222486,11.954878318963134,False,
110-05748::MD,110-05748,MD,US50_EB,EASTBOUND,35510.0,302.0,2.0,3.0,10.25,13.5,18.25,10.659674680816112,11.981585710090142,13.988453507050464,199.72672957406107,0.3971159089501387,ridge_core,core_network,full_network,True,constrained,aggregate_all_days,corridor_held_out,corridor,3,24.580480848966708,24.580480848966708,-91.10485739459148,91.10485739459148,-255.6927895769722,255.6927895769722,123.79270927351013,False,
110-05748::PM,110-05748,PM,US50_EB,EASTBOUND,35510.0,302.0,2.0,1.0,11.5,17.25,19.5,15.09111971478834,16.777242497799303,18.57829932307116,209.2307764969688,0.4835204871598965,ridge_core,core_network,full_network,True,constrained,aggregate_all_days,corridor_held_out,corridor,3,215.4671828873004,215.4671828873004,-28.3654501320418,28.3654501320418,-55.3020406157308,55.3020406157308,99.71155787835764,False,
110-05749::AM,110-05749,AM,US50_EB,EASTBOUND,35838.0,402.0,2.0,8.0,7.25,8.0,9.0,7.13021309277902,8.060063117836279,9.975657518385464,170.72666553638663,0.3267855160654145,ridge_core,core_network,full_network,True,constrained,aggregate_all_days,corridor_held_out,corridor,3,-7.187214433258777,7.187214433258777,3.603787070176736,3.603787070176736,58.53945110312786,58.53945110312786,23.110150868854458,False,
110-05752::AM,110-05752,AM,US50_EB,EASTBOUND,36138.0,603.0,3.0,21.0,6.0,7.75,10.25,6.953984274943186,7.736422871267616,9.283083032770929,139.7459254696645,0.3359404978834732,ridge_core,core_network,full_network,True,constrained,aggregate_all_days,corridor_held_out,corridor,3,57.23905649659115,57.23905649659115,-0.8146277239430155,0.8146277239430155,-58.01501803374428,58.01501803374428,38.689567418092814,False,
110-05752::MD,110-05752,MD,US50_EB,EASTBOUND,36138.0,603.0,3.0,3.0,12.0,12.25,13.75,10.97219830032556,11.889394932557238,13.69821208152021,163.56082687167913,0.3364607466620091,ridge_core,core_network,full_network,True,constrained,aggregate_all_days,corridor_held_out,corridor,3,-61.66810198046648,61.66810198046648,-21.636304046565726,21.636304046565726,-3.1072751087873485,3.1072751087873485,28.80389371193985,False,
110-05752::PM,110-05752,PM,US50_EB,EASTBOUND,36138.0,603.0,3.0,8.0,14.375,15.875,17.75,15.419738633442504,16.748539047755155,18.471049084963912,183.07862709128457,0.4354851580736733,ridge_core,core_network,full_network,True,constrained,aggregate_all_days,corridor_held_out,corridor,3,62.68431800655016,62.68431800655016,52.41234286530933,52.41234286530933,43.26294509783473,43.26294509783473,52.7865353232314,False,
110-06630::AM,110-06630,AM,US50_EB,EASTBOUND,25995.0,105.0,5.0,2.0,7.75,8.375,9.375,7.270539411109985,7.923905683064467,9.098111534793718,109.65432742102398,0.3575050546500616,ridge_core,core_network,full_network,True,constrained,aggregate_all_days,corridor_held_out,corridor,3,-28.767635333400925,28.767635333400925,-27.065659016131995,27.065659016131995,-16.613307912376918,16.613307912376918,24.148867420636616,False,
110-06630::PM,110-06630,PM,US50_EB,EASTBOUND,25995.0,105.0,5.0,2.0,16.75,17.875,19.25,15.810940440615296,16.9030193563338,18.16946431228653,141.51143230027424,0.4630349214759751,ridge_core,core_network,full_network,True,constrained,aggregate_all_days,corridor_held_out,corridor,3,-56.34357356308225,56.34357356308225,-58.318838619971984,58.318838619971984,-64.83214126280807,64.83214126280807,59.83151781528744,False,
110-10080::AM,110-10080,AM,VA611_SB,SOUTHBOUND,29269.0,503.0,3.0,12.0,7.375,7.75,9.0,6.640382365132933,7.637459839264212,9.460984803828255,169.2361463217193,0.3534980543349739,ridge_core,core_network,full_network,True,constrained,aggregate_all_days,corridor_held_out,corridor,3,-44.077058092024046,44.077058092024046,-6.752409644147299,6.752409644147299,27.65908822969532,27.65908822969532,26.162851988622226,False,
110-10080::MD,110-10080,MD,VA611_SB,SOUTHBOUND,29269.0,503.0,3.0,5.0,12.0,13.25,18.25,10.546500795718147,11.72439377324019,13.829137028410402,196.95817396153527,0.35882531417622,ridge_core,core_network,full_network,True,constrained,aggregate_all_days,corridor_held_out,corridor,3,-87.20995225691115,87.20995225691115,-91.53637360558864,91.53637360558864,-265.25177829537586,265.25177829537586,147.9993680526252,False,
110-10080::PM,110-10080,PM,VA611_SB,SOUTHBOUND,29269.0,503.0,3.0,10.0,13.125,15.25,19.75,14.937827242646597,16.60960196715069,18.679148799818908,224.47929343033883,0.4468406949141312,ridge_core,core_network,full_network,True,constrained,aggregate_all_days,corridor_held_out,corridor,3,108.76963455879569,108.76963455879569,81.5761180290415,81.5761180290415,-64.25107201086554,64.25107201086554,84.86560819956757,False,
110-10081::MD,110-10081,MD,VA611_SB,SOUTHBOUND,34807.0,303.0,3.0,1.0,11.0,13.0,18.5,10.509299752025983,11.768876536392604,14.08915359471989,214.7912305616344,0.3518514553149365,ridge_core,core_network,full_network,True,constrained,aggregate_all_days,corridor_held_out,corridor,3,-29.4420148784409,29.4420148784409,-73.86740781644377,73.86740781644377,-264.6507843168065,264.6507843168065,122.65340233723042,False,
110-10082::AM,110-10082,AM,VA611_SB,SOUTHBOUND,32220.0,403.0,3.0,9.0,7.0,8.5,10.0,6.692534213766782,7.71343512654524,9.804246239943708,186.70272157061547,0.3280833522479731,ridge_core,core_network,full_network,True,constrained,aggregate_all_days,corridor_held_out,corridor,3,-18.447947173993064,18.447947173993064,-47.19389240728562,47.19389240728562,-11.745225603377598,11.745225603377598,25.795688394885428,False,
110-10082::MD,110-10082,MD,VA611_SB,SOUTHBOUND,32220.0,403.0,3.0,5.0,10.125,11.25,13.125,10.429308562265213,11.669945842159722,13.960968996195106,211.8996260357937,0.3512900809985228,ridge_core,core_network,full_network,True,constrained,aggregate_all_days,corridor_held_out,corridor,3,18.258513735912665,18.258513735912665,25.196750529583305,25.196750529583305,50.15813977170637,50.15813977170637,31.20446801240078,False,
110-10082::PM,110-10082,PM,VA611_SB,SOUTHBOUND,32220.0,403.0,3.0,7.0,14.0,17.25,20.25,14.893405476874742,16.63319377892829,18.997522861527784,246.24704307918245,0.4239128998988485,ridge_core,core_network,full_network,True,constrained,aggregate_all_days,corridor_held_out,corridor,3,53.60432861248452,53.60432861248452,-37.00837326430253,37.00837326430253,-75.14862830833295,75.14862830833295,55.25377672837333,False,
110-10083::AM,110-10083,AM,VA611_SB,SOUTHBOUND,29184.0,203.0,3.0,8.0,7.0,8.125,9.375,6.815787569440835,7.846105296774736,9.802027466914218,179.174393848403,0.3450217540143505,ridge_core,core_network,full_network,True,constrained,aggregate_all_days,corridor_held_out,corridor,3,-11.052745833549888,11.052745833549888,-16.73368219351584,16.73368219351584,25.621648014853093,25.621648014853093,17.80269201397294,False,
110-10083::PM,110-10083,PM,VA611_SB,SOUTHBOUND,29184.0,203.0,3.0,17.0,14.25,17.5,20.0,14.800745935690186,16.683956979729132,18.85643087897644,243.3410965971748,0.4643385939424118,ridge_core,core_network,full_network,True,constrained,aggregate_all_days,corridor_held_out,corridor,3,33.04475614141115,33.04475614141115,-48.96258121625209,48.96258121625209,-68.61414726141405,68.61414726141405,50.20716153969243,False,
110-10092::AM,110-10092,AM,VA611_SB,SOUTHBOUND,,,,4.0,6.625,7.0,8.75,7.03088052501688,8.005258454632454,9.935599381781984,174.28313140590612,0.3354465535782381,ridge_core,core_network,full_network,True,constrained,aggregate_all_days,corridor_held_out,corridor,3,24.352831501012822,24.352831501012822,60.31550727794723,60.31550727794723,71.13596290691902,71.13596290691902,51.93476722862636,False,
110-10092::MD,110-10092,MD,VA611_SB,SOUTHBOUND,,,,1.0,8.75,9.0,10.25,10.571416675797472,11.78898172998527,13.781976680408413,192.63360027665635,0.3792375948243158,ridge_core,core_network,full_network,True,constrained,aggregate_all_days,corridor_held_out,corridor,3,109.28500054784834,109.28500054784834,167.33890379911622,167.33890379911622,211.91860082450475,211.91860082450475,162.84750172382311,False,
110-10092::PM,110-10092,PM,VA611_SB,SOUTHBOUND,,,,1.0,16.25,16.5,17.25,15.197264427744066,16.87629496218431,18.947029051244016,224.98587740999704,0.4477695810338818,ridge_core,core_network,full_network,True,constrained,aggregate_all_days,corridor_held_out,corridor,3,-63.16413433535601,63.16413433535601,22.577697731058635,22.577697731058635,101.82174307464096,101.82174307464096,62.5211917136852,False,
110-10093::AM,110-10093,AM,VA611_SB,SOUTHBOUND,35016.0,404.0,4.0,1.0,7.5,8.0,10.25,6.461488007238506,7.558023904052795,9.716735588062695,195.3148548494514,0.3368517661371424,ridge_core,core_network,full_network,True,constrained,aggregate_all_days,corridor_held_out,corridor,3,-62.310719565689645,62.310719565689645,-26.51856575683232,26.51856575683232,-31.995864716238174,31.995864716238174,40.27505001292004,False,
110-10093::MD,110-10093,MD,VA611_SB,SOUTHBOUND,35016.0,404.0,4.0,2.0,8.125,9.5,10.375,10.109114492495804,11.478148241136472,13.678426341462073,214.15871093797617,0.3835567769280688,ridge_core,core_network,full_network,True,constrained,aggregate_all_days,corridor_held_out,corridor,3,119.04686954974824,119.04686954974824,118.6888944681883,118.6888944681883,198.2055804877244,198.2055804877244,145.31378150188698,False,
110-10093::PM,110-10093,PM,VA611_SB,SOUTHBOUND,35016.0,404.0,4.0,1.0,14.75,15.0,16.0,14.667537962394292,16.554953970628045,18.831944585767094,249.86439740236816,0.4532256762921753,ridge_core,core_network,full_network,True,constrained,aggregate_all_days,corridor_held_out,corridor,3,-4.947722256342502,4.947722256342502,93.29723823768268,93.29723823768268,169.91667514602565,169.91667514602565,89.38721188001693,False,
110-10094::AM,110-10094,AM,VA611_SB,SOUTHBOUND,,,,2.0,3.875,7.125,8.875,7.03088052501688,8.005258454632454,9.935599381781984,174.28313140590612,0.3354465535782381,ridge_core,core_network,full_network,True,constrained,aggregate_all_days,corridor_held_out,corridor,3,189.3528315010128,189.3528315010128,52.81550727794723,52.81550727794723,63.63596290691902,63.63596290691902,101.93476722862636,False,
110-10094::PM,110-10094,PM,VA611_SB,SOUTHBOUND,,,,1.0,14.0,17.75,19.25,15.197264427744066,16.87629496218431,18.947029051244016,224.98587740999704,0.4477695810338818,ridge_core,core_network,full_network,True,constrained,aggregate_all_days,corridor_held_out,corridor,3,71.83586566464399,71.83586566464399,-52.422302268941365,52.422302268941365,-18.17825692535905,18.17825692535905,47.4788082863148,False,
110-10095::AM,110-10095,AM,VA611_SB,SOUTHBOUND,29318.0,404.0,4.0,13.0,5.0,7.0,9.75,6.474059647616909,7.575455440420569,9.751371442789914,196.63870771038023,0.3360668320987502,ridge_core,core_network,full_network,True,constrained,aggregate_all_days,corridor_held_out,corridor,3,88.44357885701454,88.44357885701454,34.52732642523415,34.52732642523415,0.0822865673948314,0.0822865673948314,41.01773061654784,False,
110-10095::MD,110-10095,MD,VA611_SB,SOUTHBOUND,29318.0,404.0,4.0,4.0,10.75,12.0,13.0,9.998630039608424,11.371246306883588,13.630698167855352,217.92408769481565,0.3779158922158428,ridge_core,core_network,full_network,True,constrained,aggregate_all_days,corridor_held_out,corridor,3,-45.08219762349448,45.08219762349448,-37.72522158698472,37.72522158698472,37.841890071321096,37.841890071321096,40.21643642726677,False,
110-10095::PM,110-10095,PM,VA611_SB,SOUTHBOUND,29318.0,404.0,4.0,12.0,14.25,16.75,20.75,14.54441266373283,16.43447777355905,18.80851442412421,255.846105623483,0.4432504700949582,ridge_core,core_network,full_network,True,constrained,aggregate_all_days,corridor_held_out,corridor,3,17.664759823969796,17.664759823969796,-18.931333586457058,18.931333586457058,-116.48913455254728,116.48913455254728,51.02840932099138,False,
110-10096::AM,110-10096,AM,VA611_SB,SOUTHBOUND,34989.0,303.0,3.0,2.0,6.0,7.0,7.875,6.960392772622105,7.895163858288139,9.926594302783933,177.97209180970972,0.3151407873540663,ridge_core,core_network,full_network,True,constrained,aggregate_all_days,corridor_held_out,corridor,3,57.62356635732628,57.62356635732628,53.70983149728836,53.70983149728836,123.09565816703596,123.09565816703596,78.14301867388353,False,
110-10096::MD,110-10096,MD,VA611_SB,SOUTHBOUND,34989.0,303.0,3.0,5.0,9.5,11.75,12.75,10.60814431385599,11.778989158048894,13.968982931221872,201.65031704195312,0.3483787761015954,ridge_core,core_network,full_network,True,constrained,aggregate_all_days,corridor_held_out,corridor,3,66.48865883135937,66.48865883135937,1.7393494829336476,1.7393494829336476,73.1389758733124,73.1389758733124,47.12232806253514,False,
110-10096::PM,110-10096,PM,VA611_SB,SOUTHBOUND,34989.0,303.0,3.0,17.0,14.25,16.5,18.75,15.121438616700177,16.770588923762176,19.032772562691623,234.6800367594868,0.4216337264559425,ridge_core,core_network,full_network,True,constrained,aggregate_all_days,corridor_held_out,corridor,3,52.2863170020106,52.2863170020106,16.235335425730568,16.235335425730568,16.96635376149736,16.96635376149736,28.496002063079512,False,
110-11476::MD,110-11476,MD,VA643_SB,SOUTHBOUND,,,,3.0,9.5,10.5,11.25,10.571416675797472,11.78898172998527,13.781976680408413,192.63360027665635,0.3792375948243158,ridge_core,core_network,full_network,True,constrained,aggregate_all_days,corridor_held_out,corridor,3,64.28500054784834,64.28500054784834,77.33890379911621,77.33890379911621,151.91860082450475,151.91860082450475,97.8475017238231,False,
110-11477::AM,110-11477,AM,VA643_SB,SOUTHBOUND,,,,12.0,6.5,7.5,9.75,7.03088052501688,8.005258454632454,9.935599381781984,174.28313140590612,0.3354465535782381,ridge_core,core_network,full_network,True,constrained,aggregate_all_days,corridor_held_out,corridor,3,31.852831501012822,31.852831501012822,30.31550727794724,30.31550727794724,11.13596290691902,11.13596290691902,24.43476722862636,False,
110-11477::MD,110-11477,MD,VA643_SB,SOUTHBOUND,,,,4.0,10.875,12.375,14.5,10.571416675797472,11.78898172998527,13.781976680408413,192.63360027665635,0.3792375948243158,ridge_core,core_network,full_network,True,constrained,aggregate_all_days,corridor_held_out,corridor,3,-18.21499945215166,18.21499945215166,-35.16109620088379,35.16109620088379,-43.08139917549525,43.08139917549525,32.1524982761769,False,
110-11477::PM,110-11477,PM,VA643_SB,SOUTHBOUND,,,,9.0,15.0,17.0,19.5,15.197264427744066,16.87629496218431,18.947029051244016,224.98587740999704,0.4477695810338818,ridge_core,core_network,full_network,True,constrained,aggregate_all_days,corridor_held_out,corridor,3,11.83586566464399,11.83586566464399,-7.422302268941365,7.422302268941365,-33.17825692535905,33.17825692535905,17.478808286314802,False,
110-11478::AM,110-11478,AM,VA643_SB,SOUTHBOUND,,,,8.0,6.25,7.375,8.25,7.03088052501688,8.005258454632454,9.935599381781984,174.28313140590612,0.3354465535782381,ridge_core,core_network,full_network,True,constrained,aggregate_all_days,corridor_held_out,corridor,3,46.85283150101283,46.85283150101283,37.81550727794723,37.81550727794723,101.13596290691902,101.13596290691902,61.93476722862636,False,
110-11478::MD,110-11478,MD,VA643_SB,SOUTHBOUND,,,,12.0,11.625,13.25,15.375,10.571416675797472,11.78898172998527,13.781976680408413,192.63360027665635,0.3792375948243158,ridge_core,core_network,full_network,True,constrained,aggregate_all_days,corridor_held_out,corridor,3,-63.21499945215166,63.21499945215166,-87.66109620088379,87.66109620088379,-95.58139917549524,95.58139917549524,82.1524982761769,False,
110-11478::PM,110-11478,PM,VA643_SB,SOUTHBOUND,,,,6.0,15.25,17.375,18.5,15.197264427744066,16.87629496218431,18.947029051244016,224.98587740999704,0.4477695810338818,ridge_core,core_network,full_network,True,constrained,aggregate_all_days,corridor_held_out,corridor,3,-3.1641343353560103,3.1641343353560103,-29.922302268941365,29.922302268941365,26.82174307464095,26.82174307464095,19.96939322631277,False,
110-13277::PM,110-13277,PM,VA659_SB,SOUTHBOUND,37755.0,403.0,3.0,1.0,16.25,16.5,18.25,15.45382245971808,16.79731412921588,19.09920855431358,218.7231656757301,0.3685457821572334,ridge_core,core_network,full_network,True,constrained,aggregate_all_days,corridor_held_out,corridor,3,-47.77065241691524,47.77065241691524,17.838847752952844,17.838847752952844,50.95251325881485,50.95251325881485,38.85400447622765,False,
110-13280::AM,110-13280,AM,VA659_SB,SOUTHBOUND,37755.0,403.0,3.0,8.0,6.625,7.375,9.375,7.151800416133348,7.885386489227218,9.813768079924198,159.71805982745104,0.275580384792949,ridge_core,core_network,full_network,True,constrained,aggregate_all_days,corridor_held_out,corridor,3,31.60802496800088,31.60802496800088,30.62318935363309,30.62318935363309,26.326084795451905,26.326084795451905,29.519099705695293,False,
110-13280::MD,110-13280,MD,VA659_SB,SOUTHBOUND,37755.0,403.0,3.0,3.0,10.25,12.25,15.25,10.97290581097288,11.900607233152323,14.134487974403836,189.69492980585736,0.2934294837913366,ridge_core,core_network,full_network,True,constrained,aggregate_all_days,corridor_held_out,corridor,3,43.374348658372845,43.374348658372845,-20.96356601086061,20.96356601086061,-66.93072153576985,66.93072153576985,43.75621206833444,False,
110-13280::PM,110-13280,PM,VA659_SB,SOUTHBOUND,37755.0,403.0,3.0,3.0,14.25,15.75,19.5,15.45382245971808,16.79731412921588,19.09920855431358,218.7231656757301,0.3685457821572334,ridge_core,core_network,full_network,True,constrained,aggregate_all_days,corridor_held_out,corridor,3,72.22934758308476,72.22934758308476,62.83884775295285,62.83884775295285,-24.04748674118516,24.04748674118516,53.03856069240758,False,
110-13287::AM,110-13287,AM,VA659_SB,SOUTHBOUND,37755.0,403.0,3.0,4.0,7.375,7.75,10.625,7.151800416133348,7.885386489227218,9.813768079924198,159.71805982745104,0.275580384792949,ridge_core,core_network,full_network,True,constrained,aggregate_all_days,corridor_held_out,corridor,3,-13.391975031999124,13.391975031999124,8.123189353633098,8.123189353633098,-48.673915204548095,48.673915204548095,23.39635986339344,False,
110-13287::MD,110-13287,MD,VA659_SB,SOUTHBOUND,37755.0,403.0,3.0,3.0,10.0,13.25,14.0,10.97290581097288,11.900607233152323,14.134487974403836,189.69492980585736,0.2934294837913366,ridge_core,core_network,full_network,True,constrained,aggregate_all_days,corridor_held_out,corridor,3,58.374348658372845,58.374348658372845,-80.9635660108606,80.9635660108606,8.069278464230152,8.069278464230152,49.13573104448786,False,
110-13287::PM,110-13287,PM,VA659_SB,SOUTHBOUND,37755.0,403.0,3.0,1.0,13.5,15.75,19.75,15.45382245971808,16.79731412921588,19.09920855431358,218.7231656757301,0.3685457821572334,ridge_core,core_network,full_network,True,constrained,aggregate_all_days,corridor_held_out,corridor,3,117.22934758308476,117.22934758308476,62.83884775295285,62.83884775295285,-39.04748674118515,39.04748674118515,73.03856069240759,False,
110-16036::AM,110-16036,AM,US50_EB,EASTBOUND,36558.0,603.0,3.0,8.0,6.5,7.875,9.125,6.9198888641095015,7.701182276156411,9.268085886356012,140.89182133479062,0.3327205531073577,ridge_core,core_network,full_network,True,constrained,aggregate_all_days,corridor_held_out,corridor,3,25.193331846570093,25.193331846570093,-10.42906343061535,10.42906343061535,8.58515318136071,8.58515318136071,14.735849486182053,False,
110-16036::MD,110-16036,MD,US50_EB,EASTBOUND,36558.0,603.0,3.0,5.0,10.5,10.75,11.75,10.981535583636925,11.89094537544102,13.74628070609613,165.88470734755228,0.3289307880196886,ridge_core,core_network,full_network,True,constrained,aggregate_all_days,corridor_held_out,corridor,3,28.89213501821548,28.89213501821548,68.45672252646125,68.45672252646125,119.77684236576778,119.77684236576778,72.3752333034815,False,
110-16036::PM,110-16036,PM,US50_EB,EASTBOUND,36558.0,603.0,3.0,13.0,15.0,16.5,18.0,15.40075276575935,16.725946406545386,18.488176981196663,185.2454529262387,0.4292230507748128,ridge_core,core_network,full_network,True,constrained,aggregate_all_days,corridor_held_out,corridor,3,24.045165945561,24.045165945561,13.556784392723172,13.556784392723172,29.290618871799765,29.290618871799765,22.29752307002797,False,
110-18170::AM,110-18170,AM,VA286_SB,SOUTHBOUND,32349.0,302.0,2.0,1.0,7.25,7.75,9.5,6.639023051493425,7.654523571813003,9.384243918256391,164.7132520057781,0.3699157807717699,ridge_core,core_network,full_network,True,constrained,aggregate_all_days,corridor_held_out,corridor,3,-36.65861691039447,36.65861691039447,-5.728585691219799,5.728585691219799,-6.9453649046164045,6.9453649046164045,16.44418916874356,False,
110-50121::AM,110-50121,AM,VA644_WB,WESTBOUND,29454.0,404.0,4.0,7.0,6.75,7.5,10.0,6.4532587152138605,7.55426870024188,9.737412311919217,197.0492158023213,0.3352492362514795,ridge_core,core_network,full_network,True,constrained,aggregate_all_days,corridor_held_out,corridor,3,-17.80447708716837,17.80447708716837,3.256122014512801,3.256122014512801,-15.755261284847109,15.755261284847109,12.271953462176093,False,
110-50121::MD,110-50121,MD,VA644_WB,WESTBOUND,29454.0,404.0,4.0,5.0,8.5,11.75,12.625,10.024751293034702,11.38627189209731,13.694429896611307,220.1807162145964,0.371019030858893,ridge_core,core_network,full_network,True,constrained,aggregate_all_days,corridor_held_out,corridor,3,91.48507758208214,91.48507758208214,-21.82368647416137,21.82368647416137,64.16579379667844,64.16579379667844,59.158185950974,False,
110-50121::PM,110-50121,PM,VA644_WB,WESTBOUND,29454.0,404.0,4.0,11.0,14.0,16.875,20.0,14.539906840712623,16.42975667608776,18.808771183865144,256.1318605891512,0.4427055262148473,ridge_core,core_network,full_network,True,constrained,aggregate_all_days,corridor_held_out,corridor,3,32.394410442757504,32.394410442757504,-26.71459943473444,26.71459943473444,-71.47372896809138,71.47372896809138,43.52757961519444,False,
110-50124::AM,110-50124,AM,VA644_WB,WESTBOUND,29381.0,403.0,3.0,10.0,7.25,7.75,9.25,7.102180232175491,7.921122742627348,9.77241122041712,160.21385929449775,0.3066935085608973,ridge_core,core_network,full_network,True,constrained,aggregate_all_days,corridor_held_out,corridor,3,-8.86918606947054,8.86918606947054,10.26736455764091,10.26736455764091,31.344673225027258,31.344673225027258,16.82707461737957,False,
110-50124::MD,110-50124,MD,VA644_WB,WESTBOUND,29381.0,403.0,3.0,4.0,12.875,13.625,17.125,10.718272841096196,11.768076504201552,13.755571668583826,182.2379296492577,0.3456372661144193,ridge_core,core_network,full_network,True,constrained,aggregate_all_days,corridor_held_out,corridor,3,-129.40362953422823,129.40362953422823,-111.41540974790686,111.41540974790686,-202.1656998849704,202.1656998849704,147.66157972236851,False,
110-50124::PM,110-50124,PM,VA644_WB,WESTBOUND,29381.0,403.0,3.0,13.0,15.25,17.0,19.5,15.324635956473555,16.800762600592684,18.86903847802977,212.66415129337287,0.4164669884816056,ridge_core,core_network,full_network,True,constrained,aggregate_all_days,corridor_held_out,corridor,3,4.478157388413422,4.478157388413422,-11.954243964438971,11.954243964438971,-37.85769131821368,37.85769131821368,18.096697557022026,False,
110-50125::AM,110-50125,AM,VA644_WB,WESTBOUND,29366.0,203.0,3.0,19.0,7.0,8.0,9.5,6.852844838408954,7.871875022493281,9.827662828438704,178.48907940178506,0.3425521115912494,ridge_core,core_network,full_network,True,constrained,aggregate_all_days,corridor_held_out,corridor,3,-8.829309695462761,8.829309695462761,-7.687498650403128,7.687498650403128,19.659769706322265,19.659769706322265,12.058859350729383,False,
110-50125::MD,110-50125,MD,VA644_WB,WESTBOUND,29366.0,203.0,3.0,10.0,13.375,14.5,18.375,10.454224607909802,11.790709371856712,13.969125708458588,210.8940660329272,0.3802339598511727,ridge_core,core_network,full_network,True,constrained,aggregate_all_days,corridor_held_out,corridor,3,-175.24652352541185,175.24652352541185,-162.55743768859728,162.55743768859728,-264.35245749248475,264.35245749248475,200.718806235498,False,
110-50125::PM,110-50125,PM,VA644_WB,WESTBOUND,29366.0,203.0,3.0,9.0,13.75,17.75,19.25,14.846072817539088,16.703950510059165,18.86904054817909,241.3780638383999,0.4618176970125771,ridge_core,core_network,full_network,True,constrained,aggregate_all_days,corridor_held_out,corridor,3,65.7643690523453,65.7643690523453,-62.76296939645008,62.76296939645008,-22.85756710925483,22.85756710925483,50.461635186016736,False,
110-50126::MD,110-50126,MD,VA644_WB,WESTBOUND,31913.0,203.0,3.0,2.0,13.5,13.875,15.125,10.378196584497744,11.79025635541051,14.062079993948323,221.03300456703485,0.3833073998189761,ridge_core,core_network,full_network,True,constrained,aggregate_all_days,corridor_held_out,corridor,3,-187.3082049301354,187.3082049301354,-125.08461867536944,125.08461867536944,-63.7752003631006,63.7752003631006,125.38934132286848,False,
110-50127::PM,110-50127,PM,VA644_WB,WESTBOUND,34744.0,203.0,3.0,1.0,16.75,17.0,17.75,14.916494255231491,16.74118656115955,18.8901992091337,238.4222972341324,0.4591916931669014,ridge_core,core_network,full_network,True,constrained,aggregate_all_days,corridor_held_out,corridor,3,-110.0103446861104,110.0103446861104,-15.528806330426905,15.528806330426905,68.41195254802209,68.41195254802209,64.65036785485313,False,
110-50128::AM,110-50128,AM,VA644_WB,WESTBOUND,29204.0,303.0,3.0,5.0,6.75,8.0,11.0,7.0359448641948905,7.903649400504201,9.842849990415498,168.41430757323653,0.309132121425722,ridge_core,core_network,full_network,True,constrained,aggregate_all_days,corridor_held_out,corridor,3,17.15669185169343,17.15669185169343,-5.781035969747936,5.781035969747936,-69.4290005750701,69.4290005750701,30.788909465503824,False,
110-50129::AM,110-50129,AM,VA644_WB,WESTBOUND,29202.0,403.0,3.0,3.0,6.75,8.0,9.75,6.8930985629967045,7.776476598691974,9.71688700787212,169.4273066925249,0.312834354605571,ridge_core,core_network,full_network,True,constrained,aggregate_all_days,corridor_held_out,corridor,3,8.585913779802272,8.585913779802272,-13.411404078481564,13.411404078481564,-1.9867795276728728,1.9867795276728728,7.994699128652236,False,
110-50129::PM,110-50129,PM,VA644_WB,WESTBOUND,29202.0,403.0,3.0,2.0,14.375,16.75,19.25,15.132240074238092,16.732733338029377,18.95623679212996,229.4398030735121,0.4185393926471832,ridge_core,core_network,full_network,True,constrained,aggregate_all_days,corridor_held_out,corridor,3,45.43440445428555,45.43440445428555,-1.035999718237406,1.035999718237406,-17.625792472202377,17.625792472202377,21.365398881575107,False,
110-50131::AM,110-50131,AM,VA644_WB,WESTBOUND,29186.0,203.0,3.0,11.0,6.75,7.25,9.0,6.743404838188429,7.861475581851577,9.90326059380144,189.59134533678065,0.3538360071269275,ridge_core,core_network,full_network,True,constrained,aggregate_all_days,corridor_held_out,corridor,3,-0.3957097086942696,0.3957097086942696,36.68853491109463,36.68853491109463,54.19563562808637,54.19563562808637,30.42662674929176,False,
110-50131::MD,110-50131,MD,VA644_WB,WESTBOUND,29186.0,203.0,3.0,3.0,13.0,14.25,16.0,10.382437345517156,11.769356406688612,13.963078787919518,214.8384865441416,0.3873381581153038,ridge_core,core_network,full_network,True,constrained,aggregate_all_days,corridor_held_out,corridor,3,-157.05375926897057,157.05375926897057,-148.8386155986833,148.8386155986833,-122.21527272482896,122.21527272482896,142.70254919749428,False,
110-50131::PM,110-50131,PM,VA644_WB,WESTBOUND,29186.0,203.0,3.0,18.0,14.125,17.125,19.75,14.723381086330464,16.685156188376364,18.92856758292773,252.31118979583604,0.4665132220968845,ridge_core,core_network,full_network,True,constrained,aggregate_all_days,corridor_held_out,corridor,3,35.90286517982776,35.90286517982776,-26.390628697418137,26.390628697418137,-49.285945024336186,49.285945024336186,37.19314630052736,False,
110-52381::MD,110-52381,MD,VA644_WB,WESTBOUND,34744.0,203.0,3.0,6.0,11.875,12.375,14.5,10.475362374681009,11.799305224438374,13.957896028902876,208.95201925331207,0.3801665629712877,ridge_core,core_network,full_network,True,constrained,aggregate_all_days,corridor_held_out,corridor,3,-83.97825751913949,83.97825751913949,-34.54168653369756,34.54168653369756,-32.526238265827416,32.526238265827416,50.34872743955483,False,
110-52381::PM,110-52381,PM,VA644_WB,WESTBOUND,34744.0,203.0,3.0,3.0,15.0,16.75,19.25,14.916494255231491,16.74118656115955,18.8901992091337,238.4222972341324,0.4591916931669014,ridge_core,core_network,full_network,True,constrained,aggregate_all_days,corridor_held_out,corridor,3,-5.010344686110422,5.010344686110422,-0.5288063304269031,0.5288063304269031,-21.58804745197792,21.58804745197792,9.04239948950508,False,
110-52383::PM,110-52383,PM,VA644_WB,WESTBOUND,29225.0,203.0,3.0,1.0,17.75,18.5,23.75,15.014874057551298,16.789142065824485,18.91895753840496,234.2450088512198,0.4544646693582554,ridge_core,core_network,full_network,True,constrained,aggregate_all_days,corridor_held_out,corridor,3,-164.10755654692213,164.10755654692213,-102.65147605053087,102.65147605053087,-289.86254769570235,289.86254769570235,185.5405267643852,False,
110-58049::AM,110-58049,AM,VA643_SB,SOUTHBOUND,,,,3.0,7.25,8.25,9.75,7.03088052501688,8.005258454632454,9.935599381781984,174.28313140590612,0.3354465535782381,ridge_core,core_network,full_network,True,constrained,aggregate_all_days,corridor_held_out,corridor,3,-13.147168498987174,13.147168498987174,-14.684492722052768,14.684492722052768,11.13596290691902,11.13596290691902,12.989208042652985,False,
110-58049::MD,110-58049,MD,VA643_SB,SOUTHBOUND,,,,7.0,9.0,9.75,12.25,10.571416675797472,11.78898172998527,13.781976680408413,192.63360027665635,0.3792375948243158,ridge_core,core_network,full_network,True,constrained,aggregate_all_days,corridor_held_out,corridor,3,94.28500054784834,94.28500054784834,122.3389037991162,122.3389037991162,91.91860082450476,91.91860082450476,102.8475017238231,False,
110-58049::PM,110-58049,PM,VA643_SB,SOUTHBOUND,,,,5.0,13.25,15.75,16.5,15.197264427744066,16.87629496218431,18.947029051244016,224.98587740999704,0.4477695810338818,ridge_core,core_network,full_network,True,constrained,aggregate_all_days,corridor_held_out,corridor,3,116.835865664644,116.835865664644,67.57769773105863,67.57769773105863,146.82174307464095,146.82174307464095,110.41176882344786,False,
110-59130::AM,110-59130,AM,VA643_SB,SOUTHBOUND,29450.0,603.0,3.0,3.0,7.5,7.75,8.75,6.647869592294527,7.640061134060311,9.215198807546756,154.03975291513376,0.3864683718283107,ridge_core,core_network,full_network,True,constrained,aggregate_all_days,corridor_held_out,corridor,3,-51.12782446232836,51.12782446232836,-6.596331956381363,6.596331956381363,27.91192845280534,27.91192845280534,28.54536162383836,False,
110-59130::MD,110-59130,MD,VA643_SB,SOUTHBOUND,29450.0,603.0,3.0,2.0,12.875,13.25,16.875,10.500841279906233,11.68206352607071,13.46112776684671,177.61718921642876,0.3990229497636556,ridge_core,core_network,full_network,True,constrained,aggregate_all_days,corridor_held_out,corridor,3,-142.44952320562615,142.44952320562615,-94.0761884357574,94.0761884357574,-204.8323339891974,204.8323339891974,147.11934854352697,False,
110-59130::PM,110-59130,PM,VA643_SB,SOUTHBOUND,29450.0,603.0,3.0,19.0,14.5,17.5,19.5,14.955584062537785,16.598057567769935,18.360600137060093,204.30096447133863,0.4823687962949115,ridge_core,core_network,full_network,True,constrained,aggregate_all_days,corridor_held_out,corridor,3,27.335043752266976,27.335043752266976,-54.11654593380391,54.11654593380391,-68.36399177639443,68.36399177639443,49.93852715415511,False,
110-59132::AM,110-59132,AM,VA643_SB,SOUTHBOUND,29492.0,403.0,3.0,8.0,7.0,7.5,9.375,6.80196997404872,7.74450946051916,9.757168435149456,177.31190766604425,0.3189428726622196,ridge_core,core_network,full_network,True,constrained,aggregate_all_days,corridor_held_out,corridor,3,-11.881801557076823,11.881801557076823,14.670567631149574,14.670567631149574,22.930106108967365,22.930106108967365,16.49415843239792,False,
110-59132::MD,110-59132,MD,VA643_SB,SOUTHBOUND,29492.0,403.0,3.0,5.0,9.5,11.25,12.5,10.561312796107975,11.731271063378896,13.959347460228017,203.8820798472024,0.3443043944267395,ridge_core,core_network,full_network,True,constrained,aggregate_all_days,corridor_held_out,corridor,3,63.67876776647851,63.67876776647851,28.876263802733675,28.876263802733675,87.56084761368089,87.56084761368089,60.038626394297694,False,
110-59132::PM,110-59132,PM,VA643_SB,SOUTHBOUND,29492.0,403.0,3.0,10.0,13.625,16.625,20.25,15.02080402218816,16.681115842577025,18.974685454306723,237.23288592711395,0.419919476315515,ridge_core,core_network,full_network,True,constrained,aggregate_all_days,corridor_held_out,corridor,3,83.74824133128953,83.74824133128953,3.3669505546215106,3.3669505546215106,-76.51887274159662,76.51887274159662,54.544688209169216,False,
110-59133::AM,110-59133,AM,VA643_SB,SOUTHBOUND,29543.0,403.0,3.0,4.0,8.0,8.25,9.0,6.856910302193277,7.788295886877226,9.777559802154888,175.23896999769656,0.3188967333109267,ridge_core,core_network,full_network,True,constrained,aggregate_all_days,corridor_held_out,corridor,3,-68.5853818684034,68.5853818684034,-27.702246787366462,27.702246787366462,46.6535881292932,46.6535881292932,47.64707226168769,False,
110-59133::MD,110-59133,MD,VA643_SB,SOUTHBOUND,29543.0,403.0,3.0,3.0,13.25,13.75,14.5,10.544169983439945,11.702545828062512,13.845983072453356,198.1087853408048,0.3508302297537662,ridge_core,core_network,full_network,True,constrained,aggregate_all_days,corridor_held_out,corridor,3,-162.3498009936033,162.3498009936033,-122.8472503162492,122.8472503162492,-39.24101565279855,39.24101565279855,108.14602232088367,False,
110-59133::PM,110-59133,PM,VA643_SB,SOUTHBOUND,29543.0,403.0,3.0,7.0,15.0,15.5,16.25,15.069235773628677,16.703054098511007,18.932405308387004,231.7901720854997,0.4229217253300116,ridge_core,core_network,full_network,True,constrained,aggregate_all_days,corridor_held_out,corridor,3,4.154146417720597,4.154146417720597,72.18324591066043,72.18324591066043,160.94431850322025,160.94431850322025,79.09390361053376,False,
110-59134::MD,110-59134,MD,VA643_SB,SOUTHBOUND,,,,5.0,12.0,13.0,15.5,10.571416675797472,11.78898172998527,13.781976680408413,192.63360027665635,0.3792375948243158,ridge_core,core_network,full_network,True,constrained,aggregate_all_days,corridor_held_out,corridor,3,-85.71499945215166,85.71499945215166,-72.66109620088379,72.66109620088379,-103.08139917549524,103.08139917549524,87.1524982761769,False,
110-59134::PM,110-59134,PM,VA643_SB,SOUTHBOUND,,,,4.0,14.75,15.625,17.5,15.197264427744066,16.87629496218431,18.947029051244016,224.98587740999704,0.4477695810338818,ridge_core,core_network,full_network,True,constrained,aggregate_all_days,corridor_held_out,corridor,3,26.83586566464399,26.83586566464399,75.07769773105863,75.07769773105863,86.82174307464095,86.82174307464095,62.91176882344786,False,
110-59135::AM,110-59135,AM,VA643_SB,SOUTHBOUND,35294.0,503.0,3.0,5.0,6.5,8.0,9.25,6.883710847598171,7.787330997848382,9.48148462601358,155.86642670492452,0.347844049300321,ridge_core,core_network,full_network,True,constrained,aggregate_all_days,corridor_held_out,corridor,3,23.02265085589026,23.02265085589026,-12.760140129097106,12.760140129097106,13.889077560814831,13.889077560814831,16.5572895152674,False,
110-59135::MD,110-59135,MD,VA643_SB,SOUTHBOUND,35294.0,503.0,3.0,13.0,11.25,12.25,14.25,10.49515773453551,11.616094354056145,13.376713193142123,172.89332751639688,0.3890040069062795,ridge_core,core_network,full_network,True,constrained,aggregate_all_days,corridor_held_out,corridor,3,-45.29053592786937,45.29053592786937,-38.034338756631314,38.034338756631314,-52.39720841147261,52.39720841147261,45.24069436532443,False,
110-59135::PM,110-59135,PM,VA643_SB,SOUTHBOUND,35294.0,503.0,3.0,6.0,16.5,17.25,18.5,15.127264007157708,16.679895317684107,18.512499968336115,203.1141576707045,0.4586478840269453,ridge_core,core_network,full_network,True,constrained,aggregate_all_days,corridor_held_out,corridor,3,-82.36415957053754,82.36415957053754,-34.2062809389536,34.2062809389536,0.7499981001669198,0.7499981001669198,39.10681286988602,False,
110N04248::PM,110N04248,PM,VA7_WB,WESTBOUND,36806.0,302.0,2.0,18.0,14.75,17.0,18.75,15.414088500887528,16.812569716956773,18.67852414204883,195.86613846967805,0.4283990771439271,ridge_core,core_network,full_network,True,constrained,aggregate_all_days,corridor_held_out,corridor,3,39.8453100532516,39.8453100532516,-11.245816982593624,11.245816982593624,-4.288551477070257,4.288551477070257,18.45989283763849,False,
110N04251::PM,110N04251,PM,VA7_WB,WESTBOUND,36830.0,501.0,1.0,2.0,16.25,16.5,17.75,15.467392181541165,16.92133129894619,18.964286194551445,209.8136407806167,0.415780150040467,ridge_core,core_network,full_network,True,constrained,aggregate_all_days,corridor_held_out,corridor,3,-46.956469107530125,46.956469107530125,25.279877936771346,25.279877936771346,72.85717167308668,72.85717167308668,48.36450623912938,False,
110N04298::AM,110N04298,AM,I395HOV_SB,SOUTHBOUND,26809.0,501.0,1.0,1.0,5.75,6.0,6.75,6.784180156401676,7.609901089466689,9.302132767176152,151.07715664646864,0.3279334684583426,ridge_core,core_network,full_network,True,constrained,aggregate_all_days,corridor_held_out,corridor,3,62.05080938410055,62.05080938410055,96.59406536800134,96.59406536800134,153.12796603056913,153.12796603056913,103.92428026089031,False,
110N04299::MD,110N04299,MD,I395HOV_SB,SOUTHBOUND,26823.0,101.0,1.0,9.0,9.5,10.0,11.5,10.243291405180534,11.618008827211934,13.267049799765628,181.4255036751057,0.4546386458961887,ridge_core,core_network,full_network,True,constrained,aggregate_all_days,corridor_held_out,corridor,3,44.59748431083202,44.59748431083202,97.08052963271604,97.08052963271604,106.02298798593768,106.02298798593768,82.56700064316192,False,
110N04300::AM,110N04300,AM,I395HOV_SB,SOUTHBOUND,26827.0,101.0,1.0,5.0,6.75,7.0,7.75,6.62253999475884,7.7360170229151075,9.293150437003437,160.23662653467568,0.4169372704243649,ridge_core,core_network,full_network,True,constrained,aggregate_all_days,corridor_held_out,corridor,3,-7.647600314469578,7.647600314469578,44.16102137490645,44.16102137490645,92.58902622020612,92.58902622020612,48.13254930319405,False,
110N04300::MD,110N04300,MD,I395HOV_SB,SOUTHBOUND,26827.0,101.0,1.0,3.0,9.5,9.75,11.0,10.238844821064914,11.613854844759857,13.267012430844224,181.6900565867587,0.4540732881675426,ridge_core,core_network,full_network,True,constrained,aggregate_all_days,corridor_held_out,corridor,3,44.33068926389485,44.33068926389485,111.83129068559128,111.83129068559128,136.02074585065353,136.02074585065353,97.39424193337987,False,
110N04301::MD,110N04301,MD,I395HOV_SB,SOUTHBOUND,26470.0,101.0,1.0,1.0,10.25,10.5,11.5,10.246256744587852,11.620778148846654,13.267079229683642,181.24934910574737,0.4550156161245655,ridge_core,core_network,full_network,True,constrained,aggregate_all_days,corridor_held_out,corridor,3,-0.2245953247289023,0.2245953247289023,67.24668893079922,67.24668893079922,106.0247537810185,106.0247537810185,57.83201267884888,False,
110N04302::PM,110N04302,PM,I395HOV_SB,SOUTHBOUND,26470.0,101.0,1.0,1.0,15.75,16.0,18.75,14.940024860611048,16.8514979070684,18.716190726029748,226.56995192512207,0.5061941436318261,ridge_core,core_network,full_network,True,constrained,aggregate_all_days,corridor_held_out,corridor,3,-48.5985083633372,48.5985083633372,51.089874424103954,51.089874424103954,-2.028556438215148,2.028556438215148,33.9056464085521,False,
110N04654::MD,110N04654,MD,I395HOV_SB,SOUTHBOUND,28301.0,501.0,1.0,4.0,8.75,9.375,10.5,11.736880040933428,12.39365540496371,14.019469936644906,136.95539374268878,0.2877325292923748,ridge_core,core_network,full_network,True,constrained,aggregate_all_days,corridor_held_out,corridor,3,179.2128024560056,179.2128024560056,181.11932429782257,181.11932429782257,211.1681961986944,211.1681961986944,190.50010765084085,False,
110N04655::MD,110N04655,MD,I395HOV_SB,SOUTHBOUND,26758.0,501.0,1.0,2.0,8.875,9.5,11.125,10.941261134090183,11.810069537921098,13.402310041949146,147.6629344715378,0.3530236238119912,ridge_core,core_network,full_network,True,constrained,aggregate_all_days,corridor_held_out,corridor,3,123.975668045411,123.975668045411,138.6041722752659,138.6041722752659,136.63860251694877,136.63860251694877,133.07281427920856,False,
110N04656::MD,110N04656,MD,I395HOV_SB,SOUTHBOUND,26775.0,501.0,1.0,1.0,8.75,9.25,11.0,11.722938631417758,12.431889749914092,14.069135703229824,140.77182430872398,0.3021703193708205,ridge_core,core_network,full_network,True,constrained,aggregate_all_days,corridor_held_out,corridor,3,178.37631788506548,178.37631788506548,190.9133849948456,190.9133849948456,184.14814219378945,184.14814219378945,184.4792816912335,False,
110N04657::MD,110N04657,MD,I395HOV_SB,SOUTHBOUND,26791.0,501.0,1.0,2.0,9.5,9.875,10.625,10.92649080489039,11.867779558213323,13.424737019076485,149.89477285116564,0.3767798177689211,ridge_core,core_network,full_network,True,constrained,aggregate_all_days,corridor_held_out,corridor,3,85.5894482934234,85.5894482934234,119.5667734927994,119.5667734927994,167.984221144589,167.984221144589,124.38014764360392,False,
110N05612::AM,110N05612,AM,VA286_SB,SOUTHBOUND,29559.0,405.0,5.0,2.0,6.875,7.125,9.375,7.034837794886099,7.736048827483581,9.465518175983664,145.84082286585397,0.2884834378269232,ridge_core,core_network,full_network,True,constrained,aggregate_all_days,corridor_held_out,corridor,3,9.590267693165924,9.590267693165924,36.66292964901484,36.66292964901484,5.431090559019864,5.431090559019864,17.228095967066874,False,
110N05612::MD,110N05612,MD,VA286_SB,SOUTHBOUND,29559.0,405.0,5.0,8.0,8.625,11.5,14.5,11.079154400387768,11.947378523936209,14.045181351711053,177.96161707939712,0.2927229380572833,ridge_core,core_network,full_network,True,constrained,aggregate_all_days,corridor_held_out,corridor,3,147.2492640232661,147.2492640232661,26.84271143617241,26.84271143617241,-27.28911889733684,27.28911889733684,67.12703145225845,False,
110N05612::PM,110N05612,PM,VA286_SB,SOUTHBOUND,29559.0,405.0,5.0,5.0,15.75,17.25,19.0,15.560776547279842,16.80723471899469,18.89944959935682,200.3203831246188,0.3733393933075984,ridge_core,core_network,full_network,True,constrained,aggregate_all_days,corridor_held_out,corridor,3,-11.353407163209503,11.353407163209503,-26.565916860318666,26.565916860318666,-6.033024038590753,6.033024038590753,14.650782687372974,False,
110N05618::MD,110N05618,MD,VA286_SB,SOUTHBOUND,31810.0,205.0,5.0,1.0,9.0,10.5,13.75,11.16418887866717,12.224557171284935,14.152155756078596,179.27801264468548,0.3548795338509231,ridge_core,core_network,full_network,True,constrained,aggregate_all_days,corridor_held_out,corridor,3,129.85133272003023,129.85133272003023,103.47343027709611,103.47343027709611,24.129345364715743,24.129345364715743,85.81803612061402,False,
110N05618::PM,110N05618,PM,VA286_SB,SOUTHBOUND,31810.0,205.0,5.0,5.0,16.25,17.0,18.0,15.659667063439167,17.08290920539343,18.921722965050986,195.723354096709,0.4363021925071927,ridge_core,core_network,full_network,True,constrained,aggregate_all_days,corridor_held_out,corridor,3,-35.41997619364995,35.41997619364995,4.974552323605863,4.974552323605863,55.30337790305914,55.30337790305914,31.899302140104982,False,
110N05625::AM,110N05625,AM,VA286_SB,SOUTHBOUND,32353.0,405.0,5.0,4.0,5.875,6.375,8.0,7.0135016526881815,7.710756158794137,9.430773481051688,145.03630970181044,0.2884468754918625,ridge_core,core_network,full_network,True,constrained,aggregate_all_days,corridor_held_out,corridor,3,68.31009916129089,68.31009916129089,80.14536952764821,80.14536952764821,85.84640886310126,85.84640886310126,78.10062585068012,False,
110N05625::MD,110N05625,MD,VA286_SB,SOUTHBOUND,32353.0,405.0,5.0,7.0,9.5,13.5,14.75,11.164846681321674,12.035634416516542,14.27114395865415,186.37783663994853,0.2803298131023231,ridge_core,core_network,full_network,True,constrained,aggregate_all_days,corridor_held_out,corridor,3,99.8908008793004,99.8908008793004,-87.86193500900748,87.86193500900748,-28.731362480750988,28.731362480750988,72.16136612301962,False,
110N05625::PM,110N05625,PM,VA286_SB,SOUTHBOUND,32353.0,405.0,5.0,4.0,15.5,17.75,19.625,15.56332979178858,16.816499599258158,18.973547782079496,204.61307941745508,0.3674749857743474,ridge_core,core_network,full_network,True,constrained,aggregate_all_days,corridor_held_out,corridor,3,3.799787507314747,3.799787507314747,-56.01002404451052,56.01002404451052,-39.08713307523023,39.08713307523023,32.9656482090185,False,
110N05627::AM,110N05627,AM,VA286_SB,SOUTHBOUND,32279.0,205.0,5.0,3.0,7.25,8.0,10.25,7.209116044271143,8.016872631277675,9.689812358130936,148.84177883158756,0.3256168772024003,ridge_core,core_network,full_network,True,constrained,aggregate_all_days,corridor_held_out,corridor,3,-2.453037343731417,2.453037343731417,1.012357876660488,1.012357876660488,-33.61125851214382,33.61125851214382,12.358884577511908,False,
110N05627::MD,110N05627,MD,VA286_SB,SOUTHBOUND,32279.0,205.0,5.0,9.0,10.25,10.75,12.75,11.128111036512902,12.217700493573364,14.282262536694189,189.2490900108771,0.3454461388420429,ridge_core,core_network,full_network,True,constrained,aggregate_all_days,corridor_held_out,corridor,3,52.6866621907741,52.6866621907741,88.06202961440185,88.06202961440185,91.93575220165124,91.93575220165124,77.56148133560906,False,
110N05627::PM,110N05627,PM,VA286_SB,SOUTHBOUND,32279.0,205.0,5.0,13.0,15.75,17.0,19.0,15.564065343052976,17.0623652398464,19.062713235081148,209.9188735216904,0.4282511253011109,ridge_core,core_network,full_network,True,constrained,aggregate_all_days,corridor_held_out,corridor,3,-11.156079416821465,11.156079416821465,3.741914390784018,3.741914390784018,3.762794104868874,3.762794104868874,6.220262637491452,False,
110N05628::AM,110N05628,AM,VA286_SB,SOUTHBOUND,32277.0,205.0,5.0,8.0,7.25,8.25,10.25,7.213382704359261,8.02082287205271,9.690373902965266,148.61947191636028,0.3259761956957532,ridge_core,core_network,full_network,True,constrained,aggregate_all_days,corridor_held_out,corridor,3,-2.197037738444348,2.197037738444348,-13.750627676837404,13.750627676837404,-33.577565822084026,33.577565822084026,16.50841041245526,False,
110N05628::MD,110N05628,MD,VA286_SB,SOUTHBOUND,32277.0,205.0,5.0,3.0,5.25,9.75,12.0,11.11775923932474,12.194347403957686,14.220436560599978,186.1606392765144,0.3469868288431799,ridge_core,core_network,full_network,True,constrained,aggregate_all_days,corridor_held_out,corridor,3,352.06555435948434,352.06555435948434,146.6608442374611,146.6608442374611,133.2261936359987,133.2261936359987,210.65086407764807,False,
110N05628::PM,110N05628,PM,VA286_SB,SOUTHBOUND,32277.0,205.0,5.0,7.0,13.25,17.0,19.25,15.5672642990415,17.06809223435544,19.06855239487989,210.07728575030345,0.4286502264974468,ridge_core,core_network,full_network,True,constrained,aggregate_all_days,corridor_held_out,corridor,3,139.03585794249005,139.03585794249005,4.085534061326399,4.085534061326399,-10.886856307206545,10.886856307206545,51.336082770341,False,
110N05629::AM,110N05629,AM,VA286_SB,SOUTHBOUND,30498.0,105.0,5.0,8.0,7.375,8.5,9.625,6.8452115052838005,7.683711853543465,9.184418302669252,140.35240784312708,0.3584549896130871,ridge_core,core_network,full_network,True,constrained,aggregate_all_days,corridor_held_out,corridor,3,-31.78730968297197,31.78730968297197,-48.9772887873921,48.9772887873921,-26.434901839844866,26.434901839844866,35.73316677006964,False,
110N05629::PM,110N05629,PM,VA286_SB,SOUTHBOUND,30498.0,105.0,5.0,12.0,14.25,17.25,18.75,15.19085742472845,16.70436456669928,18.4426977429158,195.1104190912411,0.4654309541295352,ridge_core,core_network,full_network,True,constrained,aggregate_all_days,corridor_held_out,corridor,3,56.45144548370695,56.45144548370695,-32.73812599804323,32.73812599804323,-18.43813542505196,18.43813542505196,35.87590230226738,False,
110N05631::AM,110N05631,AM,VA286_SB,SOUTHBOUND,29973.0,305.0,5.0,4.0,5.75,7.125,12.125,7.046371943189736,7.738523492005153,9.379326159057744,139.9772529520806,0.2966845830525191,ridge_core,core_network,full_network,True,constrained,aggregate_all_days,corridor_held_out,corridor,3,77.78231659138414,77.78231659138414,36.81140952030917,36.81140952030917,-164.74043045653528,164.74043045653528,93.11138552274286,False,
110N05631::MD,110N05631,MD,VA286_SB,SOUTHBOUND,29973.0,305.0,5.0,2.0,10.75,11.25,13.0,10.934192771998784,11.794363910342506,13.666223339403064,163.92183404425683,0.3148468207517079,ridge_core,core_network,full_network,True,constrained,aggregate_all_days,corridor_held_out,corridor,3,11.051566319927062,11.051566319927062,32.66183462055036,32.66183462055036,39.97340036418386,39.97340036418386,27.895600434887097,False,
110N05631::PM,110N05631,PM,VA286_SB,SOUTHBOUND,29973.0,305.0,5.0,1.0,12.25,17.0,19.75,15.49001877937891,16.697049718547383,18.529259468953647,182.3544413744843,0.397148848167522,ridge_core,core_network,full_network,True,constrained,aggregate_all_days,corridor_held_out,corridor,3,194.40112676273463,194.40112676273463,-18.17701688715701,18.17701688715701,-73.24443186278117,73.24443186278117,95.2741918375576,False,
110N05633::AM,110N05633,AM,VA286_SB,SOUTHBOUND,32925.0,505.0,5.0,1.0,6.25,8.75,13.0,6.8493229438995655,7.858726106118628,9.55541961143263,162.3658000519839,0.3730107554285031,ridge_core,core_network,full_network,True,constrained,aggregate_all_days,corridor_held_out,corridor,3,35.95937663397393,35.95937663397393,-53.47643363288229,53.47643363288229,-206.6748233140422,206.6748233140422,98.70354452696614,False,
110N05633::MD,110N05633,MD,VA286_SB,SOUTHBOUND,32925.0,505.0,5.0,5.0,10.5,10.75,11.75,10.550372381909837,11.792476926577365,13.610958483077336,183.63516607005,0.4058387849940614,ridge_core,core_network,full_network,True,constrained,aggregate_all_days,corridor_held_out,corridor,3,3.022342914590084,3.022342914590084,62.54861559464189,62.54861559464189,111.65750898464007,111.65750898464007,59.07615583129069,False,
110N05633::PM,110N05633,PM,VA286_SB,SOUTHBOUND,32925.0,505.0,5.0,8.0,15.875,17.25,19.375,15.068270751115213,16.759359705151926,18.534189952724685,207.95515209656844,0.4879193240429322,ridge_core,core_network,full_network,True,constrained,aggregate_all_days,corridor_held_out,corridor,3,-48.40375493308724,48.40375493308724,-29.438417690884435,29.438417690884435,-50.44860283651893,50.44860283651893,42.763591820163526,False,
110N05722::AM,110N05722,AM,US50_EB,EASTBOUND,26661.0,202.0,2.0,3.0,7.25,8.0,9.25,7.187879763186803,8.074430663221959,9.46087558242479,136.37974915427932,0.3900363091439244,ridge_core,core_network,full_network,True,constrained,aggregate_all_days,corridor_held_out,corridor,3,-3.727214208791807,3.727214208791807,4.465839793317521,4.465839793317521,12.652534945487446,12.652534945487446,6.948529649198925,False,
110N05725::AM,110N05725,AM,US50_EB,EASTBOUND,28946.0,202.0,2.0,2.0,7.0,7.375,8.375,7.127910568824625,8.106880096446469,9.600342096817256,148.34589167955787,0.3959541514246384,ridge_core,core_network,full_network,True,constrained,aggregate_all_days,corridor_held_out,corridor,3,7.674634129477482,7.674634129477482,43.91280578678813,43.91280578678813,73.52052580903535,73.52052580903535,41.70265524176699,False,
110N05729::AM,110N05729,AM,US50_EB,EASTBOUND,31145.0,202.0,2.0,10.0,7.25,7.75,9.0,7.131830845130565,8.08806007092447,9.540556004146495,144.5235095409559,0.3969856096760187,ridge_core,core_network,full_network,True,constrained,aggregate_all_days,corridor_held_out,corridor,3,-7.090149292166075,7.090149292166075,20.28360425546822,20.28360425546822,32.43336024878982,32.43336024878982,19.93570459880804,False,
110N05742::AM,110N05742,AM,US50_EB,EASTBOUND,31799.0,202.0,2.0,6.0,7.25,8.125,9.5,6.6272777964149885,7.807677537136442,9.59806324265086,178.2471267741523,0.3973359106821654,ridge_core,core_network,full_network,True,constrained,aggregate_all_days,corridor_held_out,corridor,3,-37.36333221510069,37.36333221510069,-19.03934777181348,19.03934777181348,5.883794559051552,5.883794559051552,20.76215818198857,False,
110N05742::MD,110N05742,MD,US50_EB,EASTBOUND,31799.0,202.0,2.0,1.0,7.25,9.0,10.0,10.37330611225098,11.924224822022992,14.034152423344832,219.6507786656311,0.4236503196192908,ridge_core,core_network,full_network,True,constrained,aggregate_all_days,corridor_held_out,corridor,3,187.3983667350589,187.3983667350589,175.45348932137955,175.45348932137955,242.0491454006899,242.0491454006899,201.6336671523761,False,
110N05742::PM,110N05742,PM,US50_EB,EASTBOUND,31799.0,202.0,2.0,1.0,16.25,16.75,17.5,14.746196803835517,16.783600826446893,18.75293230614642,240.40413013865407,0.5084947637387828,ridge_core,core_network,full_network,True,constrained,aggregate_all_days,corridor_held_out,corridor,3,-90.228191769869,90.228191769869,2.01604958681358,2.01604958681358,75.17593836878518,75.17593836878518,55.80672657515592,False,
110N05745::AM,110N05745,AM,US50_EB,EASTBOUND,31091.0,402.0,2.0,10.0,7.25,7.75,8.625,6.690343856167194,7.860517783877627,9.890450498663595,192.00639854978405,0.3656671662659281,ridge_core,core_network,full_network,True,constrained,aggregate_all_days,corridor_held_out,corridor,3,-33.579368629968336,33.579368629968336,6.631067032657594,6.631067032657594,75.92702991981571,75.92702991981571,38.71248852748055,False,
110N05745::MD,110N05745,MD,US50_EB,EASTBOUND,31091.0,402.0,2.0,7.0,10.75,11.0,12.25,10.451753110238592,12.019201646572334,14.478916674475077,241.62981385418897,0.3892189903220178,ridge_core,core_network,full_network,True,constrained,aggregate_all_days,corridor_held_out,corridor,3,-17.8948133856845,17.8948133856845,61.15209879434005,61.15209879434005,133.7350004685045,133.7350004685045,70.92730421617635,False,
110N05745::PM,110N05745,PM,US50_EB,EASTBOUND,31091.0,402.0,2.0,7.0,14.0,17.0,19.5,14.767074578831563,16.854225869252346,19.16404486808624,263.81821735528047,0.4746794163065793,ridge_core,core_network,full_network,True,constrained,aggregate_all_days,corridor_held_out,corridor,3,46.024474729893896,46.024474729893896,-8.746447844859233,8.746447844859233,-20.15730791482561,20.15730791482561,24.97607682985958,False,
110N05748::MD,110N05748,MD,US50_EB,EASTBOUND,32916.0,302.0,2.0,2.0,13.625,14.75,17.75,10.61644026455911,11.899623553682297,13.863634995210091,194.83168383905908,0.3951667194489257,ridge_core,core_network,full_network,True,constrained,aggregate_all_days,corridor_held_out,corridor,3,-180.51358412645345,180.51358412645345,-171.0225867790622,171.0225867790622,-233.1819002873944,233.1819002873944,194.90602373097,False,
110N05748::PM,110N05748,PM,US50_EB,EASTBOUND,32916.0,302.0,2.0,12.0,14.25,16.75,18.75,15.05372890148749,16.743090016823583,18.57495721926288,211.2736990665232,0.4797647192623349,ridge_core,core_network,full_network,True,constrained,aggregate_all_days,corridor_held_out,corridor,3,48.22373408924943,48.22373408924943,-0.41459899058502,0.41459899058502,-10.502566844227346,10.502566844227346,19.7136333080206,False,
110N05752::AM,110N05752,AM,US50_EB,EASTBOUND,36138.0,603.0,3.0,5.0,5.75,6.75,8.5,6.953984274943186,7.736422871267616,9.283083032770929,139.7459254696645,0.3359404978834732,ridge_core,core_network,full_network,True,constrained,aggregate_all_days,corridor_held_out,corridor,3,72.23905649659115,72.23905649659115,59.18537227605698,59.18537227605698,46.98498196625572,46.98498196625572,59.46980357963461,False,
110N05752::MD,110N05752,MD,US50_EB,EASTBOUND,36138.0,603.0,3.0,8.0,10.375,11.375,14.5,10.97219830032556,11.889394932557238,13.69821208152021,163.56082687167913,0.3364607466620091,ridge_core,core_network,full_network,True,constrained,aggregate_all_days,corridor_held_out,corridor,3,35.831898019533526,35.831898019533526,30.86369595343428,30.86369595343428,-48.10727510878735,48.10727510878735,38.26762302725172,False,
110N05752::PM,110N05752,PM,US50_EB,EASTBOUND,36138.0,603.0,3.0,2.0,15.375,17.125,20.625,15.419738633442504,16.748539047755155,18.471049084963912,183.07862709128457,0.4354851580736733,ridge_core,core_network,full_network,True,constrained,aggregate_all_days,corridor_held_out,corridor,3,2.684318006550157,2.684318006550157,-22.58765713469068,22.58765713469068,-129.23705490216526,129.23705490216526,51.50301001446869,False,
110N06628::AM,110N06628,AM,US50_EB,EASTBOUND,25995.0,105.0,5.0,1.0,8.5,8.75,9.75,7.270539411109985,7.923905683064467,9.098111534793718,109.65432742102398,0.3575050546500616,ridge_core,core_network,full_network,True,constrained,aggregate_all_days,corridor_held_out,corridor,3,-73.76763533340093,73.76763533340093,-49.565659016132,49.565659016132,-39.11330791237692,39.11330791237692,54.14886742063661,False,
110N10079::AM,110N10079,AM,VA611_SB,SOUTHBOUND,34989.0,303.0,3.0,1.0,4.75,8.5,10.5,6.960392772622105,7.895163858288139,9.926594302783933,177.97209180970972,0.3151407873540663,ridge_core,core_network,full_network,True,constrained,aggregate_all_days,corridor_held_out,corridor,3,132.62356635732627,132.62356635732627,-36.29016850271164,36.29016850271164,-34.40434183296404,34.40434183296404,67.77269223100065,False,
110N10079::MD,110N10079,MD,VA611_SB,SOUTHBOUND,34989.0,303.0,3.0,1.0,11.75,13.25,16.75,10.60814431385599,11.778989158048894,13.968982931221872,201.65031704195312,0.3483787761015954,ridge_core,core_network,full_network,True,constrained,aggregate_all_days,corridor_held_out,corridor,3,-68.51134116864063,68.51134116864063,-88.26065051706635,88.26065051706635,-166.8610241266876,166.8610241266876,107.87767193746484,False,
110N10080::AM,110N10080,AM,VA611_SB,SOUTHBOUND,29265.0,303.0,3.0,1.0,6.75,7.25,8.75,7.003104119540107,7.939973635485942,9.935695790855664,175.95550027893344,0.3194681090823518,ridge_core,core_network,full_network,True,constrained,aggregate_all_days,corridor_held_out,corridor,3,15.186247172406429,15.186247172406429,41.39841812915654,41.39841812915654,71.14174745133987,71.14174745133987,42.57547091763428,False,
110N10080::MD,110N10080,MD,VA611_SB,SOUTHBOUND,29265.0,303.0,3.0,3.0,11.25,11.5,14.0,10.66226113871205,11.836876876742044,14.005921583276583,200.61962667387195,0.3512963584383855,ridge_core,core_network,full_network,True,constrained,aggregate_all_days,corridor_held_out,corridor,3,-35.26433167727696,35.26433167727696,20.21261260452267,20.21261260452267,0.3552949965949992,0.3552949965949992,18.61074642613154,False,
110N10080::PM,110N10080,PM,VA611_SB,SOUTHBOUND,29265.0,303.0,3.0,1.0,14.75,15.0,15.75,15.163760485568554,16.815603440935526,19.039924925831688,232.569866415788,0.4261539934190296,ridge_core,core_network,full_network,True,constrained,aggregate_all_days,corridor_held_out,corridor,3,24.82562913411325,24.82562913411325,108.93620645613154,108.93620645613154,197.39549554990128,197.39549554990128,110.38577704671536,False,
110N10082::MD,110N10082,MD,VA611_SB,SOUTHBOUND,29232.0,303.0,3.0,1.0,6.75,11.75,12.75,10.483776624917072,11.720005721861368,14.202516959691724,223.1244200864791,0.3324322178088315,ridge_core,core_network,full_network,True,constrained,aggregate_all_days,corridor_held_out,corridor,3,224.0265974950244,224.0265974950244,-1.7996566883179457,1.7996566883179457,87.15101758150347,87.15101758150347,104.3257572549486,False,
110N10092::AM,110N10092,AM,VA611_SB,SOUTHBOUND,,,,7.0,5.5,7.5,10.75,7.03088052501688,8.005258454632454,9.935599381781984,174.28313140590612,0.3354465535782381,ridge_core,core_network,full_network,True,constrained,aggregate_all_days,corridor_held_out,corridor,3,91.85283150101284,91.85283150101284,30.31550727794724,30.31550727794724,-48.86403709308098,48.86403709308098,57.01079195734701,False,
110N10092::MD,110N10092,MD,VA611_SB,SOUTHBOUND,,,,7.0,11.0,11.75,14.0,10.571416675797472,11.78898172998527,13.781976680408413,192.63360027665635,0.3792375948243158,ridge_core,core_network,full_network,True,constrained,aggregate_all_days,corridor_held_out,corridor,3,-25.71499945215166,25.71499945215166,2.33890379911621,2.33890379911621,-13.08139917549525,13.08139917549525,13.711767475587706,False,
110N10092::PM,110N10092,PM,VA611_SB,SOUTHBOUND,,,,6.0,14.75,17.25,18.5,15.197264427744066,16.87629496218431,18.947029051244016,224.98587740999704,0.4477695810338818,ridge_core,core_network,full_network,True,constrained,aggregate_all_days,corridor_held_out,corridor,3,26.83586566464399,26.83586566464399,-22.422302268941365,22.422302268941365,26.82174307464095,26.82174307464095,25.359970336075435,False,
110N11468::AM,110N11468,AM,VA611_SB,SOUTHBOUND,,,,4.0,7.0,8.25,10.0,7.03088052501688,8.005258454632454,9.935599381781984,174.28313140590612,0.3354465535782381,ridge_core,core_network,full_network,True,constrained,aggregate_all_days,corridor_held_out,corridor,3,1.852831501012826,1.852831501012826,-14.684492722052768,14.684492722052768,-3.864037093080981,3.864037093080981,6.800453772048858,False,
110N11468::MD,110N11468,MD,VA611_SB,SOUTHBOUND,,,,4.0,7.625,10.375,11.75,10.571416675797472,11.78898172998527,13.781976680408413,192.63360027665635,0.3792375948243158,ridge_core,core_network,full_network,True,constrained,aggregate_all_days,corridor_held_out,corridor,3,176.78500054784834,176.78500054784834,84.83890379911621,84.83890379911621,121.91860082450476,121.91860082450476,127.8475017238231,False,
110N11468::PM,110N11468,PM,VA611_SB,SOUTHBOUND,,,,7.0,16.75,17.5,19.5,15.197264427744066,16.87629496218431,18.947029051244016,224.98587740999704,0.4477695810338818,ridge_core,core_network,full_network,True,constrained,aggregate_all_days,corridor_held_out,corridor,3,-93.164134335356,93.164134335356,-37.422302268941365,37.422302268941365,-33.17825692535905,33.17825692535905,54.58823117655214,False,
110N13278::MD,110N13278,MD,VA659_SB,SOUTHBOUND,,,,1.0,6.5,9.5,11.75,10.571416675797472,11.78898172998527,13.781976680408413,192.63360027665635,0.3792375948243158,ridge_core,core_network,full_network,True,constrained,aggregate_all_days,corridor_held_out,corridor,3,244.2850005478484,244.2850005478484,137.33890379911622,137.33890379911622,121.91860082450476,121.91860082450476,167.84750172382311,False,
110N13280::AM,110N13280,AM,VA659_SB,SOUTHBOUND,,,,1.0,3.5,8.0,9.0,7.03088052501688,8.005258454632454,9.935599381781984,174.28313140590612,0.3354465535782381,ridge_core,core_network,full_network,True,constrained,aggregate_all_days,corridor_held_out,corridor,3,211.8528315010128,211.8528315010128,0.3155072779472334,0.3155072779472334,56.13596290691902,56.13596290691902,89.43476722862636,False,
110N13280::PM,110N13280,PM,VA659_SB,SOUTHBOUND,,,,1.0,14.0,17.5,21.0,15.197264427744066,16.87629496218431,18.947029051244016,224.98587740999704,0.4477695810338818,ridge_core,core_network,full_network,True,constrained,aggregate_all_days,corridor_held_out,corridor,3,71.83586566464399,71.83586566464399,-37.422302268941365,37.422302268941365,-123.17825692535904,123.17825692535904,77.4788082863148,False,
110N13289::AM,110N13289,AM,VA659_SB,SOUTHBOUND,37755.0,403.0,3.0,1.0,0.0,7.25,8.0,7.151800416133348,7.885386489227218,9.813768079924198,159.71805982745104,0.275580384792949,ridge_core,core_network,full_network,True,constrained,aggregate_all_days,corridor_held_out,corridor,3,429.1080249680009,429.1080249680009,38.12318935363309,38.12318935363309,108.8260847954519,108.8260847954519,192.0190997056953,False,
110N13289::MD,110N13289,MD,VA659_SB,SOUTHBOUND,37755.0,403.0,3.0,2.0,7.375,10.5,13.125,10.97290581097288,11.900607233152323,14.134487974403836,189.69492980585736,0.2934294837913366,ridge_core,core_network,full_network,True,constrained,aggregate_all_days,corridor_held_out,corridor,3,215.87434865837284,215.87434865837284,84.0364339891394,84.0364339891394,60.56927846423015,60.56927846423015,120.1600203705808,False,
110N13289::PM,110N13289,PM,VA659_SB,SOUTHBOUND,37755.0,403.0,3.0,4.0,15.375,18.0,20.875,15.45382245971808,16.79731412921588,19.09920855431358,218.7231656757301,0.3685457821572334,ridge_core,core_network,full_network,True,constrained,aggregate_all_days,corridor_held_out,corridor,3,4.72934758308476,4.72934758308476,-72.16115224704716,72.16115224704716,-106.54748674118515,106.54748674118515,61.14599552377236,False,
110N13779::AM,110N13779,AM,VA659_SB,SOUTHBOUND,37755.0,403.0,3.0,6.0,6.25,8.25,10.875,7.151800416133348,7.885386489227218,9.813768079924198,159.71805982745104,0.275580384792949,ridge_core,core_network,full_network,True,constrained,aggregate_all_days,corridor_held_out,corridor,3,54.10802496800088,54.10802496800088,-21.876810646366906,21.876810646366906,-63.673915204548095,63.673915204548095,46.55291693963863,False,
110N13779::MD,110N13779,MD,VA659_SB,SOUTHBOUND,37755.0,403.0,3.0,5.0,9.5,12.5,13.75,10.97290581097288,11.900607233152323,14.134487974403836,189.69492980585736,0.2934294837913366,ridge_core,core_network,full_network,True,constrained,aggregate_all_days,corridor_held_out,corridor,3,88.37434865837284,88.37434865837284,-35.96356601086061,35.96356601086061,23.069278464230152,23.069278464230152,49.13573104448786,False,
110N13779::PM,110N13779,PM,VA659_SB,SOUTHBOUND,37755.0,403.0,3.0,2.0,16.0,18.5,21.75,15.45382245971808,16.79731412921588,19.09920855431358,218.7231656757301,0.3685457821572334,ridge_core,core_network,full_network,True,constrained,aggregate_all_days,corridor_held_out,corridor,3,-32.77065241691524,32.77065241691524,-102.16115224704716,102.16115224704716,-159.04748674118514,159.04748674118514,97.99309713504918,False,
110N16036::AM,110N16036,AM,US50_EB,EASTBOUND,36138.0,603.0,3.0,17.0,4.75,8.0,10.25,6.953984274943186,7.736422871267616,9.283083032770929,139.7459254696645,0.3359404978834732,ridge_core,core_network,full_network,True,constrained,aggregate_all_days,corridor_held_out,corridor,3,132.23905649659113,132.23905649659113,-15.814627723943016,15.814627723943016,-58.01501803374428,58.01501803374428,68.6895674180928,False,
110N16036::MD,110N16036,MD,US50_EB,EASTBOUND,36138.0,603.0,3.0,5.0,12.5,13.0,15.0,10.97219830032556,11.889394932557238,13.69821208152021,163.56082687167913,0.3364607466620091,ridge_core,core_network,full_network,True,constrained,aggregate_all_days,corridor_held_out,corridor,3,-91.66810198046647,91.66810198046647,-66.63630404656573,66.63630404656573,-78.10727510878735,78.10727510878735,78.80389371193985,False,
110N16036::PM,110N16036,PM,US50_EB,EASTBOUND,36138.0,603.0,3.0,5.0,14.75,15.5,17.0,15.419738633442504,16.748539047755155,18.471049084963912,183.07862709128457,0.4354851580736733,ridge_core,core_network,full_network,True,constrained,aggregate_all_days,corridor_held_out,corridor,3,40.18431800655016,40.18431800655016,74.91234286530933,74.91234286530933,88.26294509783473,88.26294509783473,67.7865353232314,False,
110N18170::AM,110N18170,AM,VA286_SB,SOUTHBOUND,29358.0,302.0,2.0,8.0,6.875,8.375,9.625,6.564313602966715,7.600702039525211,9.378586456559653,168.85637121557633,0.3682615334313995,ridge_core,core_network,full_network,True,constrained,aggregate_all_days,corridor_held_out,corridor,3,-18.641183821997096,18.641183821997096,-46.45787762848735,46.45787762848735,-14.784812606420845,14.784812606420845,26.627958018968428,False,
110N18170::MD,110N18170,MD,VA286_SB,SOUTHBOUND,29358.0,302.0,2.0,3.0,12.5,12.75,14.5,10.518144911301194,11.799230385293912,13.94066890550796,205.351439652406,0.3743101512688252,ridge_core,core_network,full_network,True,constrained,aggregate_all_days,corridor_held_out,corridor,3,-118.91130532192835,118.91130532192835,-57.04617688236528,57.04617688236528,-33.559865669522466,33.559865669522466,69.8391159579387,False,
110N18170::PM,110N18170,PM,VA286_SB,SOUTHBOUND,29358.0,302.0,2.0,2.0,15.375,16.125,17.0,14.83771843456599,16.62320802098001,18.671309763287688,230.015479723302,0.4657485457661933,ridge_core,core_network,full_network,True,constrained,aggregate_all_days,corridor_held_out,corridor,3,-32.23689392604065,32.23689392604065,29.89248125880053,29.89248125880053,100.27858579726129,100.27858579726129,54.13598699403415,False,
110N50126::MD,110N50126,MD,VA644_WB,WESTBOUND,31913.0,203.0,3.0,2.0,13.25,14.25,20.0,10.378196584497744,11.79025635541051,14.062079993948323,221.03300456703485,0.3833073998189761,ridge_core,core_network,full_network,True,constrained,aggregate_all_days,corridor_held_out,corridor,3,-172.3082049301354,172.3082049301354,-147.58461867536943,147.58461867536943,-356.27520036310057,356.27520036310057,225.3893413228685,False,
110N50126::PM,110N50126,PM,VA644_WB,WESTBOUND,31913.0,203.0,3.0,15.0,15.0,17.0,19.75,14.641408194568363,16.60994610785345,18.81149522447084,250.20522179414849,0.4720615898827232,ridge_core,core_network,full_network,True,constrained,aggregate_all_days,corridor_held_out,corridor,3,-21.51550832589809,21.51550832589809,-23.403233528793024,23.403233528793024,-56.31028653174965,56.31028653174965,33.74300946214692,False,
110N50131::AM,110N50131,AM,VA644_WB,WESTBOUND,29197.0,403.0,3.0,1.0,2.5,7.5,9.25,6.780261959843937,7.7169724548614385,9.752649092855076,178.34322798066827,0.3151374478157491,ridge_core,core_network,full_network,True,constrained,aggregate_all_days,corridor_held_out,corridor,3,256.8157175906362,256.8157175906362,13.018347291686307,13.018347291686307,30.15894557130448,30.15894557130448,99.997670151209,False,
110N50131::MD,110N50131,MD,VA644_WB,WESTBOUND,29197.0,403.0,3.0,2.0,7.75,9.875,12.125,10.5077415435866,11.674558377774712,13.914713234662267,204.41830146453995,0.3424791691825645,ridge_core,core_network,full_network,True,constrained,aggregate_all_days,corridor_held_out,corridor,3,165.46449261519604,165.46449261519604,107.97350266648272,107.97350266648272,107.38279407973604,107.38279407973604,126.94026312047158,False,
110N50132::AM,110N50132,AM,VA644_WB,WESTBOUND,29186.0,203.0,3.0,10.0,6.25,8.25,9.5,6.743404838188429,7.861475581851577,9.90326059380144,189.59134533678065,0.3538360071269275,ridge_core,core_network,full_network,True,constrained,aggregate_all_days,corridor_held_out,corridor,3,29.60429029130573,29.60429029130573,-23.31146508890537,23.31146508890537,24.19563562808637,24.19563562808637,25.703797002765825,False,
110N50132::MD,110N50132,MD,VA644_WB,WESTBOUND,29186.0,203.0,3.0,8.0,10.625,11.75,13.25,10.382437345517156,11.769356406688612,13.963078787919518,214.8384865441416,0.3873381581153038,ridge_core,core_network,full_network,True,constrained,aggregate_all_days,corridor_held_out,corridor,3,-14.553759268970552,14.553759268970552,1.1613844013167096,1.1613844013167096,42.78472727517105,42.78472727517105,19.49995698181944,False,
110N50132::PM,110N50132,PM,VA644_WB,WESTBOUND,29186.0,203.0,3.0,12.0,14.625,17.0,19.625,14.723381086330464,16.685156188376364,18.92856758292773,252.31118979583604,0.4665132220968845,ridge_core,core_network,full_network,True,constrained,aggregate_all_days,corridor_held_out,corridor,3,5.9028651798277565,5.9028651798277565,-18.890628697418137,18.890628697418137,-41.785945024336186,41.785945024336186,22.19314630052736,False,
110N52381::AM,110N52381,AM,VA644_WB,WESTBOUND,29206.0,203.0,3.0,1.0,5.5,6.0,8.0,6.941793165957964,7.935881985659364,9.888165576990932,176.7823446619782,0.337394151526447,ridge_core,core_network,full_network,True,constrained,aggregate_all_days,corridor_held_out,corridor,3,86.5075899574778,86.5075899574778,116.15291913956185,116.15291913956185,113.28993461945592,113.28993461945592,105.3168145721652,False,
110N52384::PM,110N52384,PM,VA644_WB,WESTBOUND,33043.0,303.0,3.0,1.0,17.75,18.5,23.75,15.32626146208034,16.843487780601713,18.99594742436272,220.18115773694268,0.4134485441303882,ridge_core,core_network,full_network,True,constrained,aggregate_all_days,corridor_held_out,corridor,3,-145.42431227517957,145.42431227517957,-99.39073316389724,99.39073316389724,-285.2431545382369,285.2431545382369,176.68606665910457,False,
110N59136::AM,110N59136,AM,VA643_SB,SOUTHBOUND,35294.0,503.0,3.0,5.0,6.75,7.0,8.0,6.883710847598171,7.787330997848382,9.48148462601358,155.86642670492452,0.347844049300321,ridge_core,core_network,full_network,True,constrained,aggregate_all_days,corridor_held_out,corridor,3,8.022650855890259,8.022650855890259,47.23985987090289,47.23985987090289,88.88907756081483,88.88907756081483,48.05052942920266,False,
110N59136::MD,110N59136,MD,VA643_SB,SOUTHBOUND,35294.0,503.0,3.0,3.0,9.75,10.0,12.0,10.49515773453551,11.616094354056145,13.376713193142123,172.89332751639688,0.3890040069062795,ridge_core,core_network,full_network,True,constrained,aggregate_all_days,corridor_held_out,corridor,3,44.70946407213063,44.70946407213063,96.96566124336869,96.96566124336869,82.6027915885274,82.6027915885274,74.75930563467557,False,
110N59136::PM,110N59136,PM,VA643_SB,SOUTHBOUND,35294.0,503.0,3.0,1.0,16.75,17.0,18.0,15.127264007157708,16.679895317684107,18.512499968336115,203.1141576707045,0.4586478840269453,ridge_core,core_network,full_network,True,constrained,aggregate_all_days,corridor_held_out,corridor,3,-97.36415957053754,97.36415957053754,-19.2062809389536,19.2062809389536,30.74999810016692,30.74999810016692,49.10681286988602,False,
110P04299::PM,110P04299,PM,I395HOV_NB,NORTHBOUND,26818.0,501.0,1.0,2.0,17.0,17.625,18.375,15.124151073955897,16.41814527324136,18.298084334134685,190.43599561072747,0.4076942056470882,ridge_core,core_network,full_network,True,constrained,aggregate_all_days,corridor_held_out,corridor,3,-112.5509355626462,112.5509355626462,-72.41128360551834,72.41128360551834,-4.614939951918871,4.614939951918871,63.19238637336113,False,
110P04300::PM,110P04300,PM,I395HOV_NB,NORTHBOUND,26822.0,101.0,1.0,1.0,15.75,16.0,17.5,14.798634432358789,16.651725603115317,18.30050885786128,210.1124655301495,0.5291712224919729,ridge_core,core_network,full_network,True,constrained,aggregate_all_days,corridor_held_out,corridor,3,-57.08193405847268,57.08193405847268,39.103536186919,39.103536186919,48.03053147167688,48.03053147167688,48.07200057235619,False,
110P04301::AM,110P04301,AM,I395HOV_NB,NORTHBOUND,26830.0,101.0,1.0,4.0,7.25,8.0,9.375,6.766586624824655,7.920940229959333,9.705672497842102,176.34515238104683,0.3927594003742216,ridge_core,core_network,full_network,True,constrained,aggregate_all_days,corridor_held_out,corridor,3,-29.00480251052068,29.00480251052068,-4.743586202440007,4.743586202440007,19.840349870526097,19.840349870526097,17.86291286116226,False,
110P04301::MD,110P04301,MD,I395HOV_NB,NORTHBOUND,26830.0,101.0,1.0,2.0,10.75,11.5,13.0,10.66813553692406,12.087835734109182,14.190760847643096,211.35751864314213,0.4030233340074803,ridge_core,core_network,full_network,True,constrained,aggregate_all_days,corridor_held_out,corridor,3,-4.911867784556385,4.911867784556385,35.270144046550946,35.270144046550946,71.44565085858576,71.44565085858576,37.20922089656437,False,
110P04301::PM,110P04301,PM,I395HOV_NB,NORTHBOUND,26830.0,101.0,1.0,8.0,14.5,17.25,19.5,14.960493832536883,16.88003368971392,18.77698157964016,228.9892648261961,0.5029597851149855,ridge_core,core_network,full_network,True,constrained,aggregate_all_days,corridor_held_out,corridor,3,27.62962995221301,27.62962995221301,-22.197978617164864,22.197978617164864,-43.38110522159077,43.38110522159077,31.06957126365621,False,
110P04650::PM,110P04650,PM,I395HOV_NB,NORTHBOUND,32577.0,501.0,1.0,4.0,15.375,17.125,18.375,15.20437575228304,16.56553367889311,18.47098973822881,195.99683915674623,0.4166877177610503,ridge_core,core_network,full_network,True,constrained,aggregate_all_days,corridor_held_out,corridor,3,-10.237454863017597,10.237454863017597,-33.567979266413346,33.567979266413346,5.759384293728544,5.759384293728544,16.521606141053162,False,
110P04651::PM,110P04651,PM,I395HOV_NB,NORTHBOUND,32592.0,501.0,1.0,21.0,14.75,17.25,19.25,15.209248554824,16.59145663800457,18.40798060548165,191.92392303945903,0.4321112432335156,ridge_core,core_network,full_network,True,constrained,aggregate_all_days,corridor_held_out,corridor,3,27.55491328943993,27.55491328943993,-39.51260171972585,39.51260171972585,-50.52116367110095,50.52116367110095,39.19622622675558,False,
110P04652::PM,110P04652,PM,I395HOV_NB,NORTHBOUND,32602.0,501.0,1.0,20.0,14.75,17.125,19.25,15.204854599348431,16.56833640296243,18.46406108674378,195.5523892437208,0.4183477815496277,ridge_core,core_network,full_network,True,constrained,aggregate_all_days,corridor_held_out,corridor,3,27.291275960905885,27.291275960905885,-33.3998158222542,33.3998158222542,-47.15633479537324,47.15633479537324,35.94914219284444,False,
110P04653::MD,110P04653,MD,I395HOV_NB,NORTHBOUND,28271.0,501.0,1.0,1.0,12.0,12.25,13.25,12.109796613433668,12.765828941974954,14.681717132244724,154.3152311286634,0.2550748842132009,ridge_core,core_network,full_network,True,constrained,aggregate_all_days,corridor_held_out,corridor,3,6.587796806020059,6.587796806020059,30.94973651849724,30.94973651849724,85.90302793468346,85.90302793468346,41.14685375306692,False,
110P04653::PM,110P04653,PM,I395HOV_NB,NORTHBOUND,28271.0,501.0,1.0,6.0,16.125,17.75,19.625,15.996050057499726,17.01784670501045,18.9744240680139,178.70244063085036,0.3430719727957621,ridge_core,core_network,full_network,True,constrained,aggregate_all_days,corridor_held_out,corridor,3,-7.736996550016428,7.736996550016428,-43.92919769937308,43.92919769937308,-39.03455591916604,39.03455591916604,30.233583389518515,False,
110P04654::MD,110P04654,MD,I395HOV_NB,NORTHBOUND,28287.0,501.0,1.0,16.0,11.875,14.0,19.0,11.743180532892609,12.392280716565516,14.070081465065796,139.6140559303913,0.2789547997931677,ridge_core,core_network,full_network,True,constrained,aggregate_all_days,corridor_held_out,corridor,3,-7.909168026443467,7.909168026443467,-96.46315700606904,96.46315700606904,-295.7951120960521,295.7951120960521,133.38914570952156,False,
110P04654::PM,110P04654,PM,I395HOV_NB,NORTHBOUND,28287.0,501.0,1.0,5.0,12.0,15.0,19.0,15.992783390454836,17.00033137543307,19.013718283689894,181.25609359410345,0.333521913111895,ridge_core,core_network,full_network,True,constrained,aggregate_all_days,corridor_held_out,corridor,3,239.56700342729016,239.56700342729016,120.01988252598424,120.01988252598424,0.8230970213936217,0.8230970213936217,120.136660991556,False,
110P04655::MD,110P04655,MD,I395HOV_NB,NORTHBOUND,28300.0,501.0,1.0,18.0,12.0,12.25,14.25,11.856709278348076,12.522594003971736,14.182718342272995,139.5605438354952,0.2862777862524931,ridge_core,core_network,full_network,True,constrained,aggregate_all_days,corridor_held_out,corridor,3,-8.597443299115355,8.597443299115355,16.35564023830419,16.35564023830419,-4.0368994636201805,4.0368994636201805,9.663327667013242,False,
110P04655::PM,110P04655,PM,I395HOV_NB,NORTHBOUND,28300.0,501.0,1.0,13.0,15.75,17.0,19.25,15.999540219194165,17.035362034587827,18.935952972203488,176.1847651805595,0.3527507549243963,ridge_core,core_network,full_network,True,constrained,aggregate_all_days,corridor_held_out,corridor,3,14.972413151649777,14.972413151649777,2.1217220752696164,2.1217220752696164,-18.84282166779073,18.84282166779073,11.97898563157004,False,
110P04656::MD,110P04656,MD,I395HOV_NB,NORTHBOUND,26762.0,501.0,1.0,1.0,14.5,14.75,15.75,11.042631033579042,11.913335628663004,13.592104034400524,152.96838004928895,0.3415233637710252,ridge_core,core_network,full_network,True,constrained,aggregate_all_days,corridor_held_out,corridor,3,-207.4421379852575,207.4421379852575,-170.19986228021975,170.19986228021975,-129.47375793596854,129.47375793596854,169.0385860671486,False,
110P04656::PM,110P04656,PM,I395HOV_NB,NORTHBOUND,26762.0,501.0,1.0,11.0,14.75,15.25,16.0,15.112008349505004,16.434966663321934,18.330544964818827,193.1121969188296,0.411043424990812,ridge_core,core_network,full_network,True,constrained,aggregate_all_days,corridor_held_out,corridor,3,21.72050097030024,21.72050097030024,71.09799979931601,71.09799979931601,139.83269788912963,139.83269788912963,77.5503995529153,False,
110P04657::MD,110P04657,MD,I395HOV_NB,NORTHBOUND,26779.0,501.0,1.0,3.0,12.75,13.0,15.25,11.069530967007932,11.947622250740324,13.606034354330818,152.19020323937315,0.3461817903027361,ridge_core,core_network,full_network,True,constrained,aggregate_all_days,corridor_held_out,corridor,3,-100.82814197952408,100.82814197952408,-63.142664955580585,63.142664955580585,-98.6379387401509,98.6379387401509,87.53624855841854,False,
110P04657::PM,110P04657,PM,I395HOV_NB,NORTHBOUND,26779.0,501.0,1.0,2.0,16.875,17.125,18.375,15.114445940749071,16.44827831380074,18.29846188538734,191.04095667829617,0.4189151047744522,ridge_core,core_network,full_network,True,constrained,aggregate_all_days,corridor_held_out,corridor,3,-105.63324355505571,105.63324355505571,-40.60330117195569,40.60330117195569,-4.5922868767596015,4.5922868767596015,50.276277201257,False,
110P05687::AM,110P05687,AM,VA7_WB,WESTBOUND,28929.0,202.0,2.0,2.0,7.0,7.75,9.75,6.699332572830282,7.848015580189276,9.623498372727909,175.4499479938575,0.3928241713924735,ridge_core,core_network,full_network,True,constrained,aggregate_all_days,corridor_held_out,corridor,3,-18.040045630183084,18.040045630183084,5.880934811356582,5.880934811356582,-7.590097636325588,7.590097636325588,10.503692692621753,False,
110P05687::MD,110P05687,MD,VA7_WB,WESTBOUND,28929.0,202.0,2.0,2.0,9.25,11.0,13.25,10.39529866641496,11.87729742635359,13.889334614614622,209.6421568919797,0.4241509766670387,ridge_core,core_network,full_network,True,constrained,aggregate_all_days,corridor_held_out,corridor,3,68.71791998489755,68.71791998489755,52.63784558121536,52.63784558121536,38.36007687687733,38.36007687687733,53.23861414766341,False,
110P05697::AM,110P05697,AM,VA7_WB,WESTBOUND,33781.0,102.0,2.0,2.0,7.5,8.0,10.125,7.110795461538731,7.82100896131469,9.403745013623196,137.5769731250678,0.3097379526428399,ridge_core,core_network,full_network,True,constrained,aggregate_all_days,corridor_held_out,corridor,3,-23.352272307676127,23.352272307676127,-10.739462321118598,10.739462321118598,-43.27529918260826,43.27529918260826,25.789011270467665,False,
110P05697::MD,110P05697,MD,VA7_WB,WESTBOUND,33781.0,102.0,2.0,3.0,9.25,11.25,13.5,10.85869149957608,11.798194733336423,13.60470073206548,164.76055394936392,0.342134040426599,ridge_core,core_network,full_network,True,constrained,aggregate_all_days,corridor_held_out,corridor,3,96.52148997456482,96.52148997456482,32.89168400018539,32.89168400018539,6.282043923928775,6.282043923928775,45.231739299559656,False,
110P05697::PM,110P05697,PM,VA7_WB,WESTBOUND,33781.0,102.0,2.0,9.0,12.75,16.75,18.75,15.426607822010707,16.714481625298443,18.49745568174768,184.25087158421795,0.4193870429641042,ridge_core,core_network,full_network,True,constrained,aggregate_all_days,corridor_held_out,corridor,3,160.59646932064254,160.59646932064254,-2.1311024820933966,2.1311024820933966,-15.152659095139567,15.152659095139567,59.29341029929184,False,
110P05699::AM,110P05699,AM,VA7_WB,WESTBOUND,31848.0,202.0,2.0,4.0,6.625,7.0,8.5,6.852658451900626,7.918654987981769,9.611531377664466,165.53237554583035,0.3863884146769843,ridge_core,core_network,full_network,True,constrained,aggregate_all_days,corridor_held_out,corridor,3,13.65950711403757,13.65950711403757,55.11929927890616,55.11929927890616,66.69188265986797,66.69188265986797,45.15689635093724,False,
110P05699::MD,110P05699,MD,VA7_WB,WESTBOUND,31848.0,202.0,2.0,1.0,13.0,13.5,14.5,10.467990437393864,11.991273441256578,13.995219442460671,211.6337403040085,0.4318639367261216,ridge_core,core_network,full_network,True,constrained,aggregate_all_days,corridor_held_out,corridor,3,-151.9205737563682,151.9205737563682,-90.52359352460536,90.52359352460536,-30.286833452359616,30.286833452359616,90.91033357777772,False,
110P05699::PM,110P05699,PM,VA7_WB,WESTBOUND,31848.0,202.0,2.0,5.0,16.5,17.25,19.0,14.861575921392262,16.852109702107725,18.74503674844562,233.0076496232016,0.5125669781059214,ridge_core,core_network,full_network,True,constrained,aggregate_all_days,corridor_held_out,corridor,3,-98.30544471646428,98.30544471646428,-23.87341787353648,23.87341787353648,-15.29779509326275,15.29779509326275,45.82555256108784,False,
110P05708::AM,110P05708,AM,VA7_WB,WESTBOUND,33110.0,502.0,2.0,1.0,4.0,8.5,9.5,6.972107429822327,7.927127421756324,9.617831293047272,158.7434317934967,0.3609673727514016,ridge_core,core_network,full_network,True,constrained,aggregate_all_days,corridor_held_out,corridor,3,178.32644578933957,178.32644578933957,-34.37235469462058,34.37235469462058,7.069877582836348,7.069877582836348,73.2562260222655,False,
110P05710::PM,110P05710,PM,VA7_WB,WESTBOUND,32929.0,502.0,2.0,5.0,15.0,17.0,18.5,15.257830447492513,16.950976216865495,18.81486923317245,213.42232714079628,0.4759986807535842,ridge_core,core_network,full_network,True,constrained,aggregate_all_days,corridor_held_out,corridor,3,15.469826849550756,15.469826849550756,-2.9414269880702903,2.9414269880702903,18.89215399034711,18.89215399034711,12.434469275989386,False,
110P05713::AM,110P05713,AM,VA7_WB,WESTBOUND,35873.0,302.0,2.0,1.0,7.5,8.75,10.0,7.173956546522891,7.911944540961232,9.474097931540356,138.0084831010479,0.3208446225286006,ridge_core,core_network,full_network,True,constrained,aggregate_all_days,corridor_held_out,corridor,3,-19.56260720862652,19.56260720862652,-50.28332754232606,50.28332754232606,-31.554124107578616,31.554124107578616,33.8000196195104,False,
110P05713::MD,110P05713,MD,VA7_WB,WESTBOUND,35873.0,302.0,2.0,3.0,13.5,14.75,17.625,10.998156791620811,11.990797715868103,13.849223621787909,171.0640098100256,0.3481647338968608,ridge_core,core_network,full_network,True,constrained,aggregate_all_days,corridor_held_out,corridor,3,-150.11059250275122,150.11059250275122,-165.5521370479137,165.5521370479137,-226.5465826927256,226.5465826927256,180.7364374144635,False,
110P05713::PM,110P05713,PM,VA7_WB,WESTBOUND,35873.0,302.0,2.0,8.0,14.875,17.375,18.5,15.522006022460513,16.872643857645766,18.677460723015862,189.32728203332087,0.4280327126697608,ridge_core,core_network,full_network,True,constrained,aggregate_all_days,corridor_held_out,corridor,3,38.820361347630765,38.820361347630765,-30.14136854125404,30.14136854125404,10.647643380951736,10.647643380951736,26.53645775661218,False,
110P05714::MD,110P05714,MD,VA7_WB,WESTBOUND,37016.0,301.0,1.0,10.0,10.875,12.75,15.75,10.82798906576974,11.634601334708146,13.428208882268528,156.01318898992724,0.3102092614710222,ridge_core,core_network,full_network,True,constrained,aggregate_all_days,corridor_held_out,corridor,3,-2.820656053815576,2.820656053815576,-66.92391991751126,66.92391991751126,-139.3074670638883,139.3074670638883,69.68401434507172,False,
110P05714::PM,110P05714,PM,VA7_WB,WESTBOUND,37016.0,301.0,1.0,5.0,15.75,17.5,18.5,15.423598839021142,16.533168448534987,18.30360039919339,172.8000936103347,0.3852670168162979,ridge_core,core_network,full_network,True,constrained,aggregate_all_days,corridor_held_out,corridor,3,-19.58406965873145,19.58406965873145,-58.00989308790079,58.00989308790079,-11.783976048396667,11.783976048396667,29.79264626500964,False,
110P05716::PM,110P05716,PM,VA7_WB,WESTBOUND,36581.0,302.0,2.0,3.0,15.5,16.25,18.0,15.463281745817014,16.837913931933848,18.70078641257101,194.2502800052397,0.4245962022025673,ridge_core,core_network,full_network,True,constrained,aggregate_all_days,corridor_held_out,corridor,3,-2.2030952509791746,2.2030952509791746,35.27483591603087,35.27483591603087,42.04718475426056,42.04718475426056,26.508371973756866,False,
110P05717::PM,110P05717,PM,VA7_WB,WESTBOUND,36565.0,302.0,2.0,4.0,15.5,16.875,18.25,15.57121978087017,16.930888924624703,18.70059735258721,187.7626543030221,0.4344854887575958,ridge_core,core_network,full_network,True,constrained,aggregate_all_days,corridor_held_out,corridor,3,4.2731868522101735,4.2731868522101735,3.3533354774822044,3.3533354774822044,27.035841155232347,27.035841155232347,11.554121161641577,False,
110P05718::PM,110P05718,PM,VA7_WB,WESTBOUND,36236.0,202.0,2.0,5.0,15.0,16.0,17.75,15.412200975238031,17.002188263652226,18.881703034303424,208.1701235439234,0.4582753551794984,ridge_core,core_network,full_network,True,constrained,aggregate_all_days,corridor_held_out,corridor,3,24.732058514281974,24.732058514281974,60.13129581913354,60.13129581913354,67.90218205820544,67.90218205820544,50.92184546387366,False,
110P06541::AM,110P06541,AM,US29_SB,SOUTHBOUND,26305.0,101.0,1.0,6.0,5.625,7.125,10.375,6.752303336919036,7.915957946450203,9.728745702423378,178.5865419302605,0.3909548604123542,ridge_core,core_network,full_network,True,constrained,aggregate_all_days,corridor_held_out,corridor,3,67.63820021514218,67.63820021514218,47.4574767870122,47.4574767870122,-38.775257854597314,38.775257854597314,51.29031161891723,False,
110P06541::MD,110P06541,MD,US29_SB,SOUTHBOUND,26305.0,101.0,1.0,4.0,9.5,11.0,12.875,10.828587808978297,12.16673270346918,14.382412526573711,213.2294830557252,0.3765365488808626,ridge_core,core_network,full_network,True,constrained,aggregate_all_days,corridor_held_out,corridor,3,79.71526853869769,79.71526853869769,70.00396220815077,70.00396220815077,90.44475159442278,90.44475159442278,80.05466078042373,False,
110P06541::PM,110P06541,PM,US29_SB,SOUTHBOUND,26305.0,101.0,1.0,8.0,15.75,16.75,19.0,15.215664003704749,17.088990634131378,19.30978100183429,245.64701988777264,0.4575654851296346,ridge_core,core_network,full_network,True,constrained,aggregate_all_days,corridor_held_out,corridor,3,-32.06015977771507,32.06015977771507,20.33943804788265,20.33943804788265,18.586860110057515,18.586860110057515,23.662152645218413,False,
110P06790::AM,110P06790,AM,US29_SB,SOUTHBOUND,33498.0,202.0,2.0,2.0,6.375,8.125,12.0,6.541451994888959,7.770991232928018,9.639102882976635,185.85905328526053,0.3969263427222783,ridge_core,core_network,full_network,True,constrained,aggregate_all_days,corridor_held_out,corridor,3,9.987119693337547,9.987119693337547,-21.24052602431893,21.24052602431893,-141.6538270214019,141.6538270214019,57.62715757968613,False,
110P06790::MD,110P06790,MD,US29_SB,SOUTHBOUND,33498.0,202.0,2.0,1.0,7.5,9.5,13.25,10.235441089911951,11.76955732432582,13.8854333170778,218.9995336299508,0.4203067127091066,ridge_core,core_network,full_network,True,constrained,aggregate_all_days,corridor_held_out,corridor,3,164.1264653947172,164.1264653947172,136.17343945954923,136.17343945954923,38.12599902466797,38.12599902466797,112.80863462631146,False,
110P06790::PM,110P06790,PM,US29_SB,SOUTHBOUND,33498.0,202.0,2.0,1.0,15.25,16.5,19.0,14.54636662467225,16.671478851853944,18.761891486607247,252.93149171609983,0.5041156906393457,ridge_core,core_network,full_network,True,constrained,aggregate_all_days,corridor_held_out,corridor,3,-42.21800251966496,42.21800251966496,10.288731111236658,10.288731111236658,-14.286510803565164,14.286510803565164,22.264414811488923,False,
110P06797::AM,110P06797,AM,US29_SB,SOUTHBOUND,29742.0,202.0,2.0,1.0,5.75,6.25,8.0,6.751873815078386,7.877926119489158,9.642304050071308,173.4258140995753,0.3895794787842472,ridge_core,core_network,full_network,True,constrained,aggregate_all_days,corridor_held_out,corridor,3,60.11242890470315,60.11242890470315,97.67556716934946,97.67556716934946,98.53824300427848,98.53824300427848,85.44207969277704,False,
110P06798::AM,110P06798,AM,US29_SB,SOUTHBOUND,31831.0,402.0,2.0,18.0,6.25,8.125,10.0,6.662499657428899,7.871580674924392,9.907951203147016,194.72709274308696,0.3725463161176116,ridge_core,core_network,full_network,True,constrained,aggregate_all_days,corridor_held_out,corridor,3,24.74997944573396,24.74997944573396,-15.205159504536496,15.205159504536496,-5.522927811179024,5.522927811179024,15.159355587149824,False,
110P06798::MD,110P06798,MD,US29_SB,SOUTHBOUND,31831.0,402.0,2.0,3.0,6.5,9.0,10.25,10.35665916106722,11.872242051256732,14.196235313987746,230.37456917523147,0.3947266129978183,ridge_core,core_network,full_network,True,constrained,aggregate_all_days,corridor_held_out,corridor,3,231.39954966403323,231.39954966403323,172.33452307540392,172.33452307540392,236.7741188392648,236.7741188392648,213.502730526234,False,
110P06798::PM,110P06798,PM,US29_SB,SOUTHBOUND,31831.0,402.0,2.0,19.0,14.25,16.75,20.25,14.717757138742767,16.806146814143993,19.08965972746811,262.3141553235206,0.4776844023896947,ridge_core,core_network,full_network,True,constrained,aggregate_all_days,corridor_held_out,corridor,3,28.065428324566145,28.065428324566145,3.3688088486395884,3.3688088486395884,-69.6204163519134,69.6204163519134,33.684884508373045,False,
110P06803::AM,110P06803,AM,US29_SB,SOUTHBOUND,38639.0,503.0,3.0,12.0,6.5,7.0,9.125,6.778201934766531,7.619960857910327,9.236342061248584,147.48840758892325,0.3424373224599168,ridge_core,core_network,full_network,True,constrained,aggregate_all_days,corridor_held_out,corridor,3,16.69211608599186,16.69211608599186,37.1976514746196,37.1976514746196,6.680523674915122,6.680523674915122,20.19009707850886,False,
110P06803::MD,110P06803,MD,US29_SB,SOUTHBOUND,38639.0,503.0,3.0,7.0,10.0,12.25,13.75,10.429520698642076,11.47798739471369,13.19015565776603,165.63809754743724,0.3797918636820888,ridge_core,core_network,full_network,True,constrained,aggregate_all_days,corridor_held_out,corridor,3,25.771241918524552,25.771241918524552,-46.320756317178606,46.320756317178606,-33.59066053403815,33.59066053403815,35.2275529232471,False,
110P06803::PM,110P06803,PM,US29_SB,SOUTHBOUND,38639.0,503.0,3.0,15.0,14.5,17.25,19.25,15.064004734543971,16.517203706376844,18.28042236966312,192.9850581071489,0.4518066795697815,ridge_core,core_network,full_network,True,constrained,aggregate_all_days,corridor_held_out,corridor,3,33.840284072638376,33.840284072638376,-43.96777761738939,43.96777761738939,-58.17465782021273,58.17465782021273,45.32757317008016,False,
110P10236::AM,110P10236,AM,VA120_NB,NORTHBOUND,27023.0,502.0,2.0,2.0,7.0,7.75,11.5,6.766487923919147,7.74898365240512,9.432210259997143,159.9433401646798,0.3685664163850957,ridge_core,core_network,full_network,True,constrained,aggregate_all_days,corridor_held_out,corridor,3,-14.010724564851174,14.010724564851174,-0.0609808556927937,0.0609808556927937,-124.0673844001714,124.0673844001714,46.046363273571785,False,
110P10236::MD,110P10236,MD,VA120_NB,NORTHBOUND,27023.0,502.0,2.0,5.0,6.75,9.25,12.0,10.401328271398633,11.620153304665134,13.405828088691356,180.26998903756348,0.4056665359909234,ridge_core,core_network,full_network,True,constrained,aggregate_all_days,corridor_held_out,corridor,3,219.079696283918,219.079696283918,142.20919827990804,142.20919827990804,84.34968532148136,84.34968532148136,148.54619329510248,False,
110P10236::PM,110P10236,PM,VA120_NB,NORTHBOUND,27023.0,502.0,2.0,2.0,14.375,16.125,20.625,14.983693944776803,16.679299232938465,18.55789089632233,214.45181709273143,0.474401749861171,ridge_core,core_network,full_network,True,constrained,aggregate_all_days,corridor_held_out,corridor,3,36.521636686608296,36.521636686608296,33.25795397630792,33.25795397630792,-124.02654622066017,124.02654622066017,64.60204562785879,False,
110P16046::PM,110P16046,PM,I395HOV_NB,NORTHBOUND,32620.0,501.0,1.0,17.0,15.75,17.0,18.75,15.204975980646523,16.569037016145526,18.462333219372937,195.4414343235848,0.4187631062635101,ridge_core,core_network,full_network,True,constrained,aggregate_all_days,corridor_held_out,corridor,3,-32.701441161208606,32.701441161208606,-25.857779031268464,25.857779031268464,-17.26000683762379,17.26000683762379,25.273075676700287,False,
110P17130::AM,110P17130,AM,US29_SB,SOUTHBOUND,35398.0,202.0,2.0,3.0,6.25,8.5,9.5,6.546833562745784,7.776373787926795,9.641888850983818,185.7033172942821,0.3972595351861933,ridge_core,core_network,full_network,True,constrained,aggregate_all_days,corridor_held_out,corridor,3,17.81001376474702,17.81001376474702,-43.41757272439228,43.41757272439228,8.513331059029099,8.513331059029099,23.24697251605613,False,
110P17130::MD,110P17130,MD,US29_SB,SOUTHBOUND,35398.0,202.0,2.0,6.0,11.125,14.0,15.75,10.240079203130865,11.771662265685094,13.875238434452909,218.10955387932268,0.421324889803306,ridge_core,core_network,full_network,True,constrained,aggregate_all_days,corridor_held_out,corridor,3,-53.09524781214822,53.09524781214822,-133.70026405889433,133.70026405889433,-112.48569393282558,112.48569393282558,99.76040193462272,False,
110P17131::AM,110P17131,AM,US29_SB,SOUTHBOUND,29758.0,402.0,2.0,4.0,7.625,8.0,9.875,6.585932515692167,7.804796806099919,9.90591244999069,199.19879605791144,0.3671300172075544,ridge_core,core_network,full_network,True,constrained,aggregate_all_days,corridor_held_out,corridor,3,-62.34404905846999,62.34404905846999,-11.712191634004869,11.712191634004869,1.8547469994414456,1.8547469994414456,25.3036625639721,False,
110P17131::MD,110P17131,MD,US29_SB,SOUTHBOUND,29758.0,402.0,2.0,9.0,9.0,12.75,14.0,10.339699799952117,11.87129329555708,14.345474957620135,240.3465094600813,0.3823463462928331,ridge_core,core_network,full_network,True,constrained,aggregate_all_days,corridor_held_out,corridor,3,80.38198799712688,80.38198799712688,-52.72240226657516,52.72240226657516,20.728497457208235,20.728497457208235,51.27762924030342,False,
110P58066::AM,110P58066,AM,VA606_NB,NORTHBOUND,38023.0,503.0,3.0,11.0,6.75,8.25,9.5,7.221433576144699,7.959996154625609,9.575422535527352,141.23933756295915,0.3137493808274281,ridge_core,core_network,full_network,True,constrained,aggregate_all_days,corridor_held_out,corridor,3,28.28601456868196,28.28601456868196,-17.400230722463483,17.400230722463483,4.525352131641114,4.525352131641114,16.73719914092885,False,
110P58066::MD,110P58066,MD,VA606_NB,NORTHBOUND,38023.0,503.0,3.0,11.0,10.75,12.0,12.75,11.102192032361478,12.01313366508306,13.829044935129271,163.61117416606763,0.334063356258404,ridge_core,core_network,full_network,True,constrained,aggregate_all_days,corridor_held_out,corridor,3,21.131521941688653,21.131521941688653,0.7880199049835213,0.7880199049835213,64.74269610775629,64.74269610775629,28.887412651476154,False,
110P58066::PM,110P58066,PM,VA606_NB,NORTHBOUND,38023.0,503.0,3.0,9.0,15.25,18.0,20.0,15.683728272118271,16.944794962662186,18.70855176324368,181.48940946752447,0.4169058770681275,ridge_core,core_network,full_network,True,constrained,aggregate_all_days,corridor_held_out,corridor,3,26.02369632709639,26.02369632709639,-63.31230224026882,63.31230224026882,-77.48689420537922,77.48689420537922,55.60763092424813,False,
110P59142::AM,110P59142,AM,VA643_EB,EASTBOUND,38372.0,604.0,4.0,4.0,6.625,8.375,10.375,6.372832058604372,7.337928960427381,9.468181386863424,185.7209596955432,0.3117893327942465,ridge_core,core_network,full_network,True,constrained,aggregate_all_days,corridor_held_out,corridor,3,-15.130076483737689,15.130076483737689,-62.22426237435714,62.22426237435714,-54.40911678819454,54.40911678819454,43.921151882096446,False,
110P59142::MD,110P59142,MD,VA643_EB,EASTBOUND,38372.0,604.0,4.0,10.0,11.0,11.625,12.625,10.130042726715171,11.299051532837744,13.662338307765074,211.9377348629941,0.3309487497009259,ridge_core,core_network,full_network,True,constrained,aggregate_all_days,corridor_held_out,corridor,3,-52.197436397089625,52.197436397089625,-19.55690802973536,19.55690802973536,62.24029846590444,62.24029846590444,44.66488096424314,False,
110P59142::PM,110P59142,PM,VA643_EB,EASTBOUND,38372.0,604.0,4.0,17.0,14.75,17.25,19.25,14.592717381497856,16.254553422714572,18.65598812382981,243.79624453991767,0.4089897392028001,ridge_core,core_network,full_network,True,constrained,aggregate_all_days,corridor_held_out,corridor,3,-9.436957110128644,9.436957110128644,-59.726794637125664,59.726794637125664,-35.64071257021112,35.64071257021112,34.934821439155144,False,
110+04121::AM,110+04121,AM,I395_NB,NORTHBOUND,29007.0,301.0,1.0,18.0,6.25,7.875,10.625,6.791054850742843,7.619078528146724,9.336927398790168,152.75235288283952,0.3252416064735729,ridge_core,core_network,full_network,True,constrained,aggregate_all_days,corridor_held_out,corridor,4,32.4632910445706,32.4632910445706,-15.355288311196578,15.355288311196578,-77.2843560725899,77.2843560725899,41.70097847611903,False,
110+04121::MD,110+04121,MD,I395_NB,NORTHBOUND,29007.0,301.0,1.0,2.0,6.375,9.0,10.75,10.74914093900935,11.960996382392432,14.128293490220384,202.749153072662,0.3586270300075003,ridge_core,core_network,full_network,True,constrained,aggregate_all_days,corridor_held_out,corridor,4,262.44845634056105,262.44845634056105,177.6597829435459,177.6597829435459,202.69760941322303,202.69760941322303,214.2686162324433,False,
110+04121::PM,110+04121,PM,I395_NB,NORTHBOUND,29007.0,301.0,1.0,18.0,14.375,17.0,19.25,15.169391344078797,16.78399417503678,18.84105174911468,220.29962430215247,0.4397473221498025,ridge_core,core_network,full_network,True,constrained,aggregate_all_days,corridor_held_out,corridor,4,47.6634806447278,47.6634806447278,-12.960349497793118,12.960349497793118,-24.53689505311964,24.53689505311964,28.38690839854685,False,
110+04122::AM,110+04122,AM,I395_NB,NORTHBOUND,32141.0,301.0,1.0,6.0,6.5,7.375,9.375,6.760670877051711,7.56525816512327,9.253214585462723,149.5526225046609,0.3227976646333232,ridge_core,core_network,full_network,True,constrained,aggregate_all_days,corridor_held_out,corridor,4,15.640252623102686,15.640252623102686,11.415489907396186,11.415489907396186,-7.307124872236486,7.307124872236486,11.45428913424512,False,
110+04122::PM,110+04122,PM,I395_NB,NORTHBOUND,32141.0,301.0,1.0,5.0,16.25,17.5,18.75,15.1459795906129,16.690602502534094,18.68718106188688,212.47208827643857,0.4361861149248597,ridge_core,core_network,full_network,True,constrained,aggregate_all_days,corridor_held_out,corridor,4,-66.24122456322593,66.24122456322593,-48.56384984795433,48.56384984795433,-3.769136286787287,3.769136286787287,39.52473689932251,False,
110+04123::AM,110+04123,AM,I395_NB,NORTHBOUND,28025.0,201.0,1.0,16.0,6.25,8.0,9.75,6.949849620332359,7.859940562406003,9.486621982809304,152.2063417486167,0.3587594044839783,ridge_core,core_network,full_network,True,constrained,aggregate_all_days,corridor_held_out,corridor,4,41.99097721994156,41.99097721994156,-8.403566255639845,8.403566255639845,-15.80268103144178,15.80268103144178,22.06574150234106,False,
110+04123::MD,110+04123,MD,I395_NB,NORTHBOUND,28025.0,201.0,1.0,1.0,10.5,11.25,12.25,10.866976780355854,12.172579676413342,14.18941639519465,199.3463768903278,0.3929651242497708,ridge_core,core_network,full_network,True,constrained,aggregate_all_days,corridor_held_out,corridor,4,22.018606821351234,22.018606821351234,55.35478058480052,55.35478058480052,116.364983711679,116.364983711679,64.57945703927692,False,
110+04123::PM,110+04123,PM,I395_NB,NORTHBOUND,28025.0,201.0,1.0,7.0,16.25,17.5,19.0,15.272218740164057,16.953345268781195,18.81031333176364,212.2856754959746,0.475150249687671,ridge_core,core_network,full_network,True,constrained,aggregate_all_days,corridor_held_out,corridor,4,-58.66687559015659,58.66687559015659,-32.79928387312829,32.79928387312829,-11.381200094181947,11.381200094181947,34.28245318582228,False,
110+04124::AM,110+04124,AM,I395_NB,NORTHBOUND,28294.0,201.0,1.0,19.0,6.5,8.0,9.5,6.7994391735490165,7.658682867642634,9.386750582696829,155.2386845488687,0.3320990627783103,ridge_core,core_network,full_network,True,constrained,aggregate_all_days,corridor_held_out,corridor,4,17.96635041294099,17.96635041294099,-20.479027941441963,20.479027941441963,-6.794965038190384,6.794965038190384,15.080114464191112,False,
110+04124::PM,110+04124,PM,I395_NB,NORTHBOUND,28294.0,201.0,1.0,9.0,16.75,17.5,19.0,15.130920474190958,16.69287349827925,18.64429360895204,210.80238808566503,0.4445736231755268,ridge_core,core_network,full_network,True,constrained,aggregate_all_days,corridor_held_out,corridor,4,-97.14477154854252,97.14477154854252,-48.42759010324493,48.42759010324493,-21.342383462877592,21.342383462877592,55.638248371555015,False,
110+04125::AM,110+04125,AM,I395_NB,NORTHBOUND,26708.0,201.0,1.0,3.0,6.75,7.0,8.75,6.638926852641394,7.483087500138945,9.090081851899011,147.06929995545704,0.344393009725302,ridge_core,core_network,full_network,True,constrained,aggregate_all_days,corridor_held_out,corridor,4,-6.664388841516384,6.664388841516384,28.985250008336685,28.985250008336685,20.404911113940685,20.404911113940685,18.68484998793125,False,
110+04126::AM,110+04126,AM,I395_NB,NORTHBOUND,26423.0,201.0,1.0,4.0,6.875,7.625,9.5,6.641426997620467,7.486983252858438,9.094257768059675,147.1698462263526,0.3447266992196786,ridge_core,core_network,full_network,True,constrained,aggregate_all_days,corridor_held_out,corridor,4,-14.01438014277197,14.01438014277197,-8.281004828493739,8.281004828493739,-24.34453391641938,24.34453391641938,15.54663962922836,False,
110+04126::PM,110+04126,PM,I395_NB,NORTHBOUND,26423.0,201.0,1.0,2.0,14.5,15.375,17.75,14.999890237288582,16.537436596059717,18.350564167195643,201.0404357944235,0.4588767486586743,ridge_core,core_network,full_network,True,constrained,aggregate_all_days,corridor_held_out,corridor,4,29.993414237314937,29.993414237314937,69.746195763583,69.746195763583,36.03385003173855,36.03385003173855,45.25782001087882,False,
110+04127::AM,110+04127,AM,I395_NB,NORTHBOUND,26785.0,401.0,1.0,6.0,7.125,8.0,9.5,6.883910609755943,7.689806146002807,9.171219518980738,137.23853455348777,0.3523334924271312,ridge_core,core_network,full_network,True,constrained,aggregate_all_days,corridor_held_out,corridor,4,-14.46536341464343,14.46536341464343,-18.61163123983157,18.61163123983157,-19.72682886115571,19.72682886115571,17.601274505210238,False,
110+04127::MD,110+04127,MD,I395_NB,NORTHBOUND,26785.0,401.0,1.0,2.0,7.5,9.25,10.25,10.820740522239232,11.980070614974442,13.824224453916315,180.2090359006251,0.3859951040549977,ridge_core,core_network,full_network,True,constrained,aggregate_all_days,corridor_held_out,corridor,4,199.24443133435392,199.24443133435392,163.80423689846654,163.80423689846654,214.45346723497903,214.45346723497903,192.5007118225998,False,
110+04128::AM,110+04128,AM,I395_NB,NORTHBOUND,26822.0,101.0,1.0,9.0,7.25,8.75,10.0,6.907756372009194,7.632883943807123,9.13040118664676,133.3586888782539,0.3262453663412574,ridge_core,core_network,full_network,True,constrained,aggregate_all_days,corridor_held_out,corridor,4,-20.53461767944836,20.53461767944836,-67.02696337157263,67.02696337157263,-52.17592880119444,52.17592880119444,46.57916995073848,False,
110+04128::MD,110+04128,MD,I395_NB,NORTHBOUND,26822.0,101.0,1.0,3.0,7.25,9.0,10.0,10.576773398903976,11.43677267342248,13.034695048563515,147.4752989795723,0.3498888073334752,ridge_core,core_network,full_network,True,constrained,aggregate_all_days,corridor_held_out,corridor,4,199.60640393423856,199.60640393423856,146.2063604053488,146.2063604053488,182.0817029138109,182.0817029138109,175.9648224177994,False,
110+04128::PM,110+04128,PM,I395_NB,NORTHBOUND,26822.0,101.0,1.0,12.0,14.375,17.125,19.375,15.16402315880806,16.3936129596196,17.947932614093375,167.03456731711898,0.4416773679464094,ridge_core,core_network,full_network,True,constrained,aggregate_all_days,corridor_held_out,corridor,4,47.34138952848351,47.34138952848351,-43.88322242282406,43.88322242282406,-85.6240431543975,85.6240431543975,58.94955170190169,False,
110+04129::AM,110+04129,AM,I395_NB,NORTHBOUND,26825.0,101.0,1.0,9.0,7.0,8.5,9.75,7.040474906385024,7.787294984573185,9.288224362660202,134.86496737651063,0.3322523674083062,ridge_core,core_network,full_network,True,constrained,aggregate_all_days,corridor_held_out,corridor,4,2.428494383101416,2.428494383101416,-42.762300925608905,42.762300925608905,-27.70653824038789,27.70653824038789,24.299111183032736,False,
110+04129::MD,110+04129,MD,I395_NB,NORTHBOUND,26825.0,101.0,1.0,7.0,7.25,9.0,10.75,10.829208850478263,11.760209430357058,13.44704091313148,157.0699237591931,0.3556380079382212,ridge_core,core_network,full_network,True,constrained,aggregate_all_days,corridor_held_out,corridor,4,214.75253102869576,214.75253102869576,165.6125658214235,165.6125658214235,161.82245478788886,161.82245478788886,180.72918387933603,False,
110+04129::PM,110+04129,PM,I395_NB,NORTHBOUND,26825.0,101.0,1.0,16.0,14.0,17.25,19.875,15.426928370896103,16.751177039656515,18.423996551977343,179.82409086487434,0.4418480290570722,ridge_core,core_network,full_network,True,constrained,aggregate_all_days,corridor_held_out,corridor,4,85.6157022537663,85.6157022537663,-29.92937762060912,29.92937762060912,-87.06020688135943,87.06020688135943,67.53509558524495,False,
110+04130::AM,110+04130,AM,I395_NB,NORTHBOUND,26830.0,101.0,1.0,8.0,6.25,8.125,10.25,7.069975667761578,7.819342808815138,9.419527124025068,140.97308737580943,0.3189405105625073,ridge_core,core_network,full_network,True,constrained,aggregate_all_days,corridor_held_out,corridor,4,49.19854006569467,49.19854006569467,-18.339431471091707,18.339431471091707,-49.82837255849592,49.82837255849592,39.12211469842743,False,
110+04130::MD,110+04130,MD,I395_NB,NORTHBOUND,26830.0,101.0,1.0,2.0,6.125,9.25,11.5,11.05057881871878,12.00766027036676,13.910726114253348,171.6088377320739,0.3346266302935626,ridge_core,core_network,full_network,True,constrained,aggregate_all_days,corridor_held_out,corridor,4,295.5347291231269,295.5347291231269,165.4596162220056,165.4596162220056,144.6435668552008,144.6435668552008,201.87930406677776,False,
110+04130::PM,110+04130,PM,I395_NB,NORTHBOUND,26830.0,101.0,1.0,10.0,12.5,17.25,19.875,15.435916715019282,16.75700748924537,18.52010328232062,185.05119403808024,0.4283433396125719,ridge_core,core_network,full_network,True,constrained,aggregate_all_days,corridor_held_out,corridor,4,176.1550029011569,176.1550029011569,-29.57955064527773,29.57955064527773,-81.29380306076285,81.29380306076285,95.67611886906585,False,
110+04227::MD,110+04227,MD,VA267_WB,WESTBOUND,32011.0,301.0,1.0,1.0,9.0,9.25,10.5,11.180820608314718,12.073822709528349,13.582221181867007,144.08403441313743,0.3718671974383056,ridge_core,core_network,full_network,True,constrained,aggregate_all_days,corridor_held_out,corridor,4,130.8492364988831,130.8492364988831,169.42936257170092,169.42936257170092,184.93327091202053,184.93327091202053,161.73728999420152,False,
110+04228::MD,110+04228,MD,VA267_WB,WESTBOUND,32048.0,201.0,1.0,1.0,14.5,14.75,16.0,10.394358845540053,11.222604729680972,12.66672694167095,136.3420857678539,0.3644857915190556,ridge_core,core_network,full_network,True,constrained,aggregate_all_days,corridor_held_out,corridor,4,-246.33846926759685,246.33846926759685,-211.64371621914168,211.64371621914168,-199.99638349974305,199.99638349974305,219.3261896621605,False,
110+04244::MD,110+04244,MD,VA267_WB,WESTBOUND,36690.0,301.0,1.0,1.0,14.25,14.75,17.25,10.444773476064787,11.112735929152658,12.519727213276214,124.49722423268553,0.3219167931838126,ridge_core,core_network,full_network,True,constrained,aggregate_all_days,corridor_held_out,corridor,4,-228.31359143611263,228.31359143611263,-218.23584425084053,218.23584425084053,-283.81636720342715,283.81636720342715,243.4552676301268,False,
110+04244::PM,110+04244,PM,VA267_WB,WESTBOUND,36690.0,301.0,1.0,16.0,15.0,16.75,18.5,15.323484513151325,16.368593098055257,17.90981588116819,155.17988208101193,0.4040892044337291,ridge_core,core_network,full_network,True,constrained,aggregate_all_days,corridor_held_out,corridor,4,19.40907078907937,19.40907078907937,-22.88441411668458,22.88441411668458,-35.41104712990865,35.41104712990865,25.90151067855753,False,
110+04670::AM,110+04670,AM,I395_NB,NORTHBOUND,26812.0,501.0,1.0,6.0,7.625,8.5,9.875,7.443562505843135,8.012892074858485,9.391097785108744,116.85211675593656,0.2923333790543892,ridge_core,core_network,full_network,True,constrained,aggregate_all_days,corridor_held_out,corridor,4,-10.886249649411877,10.886249649411877,-29.22647550849092,29.22647550849092,-29.03413289347533,29.03413289347533,23.04895268379271,False,
110+04670::MD,110+04670,MD,I395_NB,NORTHBOUND,26812.0,501.0,1.0,5.0,10.25,11.0,12.25,11.119866543048234,11.803903986382672,13.334139704451896,132.85638968421966,0.3089218869910418,ridge_core,core_network,full_network,True,constrained,aggregate_all_days,corridor_held_out,corridor,4,52.19199258289404,52.19199258289404,48.2342391829604,48.2342391829604,65.04838226711378,65.04838226711378,55.15820467765607,False,
110+04670::PM,110+04670,PM,I395_NB,NORTHBOUND,26812.0,501.0,1.0,1.0,15.75,16.5,19.25,15.388929929306512,16.566817115820943,18.21023908711081,169.27854946825786,0.4174966728676869,ridge_core,core_network,full_network,True,constrained,aggregate_all_days,corridor_held_out,corridor,4,-21.66420424160929,21.66420424160929,4.009026949256551,4.009026949256551,-62.38565477335136,62.38565477335136,29.352961988072405,False,
110+04675::AM,110+04675,AM,VA267_WB,WESTBOUND,36089.0,301.0,1.0,2.0,5.875,6.125,8.125,6.727727500509569,7.278483121050617,8.565459956534413,110.26394736149072,0.2996930367831534,ridge_core,core_network,full_network,True,constrained,aggregate_all_days,corridor_held_out,corridor,4,51.16365003057412,51.16365003057412,69.20898726303703,69.20898726303703,26.42759739206479,26.42759739206479,48.93341156189198,False,
110+04675::MD,110+04675,MD,VA267_WB,WESTBOUND,36089.0,301.0,1.0,3.0,10.25,11.25,13.0,10.355040376939185,10.99923703318982,12.364278884988035,120.55431048293106,0.3206173153013122,ridge_core,core_network,full_network,True,constrained,aggregate_all_days,corridor_held_out,corridor,4,6.302422616351073,6.302422616351073,-15.04577800861071,15.04577800861071,-38.14326690071788,38.14326690071788,19.83048917522656,False,
110+05720::PM,110+05720,PM,US50_WB,WESTBOUND,26017.0,205.0,5.0,10.0,16.0,17.0,18.0,15.752580789647483,17.074016325727364,18.566012705042542,168.80591492370365,0.4696881160866211,ridge_core,core_network,full_network,True,constrained,aggregate_all_days,corridor_held_out,corridor,4,-14.845152621150994,14.845152621150994,4.4409795436418165,4.4409795436418165,33.96076230255275,33.96076230255275,17.74896482244852,False,
110+05721::AM,110+05721,AM,US50_WB,WESTBOUND,26674.0,202.0,2.0,7.0,6.75,7.5,9.75,7.098066895721718,8.054495784362707,9.490088912566424,143.52132101068236,0.3998411728260786,ridge_core,core_network,full_network,True,constrained,aggregate_all_days,corridor_held_out,corridor,4,20.8840137433031,20.8840137433031,33.269747061762445,33.269747061762445,-15.594665246014545,15.594665246014545,23.24947535036003,False,
110+05721::PM,110+05721,PM,US50_WB,WESTBOUND,26674.0,202.0,2.0,3.0,12.75,17.5,20.0,15.287544269257186,16.957029982415325,18.5745054656874,197.2176717858126,0.5079115977916854,ridge_core,core_network,full_network,True,constrained,aggregate_all_days,corridor_held_out,corridor,4,152.25265615543117,152.25265615543117,-32.57820105508053,32.57820105508053,-85.5296720587561,85.5296720587561,90.12017642308926,False,
110+05722::PM,110+05722,PM,US50_WB,WESTBOUND,26080.0,202.0,2.0,8.0,15.625,17.125,18.75,15.27587501613356,16.935467001108158,18.54810897863064,196.3340377498245,0.5071739991684905,ridge_core,core_network,full_network,True,constrained,aggregate_all_days,corridor_held_out,corridor,4,-20.947499031986432,20.947499031986432,-11.371979933510517,11.371979933510517,-12.11346128216178,12.11346128216178,14.81098008255291,False,
110+05724::PM,110+05724,PM,US50_WB,WESTBOUND,25846.0,202.0,2.0,4.0,16.25,17.875,19.125,15.302930971751035,16.97331275000824,18.582558063504745,196.7776255052226,0.509320642721,ridge_core,core_network,full_network,True,constrained,aggregate_all_days,corridor_held_out,corridor,4,-56.824141694937786,56.824141694937786,-54.10123499950558,54.10123499950558,-32.54651618971529,32.54651618971529,47.82396429471955,False,
110+05725::AM,110+05725,AM,US50_WB,WESTBOUND,26680.0,402.0,2.0,8.0,7.125,7.875,9.25,7.22776814006994,8.09830228530019,9.637002131218033,144.55403946888546,0.3613323356837609,ridge_core,core_network,full_network,True,constrained,aggregate_all_days,corridor_held_out,corridor,4,6.16608840419639,6.16608840419639,13.398137118011348,13.398137118011348,23.220127873081857,23.220127873081857,14.2614511317632,False,
110+05725::MD,110+05725,MD,US50_WB,WESTBOUND,26680.0,402.0,2.0,1.0,7.25,9.0,10.75,10.91465839467404,11.978217818885062,13.687378830093667,166.36322612517773,0.3835797546066204,ridge_core,core_network,full_network,True,constrained,aggregate_all_days,corridor_held_out,corridor,4,219.87950368044235,219.87950368044235,178.6930691331037,178.6930691331037,176.24272980562006,176.24272980562006,191.6051008730553,False,
110+05725::PM,110+05725,PM,US50_WB,WESTBOUND,26680.0,402.0,2.0,1.0,12.75,17.0,20.75,15.502735372464173,17.061457173279518,18.826222554049043,199.40923089509224,0.4690018994061645,ridge_core,core_network,full_network,True,constrained,aggregate_all_days,corridor_held_out,corridor,4,165.16412234785037,165.16412234785037,3.687430396771063,3.687430396771063,-115.42664675705744,115.42664675705744,94.75939983389294,False,
110+05726::AM,110+05726,AM,US50_WB,WESTBOUND,34094.0,202.0,2.0,5.0,7.5,8.5,9.5,6.855516133118369,8.0135726053772,9.708867102885396,171.20105818602153,0.405858404566819,ridge_core,core_network,full_network,True,constrained,aggregate_all_days,corridor_held_out,corridor,4,-38.66903201289784,38.66903201289784,-29.18564367736796,29.18564367736796,12.532026173123754,12.532026173123754,26.79556728779652,False,
110+05727::AM,110+05727,AM,US50_WB,WESTBOUND,28967.0,202.0,2.0,8.0,7.25,8.5,9.5,6.892003199134094,8.058808137446215,9.742144027852504,171.0084497231046,0.4093850123317537,ridge_core,core_network,full_network,True,constrained,aggregate_all_days,corridor_held_out,corridor,4,-21.47980805195436,21.47980805195436,-26.471511753227084,26.471511753227084,14.52864167115024,14.52864167115024,20.82665382544389,False,
110+05727::PM,110+05727,PM,US50_WB,WESTBOUND,28967.0,202.0,2.0,13.0,14.25,16.625,19.25,15.02978083934032,17.007641541033678,18.8838792323286,231.24590357929645,0.5131837592137402,ridge_core,core_network,full_network,True,constrained,aggregate_all_days,corridor_held_out,corridor,4,46.78685036041923,46.78685036041923,22.958492462020672,22.958492462020672,-21.967246060284253,21.967246060284253,30.57086296090805,False,
110+05729::MD,110+05729,MD,US50_WB,WESTBOUND,34073.0,202.0,2.0,2.0,12.5,12.75,14.5,10.7684531389426,12.046542384469486,13.908126382342836,188.38039460401413,0.4070771530806588,ridge_core,core_network,full_network,True,constrained,aggregate_all_days,corridor_held_out,corridor,4,-103.89281166344396,103.89281166344396,-42.20745693183083,42.20745693183083,-35.51241705942985,35.51241705942985,60.53756188490155,False,
110+05731::MD,110+05731,MD,US50_WB,WESTBOUND,31713.0,102.0,2.0,1.0,14.5,14.75,15.5,11.106856756031537,12.091294270456252,13.847142786662358,164.41716183784936,0.3592462624049855,ridge_core,core_network,full_network,True,constrained,aggregate_all_days,corridor_held_out,corridor,4,-203.5885946381078,203.5885946381078,-159.52234377262485,159.52234377262485,-99.17143280025851,99.17143280025851,154.09412373699703,False,
110+05733::AM,110+05733,AM,US50_WB,WESTBOUND,29870.0,202.0,2.0,3.0,7.5,8.0,9.25,6.8586848846637,8.016513278131384,9.71710763719019,171.50536515158942,0.4050584863433192,ridge_core,core_network,full_network,True,constrained,aggregate_all_days,corridor_held_out,corridor,4,-38.478906920178005,38.478906920178005,0.990796687883062,0.990796687883062,28.026458231411446,28.026458231411446,22.498720613157506,False,
110+05733::MD,110+05733,MD,US50_WB,WESTBOUND,29870.0,202.0,2.0,5.0,11.25,13.5,15.25,10.678357046617595,12.12162716869654,14.160967993822988,208.95665683232352,0.4144218645028641,ridge_core,core_network,full_network,True,constrained,aggregate_all_days,corridor_held_out,corridor,4,-34.29857720294429,34.29857720294429,-82.70236987820763,82.70236987820763,-65.34192037062073,65.34192037062073,60.78095581725754,False,
110+05733::PM,110+05733,PM,US50_WB,WESTBOUND,29870.0,202.0,2.0,12.0,13.75,17.0,18.5,15.015167052667367,16.994912164887964,18.94211722986754,235.6170106320105,0.5041431703704753,ridge_core,core_network,full_network,True,constrained,aggregate_all_days,corridor_held_out,corridor,4,75.91002316004204,75.91002316004204,-0.3052701067221619,0.3052701067221619,26.52703379205249,26.52703379205249,34.2474423529389,False,
110+05734::AM,110+05734,AM,US50_WB,WESTBOUND,29867.0,202.0,2.0,2.0,8.0,8.375,9.375,6.826823465172344,7.978730858187593,9.678801609121145,171.11868863692794,0.4038976930658863,ridge_core,core_network,full_network,True,constrained,aggregate_all_days,corridor_held_out,corridor,4,-70.39059208965935,70.39059208965935,-23.77614850874444,23.77614850874444,18.22809654726857,18.22809654726857,37.464945715224125,False,
110+05734::MD,110+05734,MD,US50_WB,WESTBOUND,29867.0,202.0,2.0,1.0,13.5,14.5,15.25,10.616522306341713,12.040121417589996,14.054006471495205,206.24904990920945,0.4141398310076916,ridge_core,core_network,full_network,True,constrained,aggregate_all_days,corridor_held_out,corridor,4,-173.00866161949725,173.00866161949725,-147.59271494460026,147.59271494460026,-71.75961171028781,71.75961171028781,130.78699609146176,False,
110+05734::PM,110+05734,PM,US50_WB,WESTBOUND,29867.0,202.0,2.0,6.0,16.125,16.75,18.0,14.976868932815911,16.940375951381004,18.87169489968159,233.6895580119408,0.5041321577059334,ridge_core,core_network,full_network,True,constrained,aggregate_all_days,corridor_held_out,corridor,4,-68.88786403104532,68.88786403104532,11.422557082860225,11.422557082860225,52.301693980895365,52.301693980895365,44.20403836493364,False,
110+05735::MD,110+05735,MD,US50_WB,WESTBOUND,34632.0,202.0,2.0,1.0,6.0,9.0,10.0,10.651356366727535,12.083374366793777,14.059231605351782,204.47251431745465,0.4202084582897881,ridge_core,core_network,full_network,True,constrained,aggregate_all_days,corridor_held_out,corridor,4,279.0813820036522,279.0813820036522,185.0024620076265,185.0024620076265,243.5538963211069,243.5538963211069,235.87924677746187,False,
110+05745::AM,110+05745,AM,US50_WB,WESTBOUND,32903.0,302.0,2.0,10.0,7.25,8.0,9.375,6.854174649974158,7.767160132039314,9.49671206455066,158.55224487459,0.345495763666027,ridge_core,core_network,full_network,True,constrained,aggregate_all_days,corridor_held_out,corridor,4,-23.749521001550544,23.749521001550544,-13.970392077641147,13.970392077641147,7.302723873039518,7.302723873039518,15.007545650743737,False,
110+05745::MD,110+05745,MD,US50_WB,WESTBOUND,32903.0,302.0,2.0,2.0,11.125,12.75,15.75,10.72528361266238,11.9477054679768,14.056965149793967,199.90089222789524,0.3669083739518715,ridge_core,core_network,full_network,True,constrained,aggregate_all_days,corridor_held_out,corridor,4,-23.98298324025728,23.98298324025728,-48.13767192139192,48.13767192139192,-101.58209101236196,101.58209101236196,57.90091539133706,False,
110+05745::PM,110+05745,PM,US50_WB,WESTBOUND,32903.0,302.0,2.0,17.0,13.5,16.875,19.25,15.13256466233409,16.78508058659629,18.770365629508667,218.2680580304745,0.4542623247323186,ridge_core,core_network,full_network,True,constrained,aggregate_all_days,corridor_held_out,corridor,4,97.9538797400454,97.9538797400454,-5.395164804222574,5.395164804222574,-28.77806222947996,28.77806222947996,44.04236892458264,False,
110+05746::AM,110+05746,AM,US50_WB,WESTBOUND,30789.0,402.0,2.0,3.0,7.25,7.5,9.25,6.832589882483458,7.835519920640763,9.83199564751134,179.96434590167303,0.3343762454053898,ridge_core,core_network,full_network,True,constrained,aggregate_all_days,corridor_held_out,corridor,4,-25.0446070509925,25.0446070509925,20.1311952384458,20.1311952384458,34.91973885068049,34.91973885068049,26.69851371337293,False,
110+05746::PM,110+05746,PM,US50_WB,WESTBOUND,30789.0,402.0,2.0,5.0,16.5,17.5,18.5,15.039911655698964,16.862488316682434,19.15595182419701,246.96241010988308,0.4427985603572301,ridge_core,core_network,full_network,True,constrained,aggregate_all_days,corridor_held_out,corridor,4,-87.60530065806208,87.60530065806208,-38.25070099905396,38.25070099905396,39.35710945182109,39.35710945182109,55.07103703631238,False,
110+05747::AM,110+05747,AM,US50_WB,WESTBOUND,30832.0,202.0,2.0,3.0,5.5,8.75,10.5,6.672089402134908,7.76882004716122,9.611471042045045,176.36289839460804,0.3731161105911519,ridge_core,core_network,full_network,True,constrained,aggregate_all_days,corridor_held_out,corridor,4,70.32536412809449,70.32536412809449,-58.87079717032682,58.87079717032682,-53.31173747729743,53.31173747729743,60.83596625857291,False,
110+05747::MD,110+05747,MD,US50_WB,WESTBOUND,30832.0,202.0,2.0,1.0,5.25,9.25,11.75,10.461569408224385,11.907032346201696,14.117625467698115,219.36336356842392,0.395361262098748,ridge_core,core_network,full_network,True,constrained,aggregate_all_days,corridor_held_out,corridor,4,312.69416449346306,312.69416449346306,159.42194077210175,159.42194077210175,142.057528061887,142.057528061887,204.724544442484,False,
110+05747::PM,110+05747,PM,US50_WB,WESTBOUND,30832.0,202.0,2.0,1.0,13.75,16.75,20.25,14.826972660401928,16.755585067273923,18.80012022578584,238.38885392303465,0.4854117233588434,ridge_core,core_network,full_network,True,constrained,aggregate_all_days,corridor_held_out,corridor,4,64.61835962411558,64.61835962411558,0.3351040364353963,0.3351040364353963,-86.99278645284984,86.99278645284984,50.64875003780028,False,
110+05748::MD,110+05748,MD,US50_WB,WESTBOUND,30826.0,302.0,2.0,7.0,10.5,12.75,15.0,10.70917764640988,11.928352877600062,14.065544928857244,201.38203694684185,0.3632424966022178,ridge_core,core_network,full_network,True,constrained,aggregate_all_days,corridor_held_out,corridor,4,12.55065878459284,12.55065878459284,-49.298827343996265,49.298827343996265,-56.06730426856533,56.06730426856533,39.30559679905148,False,
110+05748::PM,110+05748,PM,US50_WB,WESTBOUND,30826.0,302.0,2.0,7.0,14.75,17.25,19.25,15.111641441891395,16.748322390356442,18.74076841109191,217.7476181520308,0.4509847581402207,ridge_core,core_network,full_network,True,constrained,aggregate_all_days,corridor_held_out,corridor,4,21.69848651348381,21.69848651348381,-30.100656578613467,30.100656578613467,-30.553895334485404,30.553895334485404,27.45101280886089,False,
110+05749::MD,110+05749,MD,US50_WB,WESTBOUND,32915.0,302.0,2.0,2.0,11.875,12.5,14.125,10.719726818399277,11.950650638429169,14.119852170805384,204.0075211443664,0.3620230704608656,ridge_core,core_network,full_network,True,constrained,aggregate_all_days,corridor_held_out,corridor,4,-69.31639089604339,69.31639089604339,-32.96096169424988,32.96096169424988,-0.3088697516769656,0.3088697516769656,34.19540744732341,False,
110+05749::PM,110+05749,PM,US50_WB,WESTBOUND,32915.0,302.0,2.0,21.0,14.25,17.25,18.5,15.107493255071851,16.760635049314597,18.78839440787837,220.8540691683912,0.4491133354619697,ridge_core,core_network,full_network,True,constrained,aggregate_all_days,corridor_held_out,corridor,4,51.44959530431109,51.44959530431109,-29.361897041124152,29.361897041124152,17.30366447270228,17.30366447270228,32.70505227271251,False,
110+05750::AM,110+05750,AM,US50_WB,WESTBOUND,35511.0,302.0,2.0,3.0,7.25,8.25,9.5,6.872682798768044,7.778237288815027,9.47076692403198,155.8850475158361,0.3485470240325605,ridge_core,core_network,full_network,True,constrained,aggregate_all_days,corridor_held_out,corridor,4,-22.639032073917367,22.639032073917367,-28.30576267109839,28.30576267109839,-1.7539845580812496,1.7539845580812496,17.566259767699,False,
110+05750::MD,110+05750,MD,US50_WB,WESTBOUND,35511.0,302.0,2.0,1.0,9.0,9.75,11.25,10.725433832370683,11.944976308008885,14.039077283565716,198.81860707170208,0.3680367225986199,ridge_core,core_network,full_network,True,constrained,aggregate_all_days,corridor_held_out,corridor,4,103.526029942241,103.526029942241,131.69857848053297,131.69857848053297,167.34463701394304,167.34463701394304,134.18974847890567,False,
110+05750::PM,110+05750,PM,US50_WB,WESTBOUND,35511.0,302.0,2.0,4.0,16.25,17.25,18.5,15.13754740622647,16.82771792033582,18.86776483743105,223.81304587227467,0.4531024116638565,ridge_core,core_network,full_network,True,constrained,aggregate_all_days,corridor_held_out,corridor,4,-66.74715562641175,66.74715562641175,-25.336924779850705,25.336924779850705,22.065890245863,22.065890245863,38.049990217375154,False,
110+05751::AM,110+05751,AM,US50_WB,WESTBOUND,35839.0,302.0,2.0,1.0,8.5,8.75,10.0,7.312746810159053,8.116445108675276,9.650501088649335,140.2652567094169,0.3437907507692592,ridge_core,core_network,full_network,True,constrained,aggregate_all_days,corridor_held_out,corridor,4,-71.2351913904568,71.2351913904568,-38.013293479483465,38.013293479483465,-20.969934681039888,20.969934681039888,43.40613985032672,False,
110+05751::PM,110+05751,PM,US50_WB,WESTBOUND,35839.0,302.0,2.0,7.0,16.5,17.0,18.25,15.643131458162586,17.106758956058584,18.89734585060221,195.2528635463776,0.4497636975905401,ridge_core,core_network,full_network,True,constrained,aggregate_all_days,corridor_held_out,corridor,4,-51.41211251024487,51.41211251024487,6.405537363515066,6.405537363515066,38.84075103613263,38.84075103613263,32.21946696996419,False,
110+05752::PM,110+05752,PM,US50_WB,WESTBOUND,36123.0,402.0,2.0,2.0,15.875,16.25,17.5,15.482044669420404,17.03555009304616,19.14302742463083,219.65896531262555,0.424341092952366,ridge_core,core_network,full_network,True,constrained,aggregate_all_days,corridor_held_out,corridor,4,-23.577319834775672,23.577319834775672,47.1330055827697,47.1330055827697,98.5816454778498,98.5816454778498,56.430656965131725,False,
110+13196::AM,110+13196,AM,VA294_WB,WESTBOUND,38815.0,303.0,3.0,8.0,6.25,7.125,8.875,6.896641282314895,7.79952130016301,9.776325762731798,172.78106882501416,0.3135343555823874,ridge_core,core_network,full_network,True,constrained,aggregate_all_days,corridor_held_out,corridor,4,38.798476938893685,38.798476938893685,40.47127800978062,40.47127800978062,54.07954576390786,54.07954576390786,44.44976690419406,False,
110+13196::MD,110+13196,MD,VA294_WB,WESTBOUND,38815.0,303.0,3.0,1.0,11.75,12.0,18.75,10.718158089721973,11.913565684780062,14.3083607735352,215.4121610287937,0.3329638185742828,ridge_core,core_network,full_network,True,constrained,aggregate_all_days,corridor_held_out,corridor,4,-61.91051461668174,61.91051461668174,-5.18605891319627,5.18605891319627,-266.49835358788806,266.49835358788806,111.19830903925536,False,
110+13196::PM,110+13196,PM,VA294_WB,WESTBOUND,38815.0,303.0,3.0,19.0,14.75,17.25,19.25,15.079870282454213,16.750384246935816,19.11979855375526,242.3956962780628,0.4135008971195471,ridge_core,core_network,full_network,True,constrained,aggregate_all_days,corridor_held_out,corridor,4,19.792216947252754,19.792216947252754,-29.97694518385103,29.97694518385103,-7.812086774684417,7.812086774684417,19.193749635262733,False,
110+13197::AM,110+13197,AM,VA294_WB,WESTBOUND,38814.0,303.0,3.0,1.0,6.25,7.0,9.0,6.956741700424386,7.863270775578164,9.811084288030733,171.26055525638066,0.3175964507869375,ridge_core,core_network,full_network,True,constrained,aggregate_all_days,corridor_held_out,corridor,4,42.40450202546317,42.40450202546317,51.79624653468986,51.79624653468986,48.66505728184386,48.66505728184386,47.62193528066562,False,
110+13198::AM,110+13198,AM,VA294_WB,WESTBOUND,39188.0,303.0,3.0,1.0,7.75,8.0,10.5,7.057662862824823,7.977577542937134,9.878411498751138,169.24491815557892,0.326124302036653,ridge_core,core_network,full_network,True,constrained,aggregate_all_days,corridor_held_out,corridor,4,-41.54022823051064,41.54022823051064,-1.3453474237719831,1.3453474237719831,-37.29531007493172,37.29531007493172,26.72696190973811,False,
110+13198::MD,110+13198,MD,VA294_WB,WESTBOUND,39188.0,303.0,3.0,11.0,10.75,13.25,15.0,10.709523254793329,11.828733969724354,13.932889010930424,193.40194536822568,0.3472180322075195,ridge_core,core_network,full_network,True,constrained,aggregate_all_days,corridor_held_out,corridor,4,-2.4286047124002863,2.4286047124002863,-85.27596181653877,85.27596181653877,-64.02665934417456,64.02665934417456,50.577075291037865,False,
110+13198::PM,110+13198,PM,VA294_WB,WESTBOUND,39188.0,303.0,3.0,6.0,16.125,17.375,19.0,15.216595571972976,16.855986543226493,19.03199625265541,228.9240408409464,0.4296772759814802,ridge_core,core_network,full_network,True,constrained,aggregate_all_days,corridor_held_out,corridor,4,-54.50426568162136,54.50426568162136,-31.14080740641043,31.14080740641043,1.91977515932507,1.91977515932507,29.188282749118954,False,
110+13199::MD,110+13199,MD,VA294_WB,WESTBOUND,39188.0,303.0,3.0,9.0,12.0,14.5,15.25,10.709523254793329,11.828733969724354,13.932889010930424,193.40194536822568,0.3472180322075195,ridge_core,core_network,full_network,True,constrained,aggregate_all_days,corridor_held_out,corridor,4,-77.42860471240029,77.42860471240029,-160.27596181653877,160.27596181653877,-79.02665934417456,79.02665934417456,105.57707529103789,False,
110+13199::PM,110+13199,PM,VA294_WB,WESTBOUND,39188.0,303.0,3.0,1.0,16.75,17.25,18.0,15.216595571972976,16.855986543226493,19.03199625265541,228.9240408409464,0.4296772759814802,ridge_core,core_network,full_network,True,constrained,aggregate_all_days,corridor_held_out,corridor,4,-92.00426568162136,92.00426568162136,-23.64080740641043,23.64080740641043,61.91977515932507,61.91977515932507,59.18828274911895,False,
110+13200::PM,110+13200,PM,VA294_WB,WESTBOUND,39074.0,303.0,3.0,2.0,14.25,15.5,17.5,15.229142042461216,16.8596434106398,19.01251788437368,227.00255051474784,0.4309646824182241,ridge_core,core_network,full_network,True,constrained,aggregate_all_days,corridor_held_out,corridor,4,58.74852254767287,58.74852254767287,81.57860463838809,81.57860463838809,90.75107306242074,90.75107306242074,77.02606674949389,False,
110+13201::AM,110+13201,AM,VA294_WB,WESTBOUND,38950.0,403.0,3.0,5.0,7.75,8.75,10.0,6.874180268211323,7.682934776568419,9.433487365434722,153.55842583340387,0.3160052614375651,ridge_core,core_network,full_network,True,constrained,aggregate_all_days,corridor_held_out,corridor,4,-52.5491839073206,52.5491839073206,-64.02391340589487,64.02391340589487,-33.99075807391668,33.99075807391668,50.18795179571072,False,
110+13201::MD,110+13201,MD,VA294_WB,WESTBOUND,38950.0,403.0,3.0,2.0,7.625,10.0,11.25,10.565816060570716,11.562089612927233,13.529726605584711,177.83463270083996,0.3361348249974972,ridge_core,core_network,full_network,True,constrained,aggregate_all_days,corridor_held_out,corridor,4,176.4489636342429,176.4489636342429,93.72537677563386,93.72537677563386,136.7835963350828,136.7835963350828,135.6526455816532,False,
110+13201::PM,110+13201,PM,VA294_WB,WESTBOUND,38950.0,403.0,3.0,13.0,13.5,15.25,19.5,15.142663911654498,16.598458781473532,18.613345823929176,208.24091473648065,0.4194549966305924,ridge_core,core_network,full_network,True,constrained,aggregate_all_days,corridor_held_out,corridor,4,98.5598346992699,98.5598346992699,80.90752688841192,80.90752688841192,-53.19925056424943,53.19925056424943,77.55553738397708,False,
110+13202::PM,110+13202,PM,VA294_WB,WESTBOUND,38305.0,303.0,3.0,3.0,14.75,15.25,17.25,15.201868290377252,16.857689764149445,19.06720875867088,231.92042809761728,0.4283766171064266,ridge_core,core_network,full_network,True,constrained,aggregate_all_days,corridor_held_out,corridor,4,27.11209742263513,27.11209742263513,96.46138584896669,96.46138584896669,109.03252552025236,109.03252552025236,77.5353362639514,False,
110+13203::AM,110+13203,AM,VA294_WB,WESTBOUND,38183.0,303.0,3.0,3.0,7.5,8.25,10.25,6.980746461571674,7.899276722884819,9.837173044469443,171.38559497386615,0.3215662068168124,ridge_core,core_network,full_network,True,constrained,aggregate_all_days,corridor_held_out,corridor,4,-31.15521230569956,31.15521230569956,-21.04339662691085,21.04339662691085,-24.76961733183341,24.76961733183341,25.65607542148128,False,
110+13203::PM,110+13203,PM,VA294_WB,WESTBOUND,38183.0,303.0,3.0,14.0,14.875,16.375,18.875,15.187661607910352,16.843103722609015,19.06846743536024,232.84834964699272,0.426571745226035,ridge_core,core_network,full_network,True,constrained,aggregate_all_days,corridor_held_out,corridor,4,18.759696474621208,18.759696474621208,28.086223356540927,28.086223356540927,11.608046121613995,11.608046121613995,19.484655317592043,False,
110+13207::AM,110+13207,AM,VA294_WB,WESTBOUND,40138.0,503.0,3.0,1.0,6.25,6.75,7.5,6.955707357524226,7.821113555716737,9.411714304949818,147.36041684553555,0.3523630904626054,ridge_core,core_network,full_network,True,constrained,aggregate_all_days,corridor_held_out,corridor,4,42.34244145145354,42.34244145145354,64.26681334300423,64.26681334300423,114.70285829698908,114.70285829698908,73.77070436381563,False,
110+13207::PM,110+13207,PM,VA294_WB,WESTBOUND,40138.0,503.0,3.0,5.0,15.25,16.75,18.0,15.302262685856585,16.822015397991123,18.615772427645293,198.81058450732257,0.4586534613035854,ridge_core,core_network,full_network,True,constrained,aggregate_all_days,corridor_held_out,corridor,4,3.135761151394973,3.135761151394973,4.3209238794673865,4.3209238794673865,36.94634565871759,36.94634565871759,14.801010229859983,False,
110+13208::AM,110+13208,AM,VA294_WB,WESTBOUND,38390.0,503.0,3.0,8.0,7.125,7.875,9.25,6.884367288691049,7.739680162030392,9.30150578368831,145.0283096998356,0.3538534821689285,ridge_core,core_network,full_network,True,constrained,aggregate_all_days,corridor_held_out,corridor,4,-14.437962678537062,14.437962678537062,-8.119190278176447,8.119190278176447,3.090347021298569,3.090347021298569,8.54916665933736,False,
110+16036::AM,110+16036,AM,US50_WB,WESTBOUND,36132.0,603.0,3.0,12.0,6.625,7.375,8.875,6.943414275515689,7.748385623303013,9.30964155196797,141.97363658713675,0.3401918977936176,ridge_core,core_network,full_network,True,constrained,aggregate_all_days,corridor_held_out,corridor,4,19.104856530941348,19.104856530941348,22.40313739818081,22.40313739818081,26.07849311807815,26.07849311807815,22.52882901573344,False,
110+16036::MD,110+16036,MD,US50_WB,WESTBOUND,36132.0,603.0,3.0,6.0,10.0,10.75,12.5,10.907054339188742,11.86644948624161,13.713295060798096,168.37444329656128,0.3418791337696302,ridge_core,core_network,full_network,True,constrained,aggregate_all_days,corridor_held_out,corridor,4,54.423260351324494,54.423260351324494,66.9869691744966,66.9869691744966,72.79770364788575,72.79770364788575,64.73597772456894,False,
110+16036::PM,110+16036,PM,US50_WB,WESTBOUND,36132.0,603.0,3.0,13.0,13.25,16.75,18.25,15.393347565190762,16.766033805029945,18.589447227282967,191.7659797255324,0.4294879337212549,ridge_core,core_network,full_network,True,constrained,aggregate_all_days,corridor_held_out,corridor,4,128.6008539114457,128.6008539114457,0.9620283017967068,0.9620283017967068,20.366833636978043,20.366833636978043,49.976571950073485,False,
110+50122::AM,110+50122,AM,VA644_EB,EASTBOUND,29500.0,404.0,4.0,13.0,6.25,8.0,11.75,6.42256058388516,7.459485819472491,9.527332598104564,186.2863208531644,0.3339778994523154,ridge_core,core_network,full_network,True,constrained,aggregate_all_days,corridor_held_out,corridor,4,10.353635033109576,10.353635033109576,-32.43085083165056,32.43085083165056,-133.36004411372613,133.36004411372613,58.71484332616209,False,
110+50122::MD,110+50122,MD,VA644_EB,EASTBOUND,29500.0,404.0,4.0,5.0,6.5,9.5,10.5,10.078336921363086,11.297243331405465,13.548771884497723,208.22609778807825,0.351225832781898,ridge_core,core_network,full_network,True,constrained,aggregate_all_days,corridor_held_out,corridor,4,214.70021528178512,214.70021528178512,107.83459988432789,107.83459988432789,182.9263130698634,182.9263130698634,168.48704274532545,False,
110+50122::PM,110+50122,PM,VA644_EB,EASTBOUND,29500.0,404.0,4.0,13.0,14.5,17.25,19.75,14.568937896477868,16.355486724889094,18.63156525527725,243.7576415279632,0.4397520792896933,ridge_core,core_network,full_network,True,constrained,aggregate_all_days,corridor_held_out,corridor,4,4.136273788672078,4.136273788672078,-53.67079650665438,53.67079650665438,-67.10608468336467,67.10608468336467,41.63771832623038,False,
110+50123::AM,110+50123,AM,VA644_EB,EASTBOUND,29455.0,403.0,3.0,2.0,5.25,7.125,9.75,6.770566580644791,7.6787844382926975,9.622614749195463,171.12289011304026,0.3184440808758976,ridge_core,core_network,full_network,True,constrained,aggregate_all_days,corridor_held_out,corridor,4,91.2339948386875,91.2339948386875,33.22706629756185,33.22706629756185,-7.643115048272193,7.643115048272193,44.03472539484051,False,
110+50123::MD,110+50123,MD,VA644_EB,EASTBOUND,29455.0,403.0,3.0,3.0,7.5,9.75,12.25,10.507283951005393,11.612796601049508,13.76065106124138,195.20202661415925,0.3398056882562898,ridge_core,core_network,full_network,True,constrained,aggregate_all_days,corridor_held_out,corridor,4,180.43703706032343,180.43703706032343,111.76779606297048,111.76779606297048,90.63906367448276,90.63906367448276,127.61463226592558,False,
110+50123::PM,110+50123,PM,VA644_EB,EASTBOUND,29455.0,403.0,3.0,2.0,15.25,17.375,21.125,15.024562910508614,16.629576050671893,18.80741207472493,226.97094985297872,0.424286845837214,ridge_core,core_network,full_network,True,constrained,aggregate_all_days,corridor_held_out,corridor,4,-13.526225369483171,13.526225369483171,-44.72543695968639,44.72543695968639,-139.05527551650442,139.05527551650442,65.76897928189133,False,
110+50125::AM,110+50125,AM,VA644_EB,EASTBOUND,29603.0,403.0,3.0,5.0,6.75,7.75,9.25,7.01042732190741,7.812919368714935,9.616508731238806,156.3648845598837,0.3079305366033859,ridge_core,core_network,full_network,True,constrained,aggregate_all_days,corridor_held_out,corridor,4,15.625639314444602,15.625639314444602,3.7751621228960985,3.7751621228960985,21.99052387432836,21.99052387432836,13.797108437223022,False,
110+50125::MD,110+50125,MD,VA644_EB,EASTBOUND,29603.0,403.0,3.0,3.0,9.0,13.5,15.75,10.671533457917212,11.631547988066874,13.57901324064264,174.44878696352566,0.3301878609280503,ridge_core,core_network,full_network,True,constrained,aggregate_all_days,corridor_held_out,corridor,4,100.2920074750327,100.2920074750327,-112.10712071598756,112.10712071598756,-130.2592055614416,130.2592055614416,114.21944458415396,False,
110+50125::PM,110+50125,PM,VA644_EB,EASTBOUND,29603.0,403.0,3.0,1.0,16.5,17.5,20.0,15.29794742120133,16.710082190858767,18.70458064400325,204.3979933681152,0.4145250390342785,ridge_core,core_network,full_network,True,constrained,aggregate_all_days,corridor_held_out,corridor,4,-72.12315472792017,72.12315472792017,-47.39506854847399,47.39506854847399,-77.72516135980496,77.72516135980496,65.74779487873303,False,
110+50126::AM,110+50126,AM,VA644_EB,EASTBOUND,29382.0,303.0,3.0,2.0,7.0,7.375,8.25,6.829417915188884,7.848447910872949,9.986216318328996,189.40790418840663,0.322804900899095,ridge_core,core_network,full_network,True,constrained,aggregate_all_days,corridor_held_out,corridor,4,-10.234925088666955,10.234925088666955,28.406874652376928,28.406874652376928,104.17297909973976,104.17297909973976,47.6049262802612,False,
110+50126::MD,110+50126,MD,VA644_EB,EASTBOUND,29382.0,303.0,3.0,10.0,13.875,14.5,15.75,10.60189612974177,11.860783610190737,14.269629062339902,220.06397595588805,0.3432331370859116,ridge_core,core_network,full_network,True,constrained,aggregate_all_days,corridor_held_out,corridor,4,-196.38623221549383,196.38623221549383,-158.3529833885558,158.3529833885558,-88.82225625960587,88.82225625960587,147.8538239545518,False,
110+50127::AM,110+50127,AM,VA644_EB,EASTBOUND,29368.0,203.0,3.0,2.0,5.375,6.5,8.5,7.226349061561365,8.123357194840183,9.981450534334732,165.30608836640204,0.3255807969845348,ridge_core,core_network,full_network,True,constrained,aggregate_all_days,corridor_held_out,corridor,4,111.08094369368187,111.08094369368187,97.40143169041102,97.40143169041102,88.8870320600839,88.8870320600839,99.1231358147256,False,
110+50127::MD,110+50127,MD,VA644_EB,EASTBOUND,29368.0,203.0,3.0,1.0,9.25,14.75,16.5,10.996137972247713,12.119800508841426,14.2132253044845,193.0252399342073,0.3492794632380867,ridge_core,core_network,full_network,True,constrained,aggregate_all_days,corridor_held_out,corridor,4,104.76827833486276,104.76827833486276,-157.81196946951445,157.81196946951445,-137.20648173092994,137.20648173092994,133.2622431784357,False,
110+50127::PM,110+50127,PM,VA644_EB,EASTBOUND,29368.0,203.0,3.0,1.0,18.25,18.5,21.0,15.505755331184996,17.096712085146606,19.15844122093477,219.1611533849864,0.4355580528909371,ridge_core,core_network,full_network,True,constrained,aggregate_all_days,corridor_held_out,corridor,4,-164.6546801289003,164.6546801289003,-84.19727489120362,84.19727489120362,-110.49352674391386,110.49352674391386,119.7818272546726,False,
110+50132::AM,110+50132,AM,VA644_EB,EASTBOUND,34816.0,403.0,3.0,10.0,6.625,7.25,9.125,6.757880867780554,7.665098762668485,9.598656633645827,170.44654595191645,0.3193556864955869,ridge_core,core_network,full_network,True,constrained,aggregate_all_days,corridor_held_out,corridor,4,7.972852066833251,7.972852066833251,24.90592576010912,24.90592576010912,28.419398018749646,28.419398018749646,20.432725281897337,False,
110+50132::MD,110+50132,MD,VA644_EB,EASTBOUND,34816.0,403.0,3.0,3.0,13.5,14.5,18.25,10.457668477246273,11.55037058483501,13.675929025263528,193.09563288103547,0.3395318965898963,ridge_core,core_network,full_network,True,constrained,aggregate_all_days,corridor_held_out,corridor,4,-182.53989136522367,182.53989136522367,-176.9777649098994,176.9777649098994,-274.4442584841883,274.4442584841883,211.3206382531038,False,
110+50132::PM,110+50132,PM,VA644_EB,EASTBOUND,34816.0,403.0,3.0,14.0,14.25,16.75,19.0,15.012677389193442,16.612424525230914,18.83513811040601,229.34764327275423,0.4185123805614924,ridge_core,core_network,full_network,True,constrained,aggregate_all_days,corridor_held_out,corridor,4,45.76064335160652,45.76064335160652,-8.254528486145176,8.254528486145176,-9.89171337563917,9.89171337563917,21.30229507113029,False,
110+52382::AM,110+52382,AM,VA644_EB,EASTBOUND,29208.0,203.0,3.0,2.0,5.5,6.125,8.5,7.336919497615158,8.243395030004214,10.077779395808696,164.45159389161222,0.3307266938330199,ridge_core,core_network,full_network,True,constrained,aggregate_all_days,corridor_held_out,corridor,4,110.21516985690948,110.21516985690948,127.10370180025282,127.10370180025282,94.66676374852172,94.66676374852172,110.66187846856134,False,
110+52382::MD,110+52382,MD,VA644_EB,EASTBOUND,29208.0,203.0,3.0,2.0,11.625,14.125,18.25,10.999222969374197,12.107024215098631,14.148941301348662,188.983099918468,0.3517143848954868,ridge_core,core_network,full_network,True,constrained,aggregate_all_days,corridor_held_out,corridor,4,-37.54662183754832,37.54662183754832,-121.078547094082,121.078547094082,-246.06352191908027,246.06352191908027,134.8962302835702,False,
110+52382::PM,110+52382,PM,VA644_EB,EASTBOUND,29208.0,203.0,3.0,2.0,12.125,15.75,16.625,15.518007833617766,17.110430424004395,19.16576628438625,218.8655070461096,0.4365482561081159,ridge_core,core_network,full_network,True,constrained,aggregate_all_days,corridor_held_out,corridor,4,203.58047001706595,203.58047001706595,81.62582544026371,81.62582544026371,152.4459770631755,152.4459770631755,145.88409084016837,False,
110+52383::AM,110+52383,AM,VA644_EB,EASTBOUND,29208.0,203.0,3.0,5.0,7.0,7.25,9.25,7.336919497615158,8.243395030004214,10.077779395808696,164.45159389161222,0.3307266938330199,ridge_core,core_network,full_network,True,constrained,aggregate_all_days,corridor_held_out,corridor,4,20.21516985690948,20.21516985690948,59.60370180025283,59.60370180025283,49.66676374852174,49.66676374852174,43.16187846856135,False,
110+52383::MD,110+52383,MD,VA644_EB,EASTBOUND,29208.0,203.0,3.0,10.0,10.625,11.875,14.25,10.999222969374197,12.107024215098631,14.148941301348662,188.983099918468,0.3517143848954868,ridge_core,core_network,full_network,True,constrained,aggregate_all_days,corridor_held_out,corridor,4,22.453378162451685,22.453378162451685,13.921452905917988,13.921452905917988,-6.063521919080266,6.063521919080266,14.146117662483311,False,
110+52383::PM,110+52383,PM,VA644_EB,EASTBOUND,29208.0,203.0,3.0,6.0,14.75,16.125,18.5,15.518007833617766,17.110430424004395,19.16576628438625,218.8655070461096,0.4365482561081159,ridge_core,core_network,full_network,True,constrained,aggregate_all_days,corridor_held_out,corridor,4,46.08047001706595,46.08047001706595,59.12582544026371,59.12582544026371,39.94597706317549,39.94597706317549,48.38409084016839,False,
110+52384::AM,110+52384,AM,VA644_EB,EASTBOUND,34745.0,203.0,3.0,9.0,6.75,8.5,9.75,7.373997141468802,8.283642999868174,10.110095678636622,164.16591223006918,0.33246092786591,ridge_core,core_network,full_network,True,constrained,aggregate_all_days,corridor_held_out,corridor,4,37.43982848812813,37.43982848812813,-12.981420007909534,12.981420007909534,21.60574071819731,21.60574071819731,24.00899640474499,False,
110+52384::MD,110+52384,MD,VA644_EB,EASTBOUND,34745.0,203.0,3.0,10.0,11.375,12.875,14.375,10.99431693014221,12.078806972573997,14.054402818592106,183.60515330699369,0.3543985632969084,ridge_core,core_network,full_network,True,constrained,aggregate_all_days,corridor_held_out,corridor,4,-22.84098419146741,22.84098419146741,-47.77158164556021,47.77158164556021,-19.235830884473657,19.235830884473657,29.949465573833752,False,
110+52384::PM,110+52384,PM,VA644_EB,EASTBOUND,34745.0,203.0,3.0,11.0,13.75,16.25,18.75,15.5462964055127,17.13337650102567,19.164284494653327,217.0792853484377,0.4386637148631257,ridge_core,core_network,full_network,True,constrained,aggregate_all_days,corridor_held_out,corridor,4,107.77778433076192,107.77778433076192,53.00259006154015,53.00259006154015,24.8570696791996,24.8570696791996,61.879148023833885,False,
110-04120::MD,110-04120,MD,I395_SB,SOUTHBOUND,32610.0,501.0,1.0,1.0,13.75,14.5,15.75,11.190018781435835,12.000906535298862,13.898770174142424,162.52508356239528,0.2993585000256464,ridge_core,core_network,full_network,True,constrained,aggregate_all_days,corridor_held_out,corridor,4,-153.59887311384978,153.59887311384978,-149.9456078820683,149.9456078820683,-111.07378955145457,111.07378955145457,138.20609018245756,False,
110-04120::PM,110-04120,PM,I395_SB,SOUTHBOUND,32610.0,501.0,1.0,5.0,16.0,17.0,18.25,15.866764366029829,17.176326094783832,19.16988016405673,198.1869478816145,0.3964625550022383,ridge_core,core_network,full_network,True,constrained,aggregate_all_days,corridor_held_out,corridor,4,-7.994138038210394,7.994138038210394,10.579565687029913,10.579565687029913,55.19280984340412,55.19280984340412,24.58883785621481,False,
110-04121::PM,110-04121,PM,I395_SB,SOUTHBOUND,32623.0,501.0,1.0,3.0,16.25,17.5,18.75,15.895548467734866,17.15061724783802,19.231008556302825,200.12760531407764,0.3762805570376358,ridge_core,core_network,full_network,True,constrained,aggregate_all_days,corridor_held_out,corridor,4,-21.267091935908056,21.267091935908056,-20.96296512971876,20.96296512971876,28.860513378169514,28.860513378169514,23.69685681459877,False,
110-04122::MD,110-04122,MD,I395_SB,SOUTHBOUND,28289.0,201.0,1.0,1.0,14.75,14.75,19.25,10.86638857183813,12.146991005258212,14.09619859840875,193.7886015942373,0.3964946615698678,ridge_core,core_network,full_network,True,constrained,aggregate_all_days,corridor_held_out,corridor,4,-233.01668568971223,233.01668568971223,-156.1805396845072,156.1805396845072,-309.228084095475,309.228084095475,232.80843648989813,False,
110-04122::PM,110-04122,PM,I395_SB,SOUTHBOUND,28289.0,201.0,1.0,15.0,15.0,16.0,18.5,15.307618257324132,17.12139367362858,19.062284886062653,225.2799977243112,0.4830722926029347,ridge_core,core_network,full_network,True,constrained,aggregate_all_days,corridor_held_out,corridor,4,18.457095439448,18.457095439448,67.2836204177149,67.2836204177149,33.737093163759155,33.737093163759155,39.82593634030735,False,
110-04123::MD,110-04123,MD,I395_SB,SOUTHBOUND,28307.0,201.0,1.0,1.0,14.0,14.75,19.75,10.727492822593918,11.93779116115936,14.004809920910954,196.63902589902224,0.3692954640205408,ridge_core,core_network,full_network,True,constrained,aggregate_all_days,corridor_held_out,corridor,4,-196.3504306443649,196.3504306443649,-168.73253033043838,168.73253033043838,-344.71140474534275,344.71140474534275,236.59812190671536,False,
110-04123::PM,110-04123,PM,I395_SB,SOUTHBOUND,28307.0,201.0,1.0,17.0,15.0,16.0,18.0,15.181429638254109,16.893077924608857,18.95185633348613,226.2256017139216,0.4539667323380801,ridge_core,core_network,full_network,True,constrained,aggregate_all_days,corridor_held_out,corridor,4,10.885778295246418,10.885778295246418,53.584675476531416,53.584675476531416,57.111380009168045,57.111380009168045,40.52727792698196,False,
110-04124::PM,110-04124,PM,I395_SB,SOUTHBOUND,26764.0,201.0,1.0,15.0,15.0,16.0,18.75,15.056355776829676,16.73157507887661,18.628072230649,214.30298722915924,0.4690235979554262,ridge_core,core_network,full_network,True,constrained,aggregate_all_days,corridor_held_out,corridor,4,3.3813466097805644,3.3813466097805644,43.89450473259657,43.89450473259657,-7.315666161060221,7.315666161060221,18.197172501145783,False,
110-04125::PM,110-04125,PM,I395_SB,SOUTHBOUND,26781.0,201.0,1.0,17.0,15.25,16.5,19.0,15.021448311862429,16.657000969259787,18.56539412252481,212.6367486397432,0.4615061134616124,ridge_core,core_network,full_network,True,constrained,aggregate_all_days,corridor_held_out,corridor,4,-13.713101288254386,13.713101288254386,9.420058155587228,9.420058155587228,-26.07635264851133,26.07635264851133,16.40317069745098,False,
110-04126::PM,110-04126,PM,I395_SB,SOUTHBOUND,26796.0,201.0,1.0,22.0,14.5,15.875,19.25,15.102640595385871,16.684541966296738,18.39029042686857,197.25898988896228,0.4811647991712797,ridge_core,core_network,full_network,True,constrained,aggregate_all_days,corridor_held_out,corridor,4,36.15843572315228,36.15843572315228,48.57251797780428,48.57251797780428,-51.58257438788553,51.58257438788553,45.43784269628069,False,
110-04127::AM,110-04127,AM,I395_SB,SOUTHBOUND,26684.0,101.0,1.0,1.0,7.0,7.75,9.0,6.933804044761801,7.642774933220203,9.084675106303388,129.05226369249527,0.3296203576007308,ridge_core,core_network,full_network,True,constrained,aggregate_all_days,corridor_held_out,corridor,4,-3.9717573142919527,3.9717573142919527,-6.433504006787842,6.433504006787842,5.080506378203289,5.080506378203289,5.161922566427695,False,
110-04129::PM,110-04129,PM,I395_SB,SOUTHBOUND,26471.0,101.0,1.0,1.0,17.5,17.75,19.0,15.571789198944566,17.046293179708965,18.960764305204904,203.3385063756203,0.4350884661385082,ridge_core,core_network,full_network,True,constrained,aggregate_all_days,corridor_held_out,corridor,4,-115.692648063326,115.692648063326,-42.22240921746213,42.22240921746213,-2.3541416877057486,2.3541416877057486,53.42306632283129,False,
110-06652::MD,110-06652,MD,US50_WB,WESTBOUND,36892.0,603.0,3.0,1.0,13.0,14.25,15.0,10.677771826518212,11.509763246984528,13.074437027135252,143.79991203702247,0.3471454503750101,ridge_core,core_network,full_network,True,constrained,aggregate_all_days,corridor_held_out,corridor,4,-139.33369040890727,139.33369040890727,-164.4142051809283,164.4142051809283,-115.53377837188488,115.53377837188488,139.76055798724016,False,
110-06658::AM,110-06658,AM,US50_WB,WESTBOUND,36437.0,503.0,3.0,2.0,6.375,7.5,8.625,7.163990024303809,7.999346227178749,9.607471776824616,146.60890515124845,0.3418712671020149,ridge_core,core_network,full_network,True,constrained,aggregate_all_days,corridor_held_out,corridor,4,47.33940145822853,47.33940145822853,29.96077363072493,29.96077363072493,58.94830660947694,58.94830660947694,45.41616056614347,False,
110-06658::MD,110-06658,MD,US50_WB,WESTBOUND,36437.0,503.0,3.0,1.0,9.75,11.5,17.5,10.926817070767942,11.910637811423742,13.702021623526736,166.5122731655276,0.3545038651935751,ridge_core,core_network,full_network,True,constrained,aggregate_all_days,corridor_held_out,corridor,4,70.60902424607654,70.60902424607654,24.63826868542452,24.63826868542452,-227.8787025883958,227.8787025883958,107.70866517329894,False,
110-06685::AM,110-06685,AM,VA236_WB,WESTBOUND,29594.0,402.0,2.0,15.0,7.0,7.75,10.0,6.6740599879044815,7.774235786456364,9.848767845892375,190.48247147927367,0.3465439491648737,ridge_core,core_network,full_network,True,constrained,aggregate_all_days,corridor_held_out,corridor,4,-19.55640072573111,19.55640072573111,1.4541471873818423,1.4541471873818423,-9.073929246457482,9.073929246457482,10.028159053190144,False,
110-06685::MD,110-06685,MD,VA236_WB,WESTBOUND,29594.0,402.0,2.0,6.0,11.5,12.0,15.0,10.651340014697576,12.082491226931523,14.692455807802832,242.46694758631537,0.354147538824724,ridge_core,core_network,full_network,True,constrained,aggregate_all_days,corridor_held_out,corridor,4,-50.91959911814545,50.91959911814545,4.949473615891513,4.949473615891513,-18.452651531830107,18.452651531830107,24.77390808862236,False,
110-06685::PM,110-06685,PM,VA236_WB,WESTBOUND,29594.0,402.0,2.0,8.0,13.75,17.375,19.125,14.893331070581551,16.865339755042115,19.33995084158445,266.7971862601739,0.4434848909997521,ridge_core,core_network,full_network,True,constrained,aggregate_all_days,corridor_held_out,corridor,4,68.59986423489306,68.59986423489306,-30.57961469747312,30.57961469747312,12.897050495067006,12.897050495067006,37.35884314247773,False,
110-06686::AM,110-06686,AM,VA236_WB,WESTBOUND,29593.0,502.0,2.0,7.0,6.75,8.5,10.75,6.7831402064061646,7.7123522577046115,9.465286946459257,160.92880440318544,0.3464434057325491,ridge_core,core_network,full_network,True,constrained,aggregate_all_days,corridor_held_out,corridor,4,1.988412384369873,1.988412384369873,-47.25886453772331,47.25886453772331,-77.08278321244471,77.08278321244471,42.11002004484596,False,
110-06686::MD,110-06686,MD,VA236_WB,WESTBOUND,29593.0,502.0,2.0,4.0,9.25,11.125,12.875,10.768264489109722,11.965282536588733,14.120272533412065,201.12048265814045,0.3571047657578478,ridge_core,core_network,full_network,True,constrained,aggregate_all_days,corridor_held_out,corridor,4,91.09586934658331,91.09586934658331,50.41695219532386,50.41695219532386,74.71635200472377,74.71635200472377,72.07639118221032,False,
110-06686::PM,110-06686,PM,VA236_WB,WESTBOUND,29593.0,502.0,2.0,7.0,12.75,16.5,19.25,15.127487217776984,16.788524156292464,18.83729016040133,222.58817655746088,0.4477426332894247,ridge_core,core_network,full_network,True,constrained,aggregate_all_days,corridor_held_out,corridor,4,142.64923306661896,142.64923306661896,17.311449377547845,17.311449377547845,-24.762590375920155,24.762590375920155,61.574424273362325,False,
110-06687::MD,110-06687,MD,VA236_WB,WESTBOUND,31695.0,502.0,2.0,1.0,10.75,12.5,14.25,10.878559221719891,12.113222705585027,14.290103744869526,204.6926713889779,0.3619074807575011,ridge_core,core_network,full_network,True,constrained,aggregate_all_days,corridor_held_out,corridor,4,7.713553303193592,7.713553303193592,-23.206637664898366,23.206637664898366,2.406224692171577,2.406224692171577,11.108805220087843,False,
110-06687::PM,110-06687,PM,VA236_WB,WESTBOUND,31695.0,502.0,2.0,3.0,16.0,16.75,18.0,15.211877724273569,16.91417304548987,18.983355501647623,226.28866664244345,0.4513602947440808,ridge_core,core_network,full_network,True,constrained,aggregate_all_days,corridor_held_out,corridor,4,-47.287336543586,47.287336543586,9.85038272939228,9.85038272939228,59.00133009885735,59.00133009885735,38.71301645727854,False,
110-06688::AM,110-06688,AM,VA236_WB,WESTBOUND,28835.0,202.0,2.0,5.0,6.5,8.0,9.5,6.39289645409258,7.600269568685647,9.557636387572446,189.88439600879195,0.3815078458170403,ridge_core,core_network,full_network,True,constrained,aggregate_all_days,corridor_held_out,corridor,4,-6.426212754445206,6.426212754445206,-23.983825878861182,23.983825878861182,3.458183254346743,3.458183254346743,11.28940729588438,False,
110-06688::MD,110-06688,MD,VA236_WB,WESTBOUND,28835.0,202.0,2.0,2.0,13.25,13.625,15.125,10.269338614384594,11.808747094904868,14.179474383197386,234.60814612876752,0.3936969383003477,ridge_core,core_network,full_network,True,constrained,aggregate_all_days,corridor_held_out,corridor,4,-178.83968313692435,178.83968313692435,-108.975174305708,108.975174305708,-56.731537008156856,56.731537008156856,114.84879815026308,False,
110-06688::PM,110-06688,PM,VA236_WB,WESTBOUND,28835.0,202.0,2.0,2.0,16.25,17.25,18.0,14.520446442024245,16.62181762780684,18.836995320865416,258.9929327304704,0.4868174193701555,ridge_core,core_network,full_network,True,constrained,aggregate_all_days,corridor_held_out,corridor,4,-103.77321347854532,103.77321347854532,-37.690942331589525,37.690942331589525,50.21971925192496,50.21971925192496,63.89462502068661,False,
110-06994::AM,110-06994,AM,VA123_NB,NORTHBOUND,31771.0,502.0,2.0,1.0,5.5,8.75,11.75,6.735143406377464,7.755721189575146,9.5293062359139,167.64976977218615,0.3652535107866281,ridge_core,core_network,full_network,True,constrained,aggregate_all_days,corridor_held_out,corridor,4,74.10860438264784,74.10860438264784,-59.65672862549123,59.65672862549123,-133.241625845166,133.241625845166,89.00231961776835,False,
110-06994::PM,110-06994,PM,VA123_NB,NORTHBOUND,31771.0,502.0,2.0,1.0,12.5,16.75,20.0,15.00618293094691,16.77478780843217,18.742544892002524,224.18171766333688,0.4733494495232427,ridge_core,core_network,full_network,True,constrained,aggregate_all_days,corridor_held_out,corridor,4,150.3709758568146,150.3709758568146,1.487268505930146,1.487268505930146,-75.44730647984856,75.44730647984856,75.76851694753111,False,
110-06995::AM,110-06995,AM,VA123_NB,NORTHBOUND,33677.0,502.0,2.0,6.0,7.25,8.5,9.875,6.783917881575226,7.714345420489806,9.454075721038638,160.2094703678047,0.3484541344947447,ridge_core,core_network,full_network,True,constrained,aggregate_all_days,corridor_held_out,corridor,4,-27.96492710548645,27.96492710548645,-47.13927477061162,47.13927477061162,-25.255456737681712,25.255456737681712,33.45321953792659,False,
110-06995::MD,110-06995,MD,VA123_NB,NORTHBOUND,33677.0,502.0,2.0,3.0,12.0,13.5,15.25,10.648920724813332,11.814069773692072,13.836781699341756,191.2716584717054,0.3654955652672711,ridge_core,core_network,full_network,True,constrained,aggregate_all_days,corridor_held_out,corridor,4,-81.0647565112,81.0647565112,-101.15581357847567,101.15581357847567,-84.79309803949462,84.79309803949462,89.00455604305677,False,
110-06995::PM,110-06995,PM,VA123_NB,NORTHBOUND,33677.0,502.0,2.0,8.0,13.25,17.625,18.5,15.05360513681158,16.678540834593537,18.58688484036476,211.9967822131906,0.4598944420244655,ridge_core,core_network,full_network,True,constrained,aggregate_all_days,corridor_held_out,corridor,4,108.2163082086948,108.2163082086948,-56.78754992438776,56.78754992438776,5.213090421885411,5.213090421885411,56.738982851656,False,
110-06996::AM,110-06996,AM,VA123_NB,NORTHBOUND,30223.0,502.0,2.0,1.0,7.75,8.0,9.0,6.872024620633004,7.830040213783171,9.493531256569565,157.29039815619362,0.3654446569073459,ridge_core,core_network,full_network,True,constrained,aggregate_all_days,corridor_held_out,corridor,4,-52.67852276201975,52.67852276201975,-10.197587173009737,10.197587173009737,29.61187539417388,29.61187539417388,30.829328443067784,False,
110-07888::AM,110-07888,AM,VA236_WB,WESTBOUND,28711.0,202.0,2.0,6.0,5.875,8.125,10.75,6.396860164208808,7.606703367350167,9.554254446641098,189.4436569459374,0.3831777392747287,ridge_core,core_network,full_network,True,constrained,aggregate_all_days,corridor_held_out,corridor,4,31.31160985252846,31.31160985252846,-31.09779795899,31.09779795899,-71.74473320153413,71.74473320153413,44.71804700435087,False,
110-07888::MD,110-07888,MD,VA236_WB,WESTBOUND,28711.0,202.0,2.0,1.0,6.5,9.5,10.5,10.254654015014948,11.788586634489423,14.140219009240637,233.13389965354136,0.3947772387681179,ridge_core,core_network,full_network,True,constrained,aggregate_all_days,corridor_held_out,corridor,4,225.27924090089687,225.27924090089687,137.3151980693654,137.3151980693654,218.4131405544382,218.4131405544382,193.6691931749002,False,
110-07888::PM,110-07888,PM,VA236_WB,WESTBOUND,28711.0,202.0,2.0,1.0,13.25,17.0,20.75,14.516121030921456,16.614499044075014,18.814429097220515,257.8984839779434,0.4881869751509713,ridge_core,core_network,full_network,True,constrained,aggregate_all_days,corridor_held_out,corridor,4,75.96726185528745,75.96726185528745,-23.130057355499147,23.130057355499147,-116.13425416676913,116.13425416676913,71.74385779251857,False,
110-07948::PM,110-07948,PM,US50_WB,WESTBOUND,36430.0,603.0,3.0,4.0,15.0,16.5,17.625,15.273378997567235,16.66000446792396,18.41227348356195,188.33366915968284,0.44175599929964,ridge_core,core_network,full_network,True,constrained,aggregate_all_days,corridor_held_out,corridor,4,16.402739854034216,16.402739854034216,9.600268075437697,9.600268075437697,47.23640901371702,47.23640901371702,24.41313898106297,False,
110-10012::AM,110-10012,AM,VA123_NB,NORTHBOUND,30191.0,302.0,2.0,2.0,6.625,7.75,11.5,6.653267546899711,7.647088929367269,9.48042242315561,169.62929257535384,0.3515270390081036,ridge_core,core_network,full_network,True,constrained,aggregate_all_days,corridor_held_out,corridor,4,1.6960528139826536,1.6960528139826536,-6.174664237963885,6.174664237963885,-121.17465461066344,121.17465461066344,43.01512388753667,False,
110-10012::PM,110-10012,PM,VA123_NB,NORTHBOUND,30191.0,302.0,2.0,6.0,16.75,17.0,19.25,14.892610418738716,16.633412782691714,18.65861362198238,225.96019219462,0.4622413391612738,ridge_core,core_network,full_network,True,constrained,aggregate_all_days,corridor_held_out,corridor,4,-111.44337487567704,111.44337487567704,-21.99523303849716,21.99523303849716,-35.483182681057244,35.483182681057244,56.30726353174382,False,
110-10013::AM,110-10013,AM,VA123_NB,NORTHBOUND,31835.0,202.0,2.0,18.0,7.0,7.75,10.0,6.399922988048016,7.611804791056503,9.550969203565524,189.0627729310505,0.3845966450890201,ridge_core,core_network,full_network,True,constrained,aggregate_all_days,corridor_held_out,corridor,4,-36.00462071711904,36.00462071711904,-8.291712536609808,8.291712536609808,-26.94184778606857,26.94184778606857,23.746060346599137,False,
110-10013::MD,110-10013,MD,VA123_NB,NORTHBOUND,31835.0,202.0,2.0,1.0,10.75,11.75,12.5,10.185194872758249,11.692803998006934,13.937552606106724,225.1414640009085,0.4017764915775625,ridge_core,core_network,full_network,True,constrained,aggregate_all_days,corridor_held_out,corridor,4,-33.88830763450507,33.88830763450507,-3.431760119583984,3.431760119583984,86.25315636640345,86.25315636640345,41.19107470683083,False,
110-10013::PM,110-10013,PM,VA123_NB,NORTHBOUND,31835.0,202.0,2.0,13.0,14.0,17.5,19.25,14.501998512786953,16.585745280844897,18.68186918399319,250.7922402723742,0.4985194356400058,ridge_core,core_network,full_network,True,constrained,aggregate_all_days,corridor_held_out,corridor,4,30.119910767217064,30.119910767217064,-54.85528314930619,54.85528314930619,-34.087848960408635,34.087848960408635,39.687680958977296,False,
110-10015::AM,110-10015,AM,VA123_NB,NORTHBOUND,33792.0,102.0,2.0,1.0,7.0,8.25,9.75,6.919405665678804,7.73259027220588,9.421284177293623,150.11271069688928,0.3250296138489199,ridge_core,core_network,full_network,True,constrained,aggregate_all_days,corridor_held_out,corridor,4,-4.835660059271767,4.835660059271767,-31.044583667647192,31.044583667647192,-19.722949362382494,19.722949362382494,18.534397696433818,False,
110-10019::AM,110-10019,AM,VA123_NB,NORTHBOUND,33337.0,302.0,2.0,1.0,6.0,7.25,8.75,6.649120613041667,7.640506775193017,9.490759938563494,170.49835953130966,0.3488782525098591,ridge_core,core_network,full_network,True,constrained,aggregate_all_days,corridor_held_out,corridor,4,38.94723678250003,38.94723678250003,23.430406511581,23.430406511581,44.44559631380965,44.44559631380965,35.607746535963564,False,
110-10021::AM,110-10021,AM,VA123_NB,NORTHBOUND,29797.0,202.0,2.0,2.0,7.125,7.875,9.375,6.678191258439735,7.754962313865863,9.559322786993226,172.86789171320945,0.3737320024284816,ridge_core,core_network,full_network,True,constrained,aggregate_all_days,corridor_held_out,corridor,4,-26.80852449361588,26.80852449361588,-7.202261168048221,7.202261168048221,11.05936721959356,11.05936721959356,15.023384293752557,False,
110-10021::MD,110-10021,MD,VA123_NB,NORTHBOUND,29797.0,202.0,2.0,2.0,9.375,13.125,15.5,10.355941692376806,11.69659135544667,13.742615535093476,203.2004305630002,0.3958602821919341,ridge_core,core_network,full_network,True,constrained,aggregate_all_days,corridor_held_out,corridor,4,58.85650154260837,58.85650154260837,-85.70451867319986,85.70451867319986,-105.44306789439143,105.44306789439143,83.33469603673323,False,
110-10021::PM,110-10021,PM,VA123_NB,NORTHBOUND,29797.0,202.0,2.0,1.0,16.25,16.75,18.0,14.811901838090744,16.677046345589325,18.65539005724101,230.6092931490163,0.4852738973429015,ridge_core,core_network,full_network,True,constrained,aggregate_all_days,corridor_held_out,corridor,4,-86.28588971455535,86.28588971455535,-4.377219264640502,4.377219264640502,39.32340343446107,39.32340343446107,43.328837471218975,False,
110-10024::AM,110-10024,AM,VA123_NB,NORTHBOUND,29668.0,302.0,2.0,7.0,7.5,8.0,9.25,6.680699395310636,7.682947395011629,9.495844705378312,168.9087186040606,0.3560199880683596,ridge_core,core_network,full_network,True,constrained,aggregate_all_days,corridor_held_out,corridor,4,-49.15803628136182,49.15803628136182,-19.02315629930225,19.02315629930225,14.75068232269873,14.75068232269873,27.64395830112093,False,
110-10024::PM,110-10024,PM,VA123_NB,NORTHBOUND,29668.0,302.0,2.0,1.0,16.75,17.5,18.25,14.924035806941276,16.67947152409814,18.697303903898007,226.396085817404,0.4652295230685259,ridge_core,core_network,full_network,True,constrained,aggregate_all_days,corridor_held_out,corridor,4,-109.55785158352352,109.55785158352352,-49.23170855411158,49.23170855411158,26.838234233880414,26.838234233880414,61.87593145717184,False,
110-10026::AM,110-10026,AM,VA123_NB,NORTHBOUND,32870.0,502.0,2.0,13.0,7.25,8.0,9.5,6.779349880898871,7.711377485166127,9.414946883515205,158.13582015697986,0.3536305449361346,ridge_core,core_network,full_network,True,constrained,aggregate_all_days,corridor_held_out,corridor,4,-28.23900714606774,28.23900714606774,-17.317350890032355,17.317350890032355,-5.103186989087831,5.103186989087831,16.886515008395975,False,
110-10026::MD,110-10026,MD,VA123_NB,NORTHBOUND,32870.0,502.0,2.0,3.0,12.5,12.75,13.5,10.507173733390989,11.635509769284749,13.507572950015458,180.02395299746826,0.3760619685680256,ridge_core,core_network,full_network,True,constrained,aggregate_all_days,corridor_held_out,corridor,4,-119.56957599654078,119.56957599654078,-66.86941384291518,66.86941384291518,0.4543770009274794,0.4543770009274794,62.29778894679448,False,
110-10026::PM,110-10026,PM,VA123_NB,NORTHBOUND,32870.0,502.0,2.0,2.0,15.625,17.125,17.875,15.043037635000124,16.662394745996803,18.533461851398403,209.42545298389675,0.4639427790435369,ridge_core,core_network,full_network,True,constrained,aggregate_all_days,corridor_held_out,corridor,4,-34.91774189999248,34.91774189999248,-27.756315240191825,27.756315240191825,39.5077110839042,39.5077110839042,34.0605894080295,False,
110-10027::AM,110-10027,AM,VA123_NB,NORTHBOUND,35334.0,502.0,2.0,8.0,6.25,7.75,11.125,6.812476803486533,7.750074698435482,9.48921291148249,160.60416647975745,0.3502765521592336,ridge_core,core_network,full_network,True,constrained,aggregate_all_days,corridor_held_out,corridor,4,33.74860820919196,33.74860820919196,0.004481906128948,0.004481906128948,-98.14722531105062,98.14722531105062,43.9667718087905,False,
110-10027::MD,110-10027,MD,VA123_NB,NORTHBOUND,35334.0,502.0,2.0,6.0,7.0,10.25,13.0,10.685577602307024,11.863184630059784,13.882373663763634,191.80776368739663,0.3683710205824601,ridge_core,core_network,full_network,True,constrained,aggregate_all_days,corridor_held_out,corridor,4,221.13465613842143,221.13465613842143,96.79107780358706,96.79107780358706,52.94241982581802,52.94241982581802,123.62271792260884,False,
110-10027::PM,110-10027,PM,VA123_NB,NORTHBOUND,35334.0,502.0,2.0,8.0,14.25,17.375,19.25,15.109313380475257,16.760705482620292,18.70837492003892,215.94369237382,0.4588396402761272,ridge_core,core_network,full_network,True,constrained,aggregate_all_days,corridor_held_out,corridor,4,51.5588028285153,51.5588028285153,-36.857671042782485,36.857671042782485,-32.49750479766476,32.49750479766476,40.30465955632085,False,
110-10028::AM,110-10028,AM,VA123_NB,NORTHBOUND,29505.0,602.0,2.0,15.0,6.75,7.75,9.75,6.730621448543685,7.427474789236358,8.775691860674078,122.70422472782354,0.3407478473891501,ridge_core,core_network,full_network,True,constrained,aggregate_all_days,corridor_held_out,corridor,4,-1.1627130873788971,1.1627130873788971,-19.35151264581851,19.35151264581851,-58.458488359555325,58.458488359555325,26.32423803091758,False,
110-10028::MD,110-10028,MD,VA123_NB,NORTHBOUND,29505.0,602.0,2.0,1.0,6.75,9.0,9.75,10.66724337386882,11.543377886059094,13.114878157404831,146.85808701216078,0.3579514877315781,ridge_core,core_network,full_network,True,constrained,aggregate_all_days,corridor_held_out,corridor,4,235.0346024321292,235.0346024321292,152.60267316354566,152.60267316354566,201.89268944428989,201.89268944428989,196.5099883466549,False,
110-10028::PM,110-10028,PM,VA123_NB,NORTHBOUND,29505.0,602.0,2.0,9.0,15.5,16.0,18.25,15.207973780725576,16.44182319174109,17.964814805224517,165.41046146993634,0.4475591447061286,ridge_core,core_network,full_network,True,constrained,aggregate_all_days,corridor_held_out,corridor,4,-17.52157315646535,17.52157315646535,26.5093915044654,26.5093915044654,-17.111111686528986,17.111111686528986,20.38069211581991,False,
110-10030::AM,110-10030,AM,VA123_NB,NORTHBOUND,29441.0,502.0,2.0,17.0,6.5,7.5,9.5,6.873250590927993,7.826709190104096,9.558714769327242,161.12785070395483,0.3550442440622837,ridge_core,core_network,full_network,True,constrained,aggregate_all_days,corridor_held_out,corridor,4,22.3950354556796,22.3950354556796,19.60255140624577,19.60255140624577,3.522886159634524,3.522886159634524,15.173491007186632,False,
110-10030::MD,110-10030,MD,VA123_NB,NORTHBOUND,29441.0,502.0,2.0,1.0,14.0,14.5,17.75,10.865563973486726,12.09960446007114,14.213862616920515,200.8979186060274,0.3685574729137256,ridge_core,core_network,full_network,True,constrained,aggregate_all_days,corridor_held_out,corridor,4,-188.06616159079647,188.06616159079647,-144.02373239573163,144.02373239573163,-212.16824298476908,212.16824298476908,181.4193789904324,False,
110-10030::PM,110-10030,PM,VA123_NB,NORTHBOUND,29441.0,502.0,2.0,1.0,14.5,16.25,18.75,15.211844196478648,16.913260617334853,18.91572992772104,222.23314387454343,0.4593598572722436,ridge_core,core_network,full_network,True,constrained,aggregate_all_days,corridor_held_out,corridor,4,42.71065178871886,42.71065178871886,39.795637040091165,39.795637040091165,9.943795663262309,9.943795663262309,30.81669483069078,False,
110-10031::AM,110-10031,AM,VA123_NB,NORTHBOUND,29440.0,502.0,2.0,1.0,7.0,8.0,9.0,6.860913437560487,7.811994809423004,9.533819941453956,160.37439023360818,0.3558229105571525,ridge_core,core_network,full_network,True,constrained,aggregate_all_days,corridor_held_out,corridor,4,-8.345193746370807,8.345193746370807,-11.280311434619785,11.280311434619785,32.02919648723736,32.02919648723736,17.218233889409316,False,
110-10032::AM,110-10032,AM,VA123_NB,NORTHBOUND,35739.0,502.0,2.0,5.0,7.0,7.5,9.5,6.854508598004566,7.803642579240345,9.529923786734315,160.5249113237849,0.3547613788073079,ridge_core,core_network,full_network,True,constrained,aggregate_all_days,corridor_held_out,corridor,4,-8.729484119726045,8.729484119726045,18.21855475442073,18.21855475442073,1.7954272040589103,1.7954272040589103,9.581155359401894,False,
110-10033::AM,110-10033,AM,VA123_NB,NORTHBOUND,29433.0,502.0,2.0,6.0,6.5,7.25,9.5,6.973967627697565,7.852021151922353,9.511952744781809,152.27910702505469,0.3459648042513096,ridge_core,core_network,full_network,True,constrained,aggregate_all_days,corridor_held_out,corridor,4,28.438057661853904,28.438057661853904,36.12126911534116,36.12126911534116,0.717164686908518,0.717164686908518,21.758830488034523,False,
110-10033::MD,110-10033,MD,VA123_NB,NORTHBOUND,29433.0,502.0,2.0,6.0,11.0,11.5,13.5,10.825878084769494,11.965153592783984,13.90753371345918,184.89933772138104,0.3696959184563094,ridge_core,core_network,full_network,True,constrained,aggregate_all_days,corridor_held_out,corridor,4,-10.44731491383036,10.44731491383036,27.909215567038963,27.909215567038963,24.45202280755073,24.45202280755073,20.93618442947335,False,
110-10033::PM,110-10033,PM,VA123_NB,NORTHBOUND,29433.0,502.0,2.0,3.0,15.0,15.5,17.5,15.292708767591694,16.864429493886572,18.73496300985922,206.53525453605167,0.456596351017795,ridge_core,core_network,full_network,True,constrained,aggregate_all_days,corridor_held_out,corridor,4,17.562526055501664,17.562526055501664,81.86576963319432,81.86576963319432,74.09778059155329,74.09778059155329,57.84202542674976,False,
110-10034::AM,110-10034,AM,VA123_NB,NORTHBOUND,38691.0,202.0,2.0,3.0,6.5,7.0,8.25,6.4968700406700695,7.592108499054995,9.386550739560562,173.38084193342954,0.3790171207515929,ridge_core,core_network,full_network,True,constrained,aggregate_all_days,corridor_held_out,corridor,4,-0.1877975597958325,0.1877975597958325,35.526509943299715,35.526509943299715,68.19304437363371,68.19304437363371,34.63578395890975,False,
110-10035::AM,110-10035,AM,VA123_NB,NORTHBOUND,38834.0,402.0,2.0,5.0,5.25,7.0,9.0,6.510070258245982,7.616766416254951,9.611498906267023,186.0857188812625,0.3568343120565191,ridge_core,core_network,full_network,True,constrained,aggregate_all_days,corridor_held_out,corridor,4,75.6042154947589,75.6042154947589,37.00598497529704,37.00598497529704,36.6899343760214,36.6899343760214,49.76671161535912,False,
110-10035::MD,110-10035,MD,VA123_NB,NORTHBOUND,38834.0,402.0,2.0,2.0,11.0,12.375,13.625,10.171680066865507,11.502510700872712,13.642885652999022,208.2723351680108,0.3833914762419996,ridge_core,core_network,full_network,True,constrained,aggregate_all_days,corridor_held_out,corridor,4,-49.69919598806946,49.69919598806946,-52.34935794763729,52.34935794763729,1.0731391799413004,1.0731391799413004,34.37389770521602,False,
110-10035::PM,110-10035,PM,VA123_NB,NORTHBOUND,38834.0,402.0,2.0,1.0,15.25,18.0,21.25,14.659860433253622,16.587412733127547,18.795584678048893,248.1434546877164,0.466073699739462,ridge_core,core_network,full_network,True,constrained,aggregate_all_days,corridor_held_out,corridor,4,-35.40837400478271,35.40837400478271,-84.7552360123472,84.7552360123472,-147.2649193170664,147.2649193170664,89.14284311139879,False,
110-10955::AM,110-10955,AM,VA620_WB,WESTBOUND,29625.0,303.0,3.0,2.0,7.25,8.25,11.5,6.875579344084331,7.912125906938829,10.021113330062214,188.73203915867305,0.3295296021200856,ridge_core,core_network,full_network,True,constrained,aggregate_all_days,corridor_held_out,corridor,4,-22.465239354940145,22.465239354940145,-20.27244558367024,20.27244558367024,-88.73320019626718,88.73320019626718,43.82362837829252,False,
110-10955::MD,110-10955,MD,VA620_WB,WESTBOUND,29625.0,303.0,3.0,4.0,8.125,9.5,11.125,10.557346975784665,11.805448302504644,14.143755300151115,215.1844994619873,0.3480087078318005,ridge_core,core_network,full_network,True,constrained,aggregate_all_days,corridor_held_out,corridor,4,145.94081854707977,145.94081854707977,138.32689815027874,138.32689815027874,181.12531800906703,181.12531800906703,155.13101156880853,False,
110-10955::PM,110-10955,PM,VA620_WB,WESTBOUND,29625.0,303.0,3.0,4.0,13.125,16.0,20.0,15.0146953475185,16.820696766211874,19.17811061563945,249.80491608725748,0.4337788335748844,ridge_core,core_network,full_network,True,constrained,aggregate_all_days,corridor_held_out,corridor,4,113.38172085111005,113.38172085111005,49.241805972712456,49.241805972712456,-49.31336306163253,49.31336306163253,70.64562996181833,False,
110-10956::AM,110-10956,AM,VA620_WB,WESTBOUND,29579.0,403.0,3.0,14.0,7.25,7.875,9.75,6.967682261892775,7.775965651322465,9.625752334663744,159.48420436625815,0.3040865617914561,ridge_core,core_network,full_network,True,constrained,aggregate_all_days,corridor_held_out,corridor,4,-16.939064286433503,16.939064286433503,-5.942060920652121,5.942060920652121,-7.454859920175352,7.454859920175352,10.111995042420324,False,
110-10956::MD,110-10956,MD,VA620_WB,WESTBOUND,29579.0,403.0,3.0,1.0,7.25,10.25,11.75,10.807226646923308,11.866881447811853,14.0780627766151,196.25016778150743,0.3239706175645047,ridge_core,core_network,full_network,True,constrained,aggregate_all_days,corridor_held_out,corridor,4,213.43359881539843,213.43359881539843,97.01288686871106,97.01288686871106,139.6837665969059,139.6837665969059,150.04341742700515,False,
110-10956::PM,110-10956,PM,VA620_WB,WESTBOUND,29579.0,403.0,3.0,18.0,14.25,16.75,20.0,15.259766645665946,16.78974283510909,19.05803146247994,227.8958890088396,0.4028092466513429,ridge_core,core_network,full_network,True,constrained,aggregate_all_days,corridor_held_out,corridor,4,60.58599873995679,60.58599873995679,2.384570106545496,2.384570106545496,-56.51811225120369,56.51811225120369,39.82956036590199,False,
110-10957::AM,110-10957,AM,VA620_WB,WESTBOUND,28766.0,403.0,3.0,8.0,7.125,8.75,9.5,6.841912857234475,7.772083962884726,9.654006752916157,168.72563374090086,0.3307752657472227,ridge_core,core_network,full_network,True,constrained,aggregate_all_days,corridor_held_out,corridor,4,-16.98522856593149,16.98522856593149,-58.67496222691644,58.67496222691644,9.24040517496941,9.24040517496941,28.30019865593912,False,
110-10957::PM,110-10957,PM,VA620_WB,WESTBOUND,28766.0,403.0,3.0,8.0,15.75,17.0,18.75,15.074665469403458,16.699594139429312,18.85620481161364,226.8923605326107,0.429700321212615,ridge_core,core_network,full_network,True,constrained,aggregate_all_days,corridor_held_out,corridor,4,-40.52007183579253,40.52007183579253,-18.024351634241285,18.024351634241285,6.372288696818202,6.372288696818202,21.638904055617346,False,
110-10958::AM,110-10958,AM,VA620_WB,WESTBOUND,34334.0,403.0,3.0,11.0,5.5,8.5,10.5,6.57482250956019,7.620819103355832,9.63638263585868,183.6936075779095,0.3416547611822606,ridge_core,core_network,full_network,True,constrained,aggregate_all_days,corridor_held_out,corridor,4,64.48935057361139,64.48935057361139,-52.750853798650056,52.750853798650056,-51.81704184847917,51.81704184847917,56.352415406913536,False,
110-10958::MD,110-10958,MD,VA620_WB,WESTBOUND,34334.0,403.0,3.0,5.0,6.75,10.25,12.5,10.361165568672506,11.592089860267448,13.886915557167091,211.5449993096751,0.349124100010426,ridge_core,core_network,full_network,True,constrained,aggregate_all_days,corridor_held_out,corridor,4,216.6699341203504,216.6699341203504,80.52539161604687,80.52539161604687,83.21493343002547,83.21493343002547,126.80341972214092,False,
110-10958::PM,110-10958,PM,VA620_WB,WESTBOUND,34334.0,403.0,3.0,4.0,13.875,15.875,21.125,14.80219466306112,16.57407790366157,18.88383291311836,244.89829500343453,0.4341107986665901,ridge_core,core_network,full_network,True,constrained,aggregate_all_days,corridor_held_out,corridor,4,55.63167978366714,55.63167978366714,41.94467421969428,41.94467421969428,-134.47002521289832,134.47002521289832,77.34879307208658,False,
110-13195::AM,110-13195,AM,VA294_EB,EASTBOUND,39187.0,303.0,3.0,8.0,6.75,7.5,9.125,6.939780928666791,7.846225717566048,9.802341434326404,171.75363033957663,0.3166552417344929,ridge_core,core_network,full_network,True,constrained,aggregate_all_days,corridor_held_out,corridor,4,11.386855720007478,11.386855720007478,20.773543053962875,20.773543053962875,40.64048605958416,40.64048605958416,24.26696161118484,False,
110-13195::MD,110-13195,MD,VA294_EB,EASTBOUND,39187.0,303.0,3.0,1.0,12.25,12.5,13.75,10.681775063131372,11.814072349480924,14.02055492565736,200.32679175155928,0.3391350532145901,ridge_core,core_network,full_network,True,constrained,aggregate_all_days,corridor_held_out,corridor,4,-94.09349621211769,94.09349621211769,-41.15565903114448,41.15565903114448,16.23329553944167,16.23329553944167,50.49415026090128,False,
110-13195::PM,110-13195,PM,VA294_EB,EASTBOUND,39187.0,303.0,3.0,19.0,14.75,16.75,19.75,15.195152823565206,16.797640947798453,18.958819810806126,225.8200192344553,0.4257784043237052,ridge_core,core_network,full_network,True,constrained,aggregate_all_days,corridor_held_out,corridor,4,26.70916941391233,26.70916941391233,2.858456867907151,2.858456867907151,-47.47081135163242,47.47081135163242,25.679479211150635,False,
110-13196::AM,110-13196,AM,VA294_EB,EASTBOUND,39187.0,303.0,3.0,1.0,7.25,7.5,8.75,6.939780928666791,7.846225717566048,9.802341434326404,171.75363033957663,0.3166552417344929,ridge_core,core_network,full_network,True,constrained,aggregate_all_days,corridor_held_out,corridor,4,-18.61314427999252,18.61314427999252,20.773543053962875,20.773543053962875,63.14048605958416,63.14048605958416,34.17572446451319,False,
110-13196::MD,110-13196,MD,VA294_EB,EASTBOUND,39187.0,303.0,3.0,5.0,11.5,12.75,14.5,10.681775063131372,11.814072349480924,14.02055492565736,200.32679175155928,0.3391350532145901,ridge_core,core_network,full_network,True,constrained,aggregate_all_days,corridor_held_out,corridor,4,-49.09349621211767,49.09349621211767,-56.15565903114448,56.15565903114448,-28.76670446055833,28.76670446055833,44.671953234606825,False,
110-13196::PM,110-13196,PM,VA294_EB,EASTBOUND,39187.0,303.0,3.0,5.0,15.25,17.5,19.5,15.195152823565206,16.797640947798453,18.958819810806126,225.8200192344553,0.4257784043237052,ridge_core,core_network,full_network,True,constrained,aggregate_all_days,corridor_held_out,corridor,4,-3.290830586087665,3.290830586087665,-42.14154313209285,42.14154313209285,-32.47081135163242,32.47081135163242,25.96772835660431,False,
110-13198::MD,110-13198,MD,VA294_EB,EASTBOUND,40112.0,203.0,3.0,5.0,11.375,12.0,13.375,10.950795628512152,12.106644272837787,14.11770026134588,190.01427797002367,0.3649774080160374,ridge_core,core_network,full_network,True,constrained,aggregate_all_days,corridor_held_out,corridor,4,-25.452262289270884,25.452262289270884,6.398656370267233,6.398656370267233,44.562015680752864,44.562015680752864,25.470978113430323,False,
110-13198::PM,110-13198,PM,VA294_EB,EASTBOUND,40112.0,203.0,3.0,13.0,14.75,17.25,19.5,15.47493410028311,17.099641367983203,19.056593858212768,214.8995854757796,0.4536185393107354,ridge_core,core_network,full_network,True,constrained,aggregate_all_days,corridor_held_out,corridor,4,43.49604601698655,43.49604601698655,-9.021517921007812,9.021517921007812,-26.60436850723393,26.60436850723393,26.37397748174276,False,
110-13199::PM,110-13199,PM,VA294_EB,EASTBOUND,38949.0,303.0,3.0,1.0,16.0,16.25,17.75,15.251970176090202,16.86632504393453,18.97752459705455,223.53326525786088,0.4333193628202209,ridge_core,core_network,full_network,True,constrained,aggregate_all_days,corridor_held_out,corridor,4,-44.88178943458788,44.88178943458788,36.97950263607183,36.97950263607183,73.65147582327303,73.65147582327303,51.83758929797758,False,
110-13200::PM,110-13200,PM,VA294_EB,EASTBOUND,38307.0,303.0,3.0,7.0,15.25,15.75,18.5,15.208008760537036,16.807380761068924,18.95095723879061,224.5769086952144,0.4273027026217947,ridge_core,core_network,full_network,True,constrained,aggregate_all_days,corridor_held_out,corridor,4,-2.519474367777761,2.519474367777761,63.44284566413542,63.44284566413542,27.057434327436667,27.057434327436667,31.00658478644995,False,
110-13201::AM,110-13201,AM,VA294_EB,EASTBOUND,38182.0,303.0,3.0,7.0,7.5,8.25,9.25,6.972346527318295,7.893461300170202,9.835834370402049,171.80927058502513,0.3216758105248105,ridge_core,core_network,full_network,True,constrained,aggregate_all_days,corridor_held_out,corridor,4,-31.65920836090232,31.65920836090232,-21.392321989787888,21.392321989787888,35.15006222412282,35.15006222412282,29.400530858271008,False,
110-13201::PM,110-13201,PM,VA294_EB,EASTBOUND,38182.0,303.0,3.0,10.0,14.5,17.0,19.125,15.211278735661011,16.86041464280628,19.05241791972785,230.46835104401023,0.4293351081850752,ridge_core,core_network,full_network,True,constrained,aggregate_all_days,corridor_held_out,corridor,4,42.67672413966068,42.67672413966068,-8.375121431623214,8.375121431623214,-4.354924816328918,4.354924816328918,18.468923462537603,False,
110-13202::AM,110-13202,AM,VA294_EB,EASTBOUND,38339.0,303.0,3.0,1.0,7.5,7.75,8.75,6.9646374048585775,7.883101740786248,9.828867537766529,171.85380797447695,0.3206670879463121,ridge_core,core_network,full_network,True,constrained,aggregate_all_days,corridor_held_out,corridor,4,-32.12175570848535,32.12175570848535,7.986104447174895,7.986104447174895,64.73205226599163,64.73205226599163,34.94663747388396,False,
110-13202::MD,110-13202,MD,VA294_EB,EASTBOUND,38339.0,303.0,3.0,1.0,14.5,14.75,19.0,10.747202498399508,11.921015039212058,14.171897952416682,205.4817272410304,0.3427494667987676,ridge_core,core_network,full_network,True,constrained,aggregate_all_days,corridor_held_out,corridor,4,-225.16785009602955,225.16785009602955,-169.7390976472765,169.7390976472765,-289.6861228549991,289.6861228549991,228.19769019943504,False,
110-13202::PM,110-13202,PM,VA294_EB,EASTBOUND,38339.0,303.0,3.0,5.0,16.25,16.75,18.0,15.193978803515533,16.84493482535151,19.05843962516992,231.867649299263,0.427215101414639,ridge_core,core_network,full_network,True,constrained,aggregate_all_days,corridor_held_out,corridor,4,-63.36127178906814,63.36127178906814,5.696089521090499,5.696089521090499,63.50637751019484,63.50637751019484,44.18791294011783,False,
110-13203::PM,110-13203,PM,VA294_EB,EASTBOUND,39191.0,603.0,3.0,2.0,16.5,17.625,18.5,15.276205805228855,16.827742378916838,18.348889639629725,184.3610300640522,0.5049450764564295,ridge_core,core_network,full_network,True,constrained,aggregate_all_days,corridor_held_out,corridor,4,-73.42765168626869,73.42765168626869,-47.835457264989714,47.835457264989714,-9.066621622216502,9.066621622216502,43.44324352449164,False,
110-13207::AM,110-13207,AM,VA294_EB,EASTBOUND,39200.0,503.0,3.0,15.0,6.25,7.75,10.0,6.880886270540358,7.734243300596168,9.310031825759951,145.74873331317568,0.3512992575608201,ridge_core,core_network,full_network,True,constrained,aggregate_all_days,corridor_held_out,corridor,4,37.853176232421504,37.853176232421504,-0.9454019642299372,0.9454019642299372,-41.398090454402805,41.398090454402805,26.732222883684745,False,
110-13207::MD,110-13207,MD,VA294_EB,EASTBOUND,39200.0,503.0,3.0,2.0,11.0,12.375,16.0,10.56833671801308,11.586600471261283,13.29796653763588,163.77778917736794,0.3730409691189978,ridge_core,core_network,full_network,True,constrained,aggregate_all_days,corridor_held_out,corridor,4,-25.89979691921517,25.89979691921517,-47.303971724322906,47.303971724322906,-162.12200774184723,162.12200774184723,78.4419254617951,False,
110-13207::PM,110-13207,PM,VA294_EB,EASTBOUND,39200.0,503.0,3.0,15.0,14.25,16.5,19.25,15.171772481600666,16.643749835606698,18.360736758129047,191.3378565917029,0.4615847737273744,ridge_core,core_network,full_network,True,constrained,aggregate_all_days,corridor_held_out,corridor,4,55.30634889603995,55.30634889603995,8.624990136401891,8.624990136401891,-53.35579451225719,53.35579451225719,39.09571118156634,False,
110-13240::PM,110-13240,PM,VA619_SB,SOUTHBOUND,39246.0,403.0,3.0,2.0,16.75,17.25,18.25,14.87488992379974,16.487791950857886,18.61610280983032,224.47277316183485,0.4311174146439536,ridge_core,core_network,full_network,True,constrained,aggregate_all_days,corridor_held_out,corridor,4,-112.50660457201568,112.50660457201568,-45.73248294852682,45.73248294852682,21.96616858981919,21.96616858981919,60.06841870345389,False,
110-13720::MD,110-13720,MD,VA620_WB,WESTBOUND,29697.0,203.0,3.0,1.0,12.25,12.5,13.25,10.818409523298174,12.1091236859459,14.283840765939887,207.9258745585029,0.3724541254103223,ridge_core,core_network,full_network,True,constrained,aggregate_all_days,corridor_held_out,corridor,4,-85.89542860210958,85.89542860210958,-23.45257884324603,23.45257884324603,62.03044595639323,62.03044595639323,57.126151133916274,False,
110-13720::PM,110-13720,PM,VA620_WB,WESTBOUND,29697.0,203.0,3.0,10.0,15.0,16.625,18.25,15.232641674819838,17.058931839656502,19.23696496973581,240.25939769495804,0.4560795995556568,ridge_core,core_network,full_network,True,constrained,aggregate_all_days,corridor_held_out,corridor,4,13.9585004891903,13.9585004891903,26.03591037939012,26.03591037939012,59.21789818414851,59.21789818414851,33.070769684242975,False,
110-13722::PM,110-13722,PM,VA620_WB,WESTBOUND,35382.0,603.0,3.0,6.0,15.75,17.25,18.25,15.130367984131956,16.57798081135885,18.379076127783083,194.9224886190677,0.4455964534874971,ridge_core,core_network,full_network,True,constrained,aggregate_all_days,corridor_held_out,corridor,4,-37.17792095208264,37.17792095208264,-40.32115131846908,40.32115131846908,7.744567666984992,7.744567666984992,28.41454664584557,False,
110-13723::MD,110-13723,MD,VA620_WB,WESTBOUND,29678.0,203.0,3.0,1.0,11.75,12.25,14.0,10.805506186202528,12.091859403483468,14.304395626353438,209.93336640905468,0.3676461458083278,ridge_core,core_network,full_network,True,constrained,aggregate_all_days,corridor_held_out,corridor,4,-56.669628827848406,56.669628827848406,-9.488435790992009,9.488435790992009,18.26373758120628,18.26373758120628,28.1406007333489,False,
110-13723::PM,110-13723,PM,VA620_WB,WESTBOUND,29678.0,203.0,3.0,12.0,14.75,15.875,18.25,15.19931993925658,17.011558122131735,19.216746755760475,241.0456089902337,0.4510942614885584,ridge_core,core_network,full_network,True,constrained,aggregate_all_days,corridor_held_out,corridor,4,26.959196355394752,26.959196355394752,68.1934873279041,68.1934873279041,58.00480534562851,58.00480534562851,51.052496342975786,False,
110-13725::AM,110-13725,AM,VA620_WB,WESTBOUND,29536.0,403.0,3.0,17.0,7.0,8.5,10.25,6.770057823907624,7.675016593574153,9.641950751122884,172.31357563291564,0.315108812411062,ridge_core,core_network,full_network,True,constrained,aggregate_all_days,corridor_held_out,corridor,4,-13.796530565542591,13.796530565542591,-49.49900438555083,49.49900438555083,-36.48295493262694,36.48295493262694,33.25949662790679,False,
110-13725::MD,110-13725,MD,VA620_WB,WESTBOUND,29536.0,403.0,3.0,4.0,7.25,9.125,12.75,10.68774230187103,11.83529681089984,14.189997544983374,210.13531458674075,0.3276615864265266,ridge_core,core_network,full_network,True,constrained,aggregate_all_days,corridor_held_out,corridor,4,206.2645381122618,206.2645381122618,162.6178086539905,162.6178086539905,86.39985269900244,86.39985269900244,151.7607331550849,False,
110-13725::PM,110-13725,PM,VA620_WB,WESTBOUND,29536.0,403.0,3.0,18.0,14.625,17.25,20.875,15.07360197718921,16.696036219051727,19.005375803920955,235.9064296039047,0.4126468900199056,ridge_core,core_network,full_network,True,constrained,aggregate_all_days,corridor_held_out,corridor,4,26.91611863135257,26.91611863135257,-33.23782685689636,33.23782685689636,-112.17745176474268,112.17745176474268,57.44379908433054,False,
110-13726::PM,110-13726,PM,VA620_WB,WESTBOUND,31686.0,303.0,3.0,4.0,16.75,17.0,18.375,15.467199412532167,16.959805208435256,19.25251300820147,227.1188157401581,0.3943149644485858,ridge_core,core_network,full_network,True,constrained,aggregate_all_days,corridor_held_out,corridor,4,-76.96803524806995,76.96803524806995,-2.411687493884642,2.411687493884642,52.6507804920881,52.6507804920881,44.0101677446809,False,
110-57903::AM,110-57903,AM,VA645_SB,SOUTHBOUND,29486.0,403.0,3.0,13.0,7.25,7.75,9.75,6.794826138897152,7.707522263997001,9.65229872779274,171.4483553337353,0.3194067822895917,ridge_core,core_network,full_network,True,constrained,aggregate_all_days,corridor_held_out,corridor,4,-27.31043166617088,27.31043166617088,-2.548664160179932,2.548664160179932,-5.862076332435606,5.862076332435606,11.90705738626214,False,
110-57903::MD,110-57903,MD,VA645_SB,SOUTHBOUND,29486.0,403.0,3.0,8.0,14.375,14.75,17.875,10.594649014492608,11.722508781753676,13.924690295167816,199.80247684051267,0.3386924281708546,ridge_core,core_network,full_network,True,constrained,aggregate_all_days,corridor_held_out,corridor,4,-226.8210591304436,226.8210591304436,-181.6494730947794,181.6494730947794,-237.0185822899309,237.0185822899309,215.163038171718,False,
110-57903::PM,110-57903,PM,VA645_SB,SOUTHBOUND,29486.0,403.0,3.0,10.0,14.5,15.75,18.25,15.061316853153816,16.680708780729894,18.871036053749062,228.5831520357148,0.4250685791548778,ridge_core,core_network,full_network,True,constrained,aggregate_all_days,corridor_held_out,corridor,4,33.679011189228945,33.679011189228945,55.84252684379365,55.84252684379365,37.26216322494373,37.26216322494373,42.26123375265544,False,
110-57904::AM,110-57904,AM,VA645_SB,SOUTHBOUND,29491.0,403.0,3.0,3.0,7.0,7.5,10.0,6.793018659835259,7.705525077194258,9.649170191935225,171.3690919259979,0.3194880968686157,ridge_core,core_network,full_network,True,constrained,aggregate_all_days,corridor_held_out,corridor,4,-12.41888040988444,12.41888040988444,12.33150463165547,12.33150463165547,-21.04978848388651,21.04978848388651,15.266724508475471,False,
110-57904::MD,110-57904,MD,VA645_SB,SOUTHBOUND,29491.0,403.0,3.0,1.0,7.0,9.5,11.25,10.57310690570432,11.695791142210354,13.876193840030052,198.1852160595439,0.3398894000757536,ridge_core,core_network,full_network,True,constrained,aggregate_all_days,corridor_held_out,corridor,4,214.3864143422592,214.3864143422592,131.7474685326212,131.7474685326212,157.57163040180308,157.57163040180308,167.9018377588945,False,
110-57906::AM,110-57906,AM,VA645_SB,SOUTHBOUND,29507.0,503.0,3.0,10.0,7.0,7.75,9.0,6.81322684962011,7.742438175860964,9.486154155306574,160.37563834118785,0.3476380836336337,ridge_core,core_network,full_network,True,constrained,aggregate_all_days,corridor_held_out,corridor,4,-11.206389022793424,11.206389022793424,-0.4537094483421633,0.4537094483421633,29.169249318394428,29.169249318394428,13.609782596510009,False,
110-57906::MD,110-57906,MD,VA645_SB,SOUTHBOUND,29507.0,503.0,3.0,1.0,11.25,11.5,13.0,10.626293202312873,11.747415206026108,13.703879872372532,184.65520020357968,0.3642860864391198,ridge_core,core_network,full_network,True,constrained,aggregate_all_days,corridor_held_out,corridor,4,-37.42240786122775,37.42240786122775,14.8449123615665,14.8449123615665,42.23279234235193,42.23279234235193,31.500037521715388,False,
110-57906::PM,110-57906,PM,VA645_SB,SOUTHBOUND,29507.0,503.0,3.0,10.0,15.0,15.875,17.75,15.074276907493854,16.69403045495264,18.59400983771552,211.1839758133,0.4601921735456148,ridge_core,core_network,full_network,True,constrained,aggregate_all_days,corridor_held_out,corridor,4,4.456614449631218,4.456614449631218,49.14182729715833,49.14182729715833,50.6405902629313,50.6405902629313,34.74634400324028,False,
110-57907::AM,110-57907,AM,VA645_SB,SOUTHBOUND,29514.0,603.0,3.0,10.0,6.75,8.375,10.0,6.650000339946892,7.579024730934232,9.212387243307704,153.74321420164867,0.3625621055777472,ridge_core,core_network,full_network,True,constrained,aggregate_all_days,corridor_held_out,corridor,4,-5.9999796031864605,5.9999796031864605,-47.758516143946096,47.758516143946096,-47.25676540153774,47.25676540153774,33.671753716223435,False,
110-57907::MD,110-57907,MD,VA645_SB,SOUTHBOUND,29514.0,603.0,3.0,10.0,11.75,12.0,14.0,10.463012327619376,11.583294076276031,13.412316370572745,176.95824257720216,0.3798461373737614,ridge_core,core_network,full_network,True,constrained,aggregate_all_days,corridor_held_out,corridor,4,-77.21926034283743,77.21926034283743,-25.002355423438125,25.002355423438125,-35.26101776563532,35.26101776563532,45.82754451063696,False,
110-57907::PM,110-57907,PM,VA645_SB,SOUTHBOUND,29514.0,603.0,3.0,9.0,13.25,16.75,18.5,14.94109405024372,16.544223652212413,18.33032205985049,203.35368057640625,0.4730073035583973,ridge_core,core_network,full_network,True,constrained,aggregate_all_days,corridor_held_out,corridor,4,101.4656430146232,101.4656430146232,-12.34658086725524,12.34658086725524,-10.180676408970513,10.180676408970513,41.33096676361632,False,
110-57908::AM,110-57908,AM,VA645_SB,SOUTHBOUND,35316.0,603.0,3.0,5.0,7.0,8.25,9.5,6.51756691538875,7.401610484218973,9.126901862367262,156.56009681871075,0.3388003406208558,ridge_core,core_network,full_network,True,constrained,aggregate_all_days,corridor_held_out,corridor,4,-28.945985076675,28.945985076675,-50.903370946861614,50.903370946861614,-22.385888257964268,22.385888257964268,34.078414760500294,False,
110-57908::MD,110-57908,MD,VA645_SB,SOUTHBOUND,35316.0,603.0,3.0,6.0,11.625,12.25,14.5,10.387598126432474,11.46339591135021,13.423570948733197,182.1583693380432,0.3543502685582259,ridge_core,core_network,full_network,True,constrained,aggregate_all_days,corridor_held_out,corridor,4,-74.24411241405156,74.24411241405156,-47.196245318987415,47.196245318987415,-64.5857430760083,64.5857430760083,62.00870026968243,False,
110-57908::PM,110-57908,PM,VA645_SB,SOUTHBOUND,35316.0,603.0,3.0,5.0,15.0,15.5,17.25,14.857902334330362,16.400869030128586,18.33755771556628,208.7793228741548,0.4434251460988618,ridge_core,core_network,full_network,True,constrained,aggregate_all_days,corridor_held_out,corridor,4,-8.525859940178293,8.525859940178293,54.05214180771516,54.05214180771516,65.2534629339764,65.2534629339764,42.61048822728995,False,
110-57911::AM,110-57911,AM,VA645_SB,SOUTHBOUND,29715.0,603.0,3.0,1.0,8.0,8.25,9.25,6.565527656282595,7.494611326720112,9.1398762674078,154.46091666751232,0.3609004881554988,ridge_core,core_network,full_network,True,constrained,aggregate_all_days,corridor_held_out,corridor,4,-86.0683406230443,86.0683406230443,-45.323320396793264,45.323320396793264,-6.607423955531999,6.607423955531999,45.99969499178985,False,
110-57911::PM,110-57911,PM,VA645_SB,SOUTHBOUND,29715.0,603.0,3.0,4.0,15.375,16.75,18.375,14.873472813296376,16.449903398446615,18.29444280630941,205.2581995807821,0.4608139177981473,ridge_core,core_network,full_network,True,constrained,aggregate_all_days,corridor_held_out,corridor,4,-30.09163120221736,30.09163120221736,-18.005796093203088,18.005796093203088,-4.833431621435267,4.833431621435267,17.643619638951904,False,
110-57912::PM,110-57912,PM,VA645_SB,SOUTHBOUND,29715.0,603.0,3.0,1.0,15.5,16.0,17.25,14.873472813296376,16.449903398446615,18.29444280630941,205.2581995807821,0.4608139177981473,ridge_core,core_network,full_network,True,constrained,aggregate_all_days,corridor_held_out,corridor,4,-37.59163120221736,37.59163120221736,26.994203906796912,26.994203906796912,62.66656837856473,62.66656837856473,42.417467829193,False,
110-57915::AM,110-57915,AM,VA645_SB,SOUTHBOUND,35564.0,403.0,3.0,1.0,6.0,6.25,8.0,6.814511594091958,7.738697321627175,9.626236121445594,168.7034716412181,0.3286899973821582,ridge_core,core_network,full_network,True,constrained,aggregate_all_days,corridor_held_out,corridor,4,48.8706956455175,48.8706956455175,89.32183929763049,89.32183929763049,97.57416728673562,97.57416728673562,78.58890074329453,False,
110-57915::PM,110-57915,PM,VA645_SB,SOUTHBOUND,35564.0,403.0,3.0,9.0,15.5,16.25,18.5,15.032868484891432,16.641500107448945,18.766916989755813,224.0429102918628,0.4308009444606657,ridge_core,core_network,full_network,True,constrained,aggregate_all_days,corridor_held_out,corridor,4,-28.02789090651405,28.02789090651405,23.490006446936675,23.490006446936675,16.015019385348808,16.015019385348808,22.510972246266515,False,
110-57916::AM,110-57916,AM,VA645_SB,SOUTHBOUND,30878.0,403.0,3.0,1.0,6.25,7.75,10.5,6.777327161129023,7.691342294732672,9.601936761747776,169.4765760371252,0.3235898983715932,ridge_core,core_network,full_network,True,constrained,aggregate_all_days,corridor_held_out,corridor,4,31.63962966774136,31.63962966774136,-3.5194623160396965,3.5194623160396965,-53.88379429513343,53.88379429513343,29.68096209297149,False,
110-57916::MD,110-57916,MD,VA645_SB,SOUTHBOUND,30878.0,403.0,3.0,6.0,11.75,13.875,15.25,10.48132667978038,11.580096599468972,13.716620644733752,194.11763789720223,0.3396198093870675,ridge_core,core_network,full_network,True,constrained,aggregate_all_days,corridor_held_out,corridor,4,-76.12039921317717,76.12039921317717,-137.6942040318616,137.6942040318616,-92.00276131597492,92.00276131597492,101.93912152033788,False,
110-57916::PM,110-57916,PM,VA645_SB,SOUTHBOUND,30878.0,403.0,3.0,13.0,15.5,17.0,18.75,15.01111026061642,16.61088232579549,18.78614055553904,226.5018176953569,0.4237772786434984,ridge_core,core_network,full_network,True,constrained,aggregate_all_days,corridor_held_out,corridor,4,-29.333384363014723,29.333384363014723,-23.347060452270583,23.347060452270583,2.168433332342304,2.168433332342304,18.282959382542536,False,
110-57917::MD,110-57917,MD,VA645_SB,SOUTHBOUND,31075.0,403.0,3.0,4.0,13.0,13.5,14.5,10.553728039219513,11.77383125794857,14.226500256535283,220.3663330389464,0.3322022566432842,ridge_core,core_network,full_network,True,constrained,aggregate_all_days,corridor_held_out,corridor,4,-146.77631764682926,146.77631764682926,-103.57012452308578,103.57012452308578,-16.40998460788289,16.40998460788289,88.91880892593264,False,
110-57917::PM,110-57917,PM,VA645_SB,SOUTHBOUND,31075.0,403.0,3.0,13.0,15.5,17.0,19.0,14.87086081072006,16.619504297364458,19.00413662124116,247.9965486312657,0.42306479577126,ridge_core,core_network,full_network,True,constrained,aggregate_all_days,corridor_held_out,corridor,4,-37.74835135679638,37.74835135679638,-22.829742158132547,22.829742158132547,0.2481972744695326,0.2481972744695326,20.27543026313282,False,
110-57919::AM,110-57919,AM,VA645_SB,SOUTHBOUND,31077.0,403.0,3.0,12.0,5.0,7.875,9.5,6.841832444531896,7.771648871076072,9.656111335991278,168.85673348756296,0.3303924246335115,ridge_core,core_network,full_network,True,constrained,aggregate_all_days,corridor_held_out,corridor,4,110.50994667191377,110.50994667191377,-6.20106773543565,6.20106773543565,9.366680159476708,9.366680159476708,42.02589818894205,False,
110-57919::MD,110-57919,MD,VA645_SB,SOUTHBOUND,31077.0,403.0,3.0,2.0,12.5,13.75,19.25,10.537375937990287,11.653768822277106,13.747134110176884,192.58549033119587,0.3478121479557737,ridge_core,core_network,full_network,True,constrained,aggregate_all_days,corridor_held_out,corridor,4,-117.75744372058276,117.75744372058276,-125.77387066337364,125.77387066337364,-330.1719533893869,330.1719533893869,191.2344225911144,False,
110-57919::PM,110-57919,PM,VA645_SB,SOUTHBOUND,31077.0,403.0,3.0,7.0,14.0,15.25,20.75,15.068400705851811,16.69095158226888,18.817893059410487,224.96954121352064,0.4327388145963523,ridge_core,core_network,full_network,True,constrained,aggregate_all_days,corridor_held_out,corridor,4,64.10404235110867,64.10404235110867,86.45709493613282,86.45709493613282,-115.92641643537078,115.92641643537078,88.82918457420408,False,
110-57920::AM,110-57920,AM,VA645_SB,SOUTHBOUND,35754.0,403.0,3.0,9.0,6.75,7.75,11.25,6.8356645753097,7.764217622033442,9.649300913402424,168.81818028556336,0.3300188564358602,ridge_core,core_network,full_network,True,constrained,aggregate_all_days,corridor_held_out,corridor,4,5.139874518581991,5.139874518581991,0.8530573220065207,0.8530573220065207,-96.04194519585457,96.04194519585457,34.011625678814355,False,
110-57920::MD,110-57920,MD,VA645_SB,SOUTHBOUND,35754.0,403.0,3.0,6.0,10.0,11.25,12.75,10.532521551696457,11.647263491396355,13.747349946691866,192.88970369972463,0.3467500602630125,ridge_core,core_network,full_network,True,constrained,aggregate_all_days,corridor_held_out,corridor,4,31.95129310178729,31.95129310178729,23.835809483781425,23.835809483781425,59.84099680151196,59.84099680151196,38.54269979569356,False,
110-57920::PM,110-57920,PM,VA645_SB,SOUTHBOUND,35754.0,403.0,3.0,17.0,15.0,17.5,19.75,15.05673128159598,16.67471612134367,18.787788482223128,223.86343203762897,0.4336531853426761,ridge_core,core_network,full_network,True,constrained,aggregate_all_days,corridor_held_out,corridor,4,3.4038768957587706,3.4038768957587706,-49.51703271937973,49.51703271937973,-57.73269106661232,57.73269106661232,36.884533560583606,False,
110-57951::AM,110-57951,AM,VA619_SB,SOUTHBOUND,39353.0,503.0,3.0,3.0,6.25,7.75,9.0,6.88139195929195,7.733386936191642,9.324205971758785,146.5688407480101,0.3487760314749951,ridge_core,core_network,full_network,True,constrained,aggregate_all_days,corridor_held_out,corridor,4,37.88351755751698,37.88351755751698,-0.9967838285014884,0.9967838285014884,19.45235830552708,19.45235830552708,19.44421989718185,False,
110-57951::PM,110-57951,PM,VA619_SB,SOUTHBOUND,39353.0,503.0,3.0,17.0,14.0,16.75,19.0,15.20763428926936,16.694281163128917,18.48351987423286,196.55313509781007,0.4538152616450795,ridge_core,core_network,full_network,True,constrained,aggregate_all_days,corridor_held_out,corridor,4,72.45805735616166,72.45805735616166,-3.343130212264996,3.343130212264996,-30.988807546028312,30.988807546028312,35.596665038151656,False,
110-57953::PM,110-57953,PM,VA619_SB,SOUTHBOUND,38955.0,303.0,3.0,5.0,15.5,15.75,16.5,15.18393277302904,16.807694690686326,19.00416999929112,229.2142335757252,0.4250421692388089,ridge_core,core_network,full_network,True,constrained,aggregate_all_days,corridor_held_out,corridor,4,-18.964033618257687,18.964033618257687,63.461681441179536,63.461681441179536,150.25019995746732,150.25019995746732,77.55863833896818,False,
110-57954::AM,110-57954,AM,VA619_SB,SOUTHBOUND,40351.0,303.0,3.0,1.0,6.75,7.0,8.0,7.016640651525857,7.92417565623531,9.843012973180477,169.58233929927704,0.3210953481805124,ridge_core,core_network,full_network,True,constrained,aggregate_all_days,corridor_held_out,corridor,4,15.998439091551422,15.998439091551422,55.45053937411858,55.45053937411858,110.58077839082848,110.58077839082848,60.67658561883282,False,
110-57954::MD,110-57954,MD,VA619_SB,SOUTHBOUND,40351.0,303.0,3.0,1.0,7.5,9.25,10.0,10.659129304267104,11.760386047987692,13.88123926505989,193.32659764756704,0.3417812418324883,ridge_core,core_network,full_network,True,constrained,aggregate_all_days,corridor_held_out,corridor,4,189.54775825602624,189.54775825602624,150.62316287926154,150.62316287926154,232.87435590359337,232.87435590359337,191.01509234629373,False,
110-58066::PM,110-58066,PM,VA606_SB,SOUTHBOUND,35851.0,503.0,3.0,2.0,16.375,16.625,17.5,15.83322871490076,17.153265210406264,18.91412439476065,184.8537407915936,0.4284586797711813,ridge_core,core_network,full_network,True,constrained,aggregate_all_days,corridor_held_out,corridor,4,-32.50627710595445,32.50627710595445,31.69591262437585,31.69591262437585,84.84746368563911,84.84746368563911,49.683217805323146,False,
110-58067::MD,110-58067,MD,VA606_SB,SOUTHBOUND,35851.0,503.0,3.0,1.0,13.0,13.25,14.0,11.200635163964222,12.10825388037912,13.804291583722788,156.21938518551403,0.3485938887816313,ridge_core,core_network,full_network,True,constrained,aggregate_all_days,corridor_held_out,corridor,4,-107.96189016214667,107.96189016214667,-68.50476717725279,68.50476717725279,-11.742504976632697,11.742504976632697,62.73638743867739,False,
110-58067::PM,110-58067,PM,VA606_SB,SOUTHBOUND,35851.0,503.0,3.0,14.0,15.5,17.5,19.0,15.83322871490076,17.153265210406264,18.91412439476065,184.8537407915936,0.4284586797711813,ridge_core,core_network,full_network,True,constrained,aggregate_all_days,corridor_held_out,corridor,4,19.993722894045547,19.993722894045547,-20.80408737562415,20.80408737562415,-5.152536314360887,5.152536314360887,15.31678219467686,False,
110-58163::AM,110-58163,AM,VA620_WB,WESTBOUND,36568.0,403.0,3.0,1.0,6.5,7.5,8.75,6.98229050308256,7.913349932914956,9.787638737373406,168.3208940574508,0.3318872924408103,ridge_core,core_network,full_network,True,constrained,aggregate_all_days,corridor_held_out,corridor,4,28.93743018495357,28.93743018495357,24.80099597489737,24.80099597489737,62.25832424240437,62.25832424240437,38.66558346741844,False,
110-58163::PM,110-58163,PM,VA620_WB,WESTBOUND,36568.0,403.0,3.0,1.0,16.5,17.0,18.0,15.268820384334909,16.846151921288747,18.9961305469336,223.6386097559216,0.4231822596309291,ridge_core,core_network,full_network,True,constrained,aggregate_all_days,corridor_held_out,corridor,4,-73.8707769399056,73.8707769399056,-9.230884722675157,9.230884722675157,59.76783281601598,59.76783281601598,47.62316482619891,False,
110-58164::MD,110-58164,MD,VA620_WB,WESTBOUND,30863.0,603.0,3.0,2.0,12.0,12.875,13.875,10.51011211514649,11.610848436786274,13.544693777972432,182.0748997695566,0.3627308288071337,ridge_core,core_network,full_network,True,constrained,aggregate_all_days,corridor_held_out,corridor,4,-89.39327309121066,89.39327309121066,-75.84909379282358,75.84909379282358,-19.81837332165409,19.81837332165409,61.68691340189611,False,
110-58164::PM,110-58164,PM,VA620_WB,WESTBOUND,30863.0,603.0,3.0,7.0,15.5,17.25,18.25,14.989371993106388,16.54684825785017,18.479976003532435,209.4362406255628,0.4461910489106676,ridge_core,core_network,full_network,True,constrained,aggregate_all_days,corridor_held_out,corridor,4,-30.63768041361669,30.63768041361669,-42.18910452898989,42.18910452898989,13.798560211946125,13.798560211946125,28.875115051517568,False,
110-58165::AM,110-58165,AM,VA620_WB,WESTBOUND,30868.0,303.0,3.0,8.0,6.875,7.75,10.5,6.6260106605225175,7.832911513215414,10.05714525153594,205.86807546080527,0.3517497844164795,ridge_core,core_network,full_network,True,constrained,aggregate_all_days,corridor_held_out,corridor,4,-14.939360368648948,14.939360368648948,4.974690792924861,4.974690792924861,-26.571284907843665,26.571284907843665,15.495112023139155,False,
110-58165::MD,110-58165,MD,VA620_WB,WESTBOUND,30868.0,303.0,3.0,3.0,6.75,10.25,11.5,10.329833068935764,11.742556659911026,14.232158918381431,234.13955096674,0.362020919184886,ridge_core,core_network,full_network,True,constrained,aggregate_all_days,corridor_held_out,corridor,4,214.78998413614588,214.78998413614588,89.55339959466156,89.55339959466156,163.9295351028859,163.9295351028859,156.09097294456444,False,
110-58165::PM,110-58165,PM,VA620_WB,WESTBOUND,30868.0,303.0,3.0,8.0,14.0,17.125,19.625,14.686848382166415,16.734027442613105,19.194756979198925,270.4745158219505,0.4541305610753325,ridge_core,core_network,full_network,True,constrained,aggregate_all_days,corridor_held_out,corridor,4,41.21090292998503,41.21090292998503,-23.458353443213724,23.458353443213724,-25.814581248064528,25.814581248064528,30.16127920708776,False,
110-58167::AM,110-58167,AM,VA620_WB,WESTBOUND,31123.0,203.0,3.0,11.0,6.75,7.75,10.5,6.832479463764639,8.073860289238008,10.126326349518884,197.6308131452546,0.3768787282864576,ridge_core,core_network,full_network,True,constrained,aggregate_all_days,corridor_held_out,corridor,4,4.94876782587836,4.94876782587836,19.43161735428045,19.43161735428045,-22.420419028866974,22.420419028866974,15.60026806967526,False,
110-58167::MD,110-58167,MD,VA620_WB,WESTBOUND,31123.0,203.0,3.0,5.0,9.5,10.0,11.75,10.582529245885535,12.027513254958976,14.372540816886684,227.4006942600688,0.3812611075199812,ridge_core,core_network,full_network,True,constrained,aggregate_all_days,corridor_held_out,corridor,4,64.9517547531322,64.9517547531322,121.65079529753864,121.65079529753864,157.352449013201,157.352449013201,114.65166635462396,False,
110-58167::PM,110-58167,PM,VA620_WB,WESTBOUND,31123.0,203.0,3.0,16.0,14.25,17.0,20.0,14.899426452591502,16.949674698343866,19.22772475465699,259.69789812392924,0.4736845990429946,ridge_core,core_network,full_network,True,constrained,aggregate_all_days,corridor_held_out,corridor,4,38.96558715549013,38.96558715549013,-3.019518099368028,3.019518099368028,-46.336514720580624,46.336514720580624,29.440539991812926,False,
110N04120::MD,110N04120,MD,I395_SB,SOUTHBOUND,32603.0,501.0,1.0,1.0,13.5,14.75,16.0,11.21087758386067,12.045547654184151,13.896723752528834,161.15077012008982,0.3107661488808843,ridge_core,core_network,full_network,True,constrained,aggregate_all_days,corridor_held_out,corridor,4,-137.3473449683598,137.3473449683598,-162.26714074895082,162.26714074895082,-126.19657484827,126.19657484827,141.93702018852687,False,
110N04120::PM,110N04120,PM,I395_SB,SOUTHBOUND,32603.0,501.0,1.0,8.0,15.125,16.75,18.125,15.841856791577449,17.206206544740898,19.120617966759813,196.72567051094188,0.416117454205113,ridge_core,core_network,full_network,True,constrained,aggregate_all_days,corridor_held_out,corridor,4,43.011407494646825,43.011407494646825,27.372392684453857,27.372392684453857,59.73707800558877,59.73707800558877,43.37362606156315,False,
110N04121::MD,110N04121,MD,I395_SB,SOUTHBOUND,32611.0,301.0,1.0,1.0,13.75,14.5,15.75,10.608683214015148,11.664412380452902,13.60087421721888,179.5314601922239,0.3528281334003699,ridge_core,core_network,full_network,True,constrained,aggregate_all_days,corridor_held_out,corridor,4,-188.4790071590911,188.4790071590911,-170.1352571728259,170.1352571728259,-128.94754696686718,128.94754696686718,162.5206037662614,False,
110N04121::PM,110N04121,PM,I395_SB,SOUTHBOUND,32611.0,301.0,1.0,4.0,16.125,16.875,18.25,15.164773637828016,16.758878157425364,18.794314014548256,217.77242260321432,0.439202861558418,ridge_core,core_network,full_network,True,constrained,aggregate_all_days,corridor_held_out,corridor,4,-57.61358173031901,57.61358173031901,-6.967310554478132,6.967310554478132,32.658840872895354,32.658840872895354,32.4132443858975,False,
110N04122::PM,110N04122,PM,I395_SB,SOUTHBOUND,28283.0,201.0,1.0,3.0,16.0,16.75,18.25,15.174189153101224,16.901520461626806,18.994016748118707,229.1896557010489,0.4522013796587794,ridge_core,core_network,full_network,True,constrained,aggregate_all_days,corridor_held_out,corridor,4,-49.54865081392665,49.54865081392665,9.091227697608346,9.091227697608346,44.641004887122406,44.641004887122406,34.4269611328858,False,
110N04123::MD,110N04123,MD,I395_SB,SOUTHBOUND,28302.0,201.0,1.0,1.0,14.0,14.5,19.75,10.733423655778532,11.946287610395254,14.006841365268912,196.4050625694228,0.3705191522305127,ridge_core,core_network,full_network,True,constrained,aggregate_all_days,corridor_held_out,corridor,4,-195.99458065328807,195.99458065328807,-153.22274337628474,153.22274337628474,-344.5895180838653,344.5895180838653,231.26894737114603,False,
110N04123::PM,110N04123,PM,I395_SB,SOUTHBOUND,28302.0,201.0,1.0,16.0,15.0,16.125,18.125,15.187060389013132,16.901574373844753,18.953000988061586,225.95643594290715,0.4552684620848317,ridge_core,core_network,full_network,True,constrained,aggregate_all_days,corridor_held_out,corridor,4,11.22362334078801,11.22362334078801,46.59446243068516,46.59446243068516,49.68005928369514,49.68005928369514,35.83271501838944,False,
110N04124::MD,110N04124,MD,I395_SB,SOUTHBOUND,26759.0,201.0,1.0,1.0,12.0,13.5,18.0,10.58149439414446,11.764765235067545,13.6709771232264,185.3689637449163,0.382999661977298,ridge_core,core_network,full_network,True,constrained,aggregate_all_days,corridor_held_out,corridor,4,-85.11033635133238,85.11033635133238,-104.11408589594744,104.11408589594744,-259.74137260641606,259.74137260641606,149.65526495123194,False,
110N04124::PM,110N04124,PM,I395_SB,SOUTHBOUND,26759.0,201.0,1.0,16.0,15.25,16.125,18.75,15.05490080485256,16.729450966567637,18.62768046654959,214.3667797018218,0.4686967348329796,ridge_core,core_network,full_network,True,constrained,aggregate_all_days,corridor_held_out,corridor,4,-11.705951708846314,11.705951708846314,36.26705799405819,36.26705799405819,-7.339172007024501,7.339172007024501,18.43739390330967,False,
110N04125::MD,110N04125,MD,I395_SB,SOUTHBOUND,26776.0,201.0,1.0,1.0,14.25,14.75,20.0,10.738553518123409,11.963534461260796,14.05102641347322,198.7483737209887,0.3698085937116849,ridge_core,core_network,full_network,True,constrained,aggregate_all_days,corridor_held_out,corridor,4,-210.6867889125955,210.6867889125955,-167.18793232435223,167.18793232435223,-356.9384151916068,356.9384151916068,244.93771214285152,False,
110N04125::PM,110N04125,PM,I395_SB,SOUTHBOUND,26776.0,201.0,1.0,15.0,15.0,16.5,18.75,15.180678780203776,16.886600513397855,18.93966793144768,225.5393490746337,0.4538245960698155,ridge_core,core_network,full_network,True,constrained,aggregate_all_days,corridor_held_out,corridor,4,10.840726812226542,10.840726812226542,23.196030803871324,23.196030803871324,11.380075886860368,11.380075886860368,15.138944500986078,False,
110N04126::MD,110N04126,MD,I395_SB,SOUTHBOUND,26792.0,201.0,1.0,1.0,14.25,14.75,19.75,10.46115497392712,11.536034163366928,13.348378673293492,173.23342196198246,0.3722881568462122,ridge_core,core_network,full_network,True,constrained,aggregate_all_days,corridor_held_out,corridor,4,-227.33070156437287,227.33070156437287,-192.8379501979844,192.8379501979844,-384.0972796023905,384.0972796023905,268.0886437882492,False,
110N04126::PM,110N04126,PM,I395_SB,SOUTHBOUND,26792.0,201.0,1.0,15.0,14.5,16.75,19.25,14.995970743332192,16.533729992359618,18.35383353115941,201.4717672696329,0.4579577386550896,ridge_core,core_network,full_network,True,constrained,aggregate_all_days,corridor_held_out,corridor,4,29.758244599931523,29.758244599931523,-12.976200458422936,12.976200458422936,-53.76998813043564,53.76998813043564,32.168144396263365,False,
110N04127::PM,110N04127,PM,I395_SB,SOUTHBOUND,26809.0,501.0,1.0,19.0,15.0,17.5,19.0,15.485428067009776,16.457316228256346,18.11585394492112,157.82555267468038,0.3694793947276271,ridge_core,core_network,full_network,True,constrained,aggregate_all_days,corridor_held_out,corridor,4,29.12568402058657,29.12568402058657,-62.56102630461925,62.56102630461925,-53.04876330473299,53.04876330473299,48.24515787664626,False,
110N04130::PM,110N04130,PM,I395_SB,SOUTHBOUND,26712.0,101.0,1.0,6.0,15.625,17.375,19.375,15.498791283498722,17.067482289119656,18.78545327415179,197.1997194391842,0.4772900316741211,ridge_core,core_network,full_network,True,constrained,aggregate_all_days,corridor_held_out,corridor,4,-7.572522990076678,7.572522990076678,-18.451062652820625,18.451062652820625,-35.37280355089251,35.37280355089251,20.465463064596605,False,
110N04670::AM,110N04670,AM,I395_SB,SOUTHBOUND,26824.0,101.0,1.0,1.0,7.25,7.75,8.75,6.9891893546509625,7.712597181315805,9.131980338567187,128.5674590349735,0.337600742253788,ridge_core,core_network,full_network,True,constrained,aggregate_all_days,corridor_held_out,corridor,4,-15.648638720942252,15.648638720942252,-2.244169121051716,2.244169121051716,22.91882031403123,22.91882031403123,13.603876052008395,False,
110N06660::MD,110N06660,MD,US50_WB,WESTBOUND,36141.0,603.0,3.0,11.0,9.125,11.125,13.75,10.941375655032394,11.891490304344318,13.792759807963527,171.08304917586804,0.3332117309886979,ridge_core,core_network,full_network,True,constrained,aggregate_all_days,corridor_held_out,corridor,4,108.9825393019436,108.9825393019436,45.98941826065907,45.98941826065907,2.5655884778116445,2.5655884778116445,52.512515346804776,False,
110N06660::PM,110N06660,PM,US50_WB,WESTBOUND,36141.0,603.0,3.0,11.0,14.625,16.375,18.5,15.398864526075558,16.75584143621111,18.62548694049385,193.59734486509748,0.4205564630282882,ridge_core,core_network,full_network,True,constrained,aggregate_all_days,corridor_held_out,corridor,4,46.43187156453347,46.43187156453347,22.850486172666606,22.850486172666606,7.5292164296310204,7.5292164296310204,25.603858055610363,False,
110N06688::MD,110N06688,MD,VA236_WB,WESTBOUND,31691.0,202.0,2.0,1.0,12.0,12.25,13.5,10.285938740837704,11.830050582919114,14.17104796480714,233.10655343816603,0.3974436117664109,ridge_core,core_network,full_network,True,constrained,aggregate_all_days,corridor_held_out,corridor,4,-102.84367554973775,102.84367554973775,-25.19696502485317,25.19696502485317,40.26287788842833,40.26287788842833,56.10117282100643,False,
110N06995::AM,110N06995,AM,VA123_NB,NORTHBOUND,30240.0,502.0,2.0,2.0,6.25,8.25,11.375,6.772504286604587,7.695510301030665,9.493115578059443,163.2366774872914,0.3392642004115545,ridge_core,core_network,full_network,True,constrained,aggregate_all_days,corridor_held_out,corridor,4,31.35025719627521,31.35025719627521,-33.26938193816011,33.26938193816011,-112.9130653164334,112.9130653164334,59.17756815028957,False,
110N06995::PM,110N06995,PM,VA123_NB,NORTHBOUND,30240.0,502.0,2.0,3.0,13.25,17.0,19.75,15.08523467726985,16.726108057016475,18.75706375423685,220.3097446180198,0.4468817434993511,ridge_core,core_network,full_network,True,constrained,aggregate_all_days,corridor_held_out,corridor,4,110.11408063619103,110.11408063619103,-16.433516579011496,16.433516579011496,-59.576174745789245,59.576174745789245,62.041257320330594,False,
110N06996::AM,110N06996,AM,VA123_NB,NORTHBOUND,33677.0,502.0,2.0,6.0,6.25,8.0,9.125,6.783917881575226,7.714345420489806,9.454075721038638,160.2094703678047,0.3484541344947447,ridge_core,core_network,full_network,True,constrained,aggregate_all_days,corridor_held_out,corridor,4,32.035072894513554,32.035072894513554,-17.13927477061162,17.13927477061162,19.744543262318288,19.744543262318288,22.97296364248116,False,
110N06996::MD,110N06996,MD,VA123_NB,NORTHBOUND,33677.0,502.0,2.0,2.0,13.375,14.5,17.5,10.648920724813332,11.814069773692072,13.836781699341756,191.2716584717054,0.3654955652672711,ridge_core,core_network,full_network,True,constrained,aggregate_all_days,corridor_held_out,corridor,4,-163.56475651120002,163.56475651120002,-161.15581357847566,161.15581357847566,-219.79309803949465,219.79309803949465,181.5045560430568,False,
110N06996::PM,110N06996,PM,VA123_NB,NORTHBOUND,33677.0,502.0,2.0,4.0,14.5,16.25,17.875,15.05360513681158,16.678540834593537,18.58688484036476,211.9967822131906,0.4598944420244655,ridge_core,core_network,full_network,True,constrained,aggregate_all_days,corridor_held_out,corridor,4,33.2163082086948,33.2163082086948,25.71245007561224,25.71245007561224,42.71309042188541,42.71309042188541,33.88061623539748,False,
110N07888::AM,110N07888,AM,VA236_WB,WESTBOUND,28812.0,302.0,2.0,7.0,4.75,7.75,10.5,6.663271149240305,7.662069726094264,9.464588969148906,168.0790691945161,0.3565459690991246,ridge_core,core_network,full_network,True,constrained,aggregate_all_days,corridor_held_out,corridor,4,114.79626895441832,114.79626895441832,-5.275816434344129,5.275816434344129,-62.12466185106564,62.12466185106564,60.7322490799427,False,
110N07888::MD,110N07888,MD,VA236_WB,WESTBOUND,28812.0,302.0,2.0,3.0,11.0,11.25,13.25,10.499383511924226,11.744197925751887,13.844951880848406,200.73410213545085,0.3720786056534696,ridge_core,core_network,full_network,True,constrained,aggregate_all_days,corridor_held_out,corridor,4,-30.036989284546465,30.036989284546465,29.65187554511324,29.65187554511324,35.69711285090435,35.69711285090435,31.79532589352135,False,
110N07888::PM,110N07888,PM,VA236_WB,WESTBOUND,28812.0,302.0,2.0,2.0,15.0,16.375,19.375,14.914771993909358,16.666735234205696,18.71352556855828,227.92521447893543,0.4611942327578462,ridge_core,core_network,full_network,True,constrained,aggregate_all_days,corridor_held_out,corridor,4,-5.113680365438498,5.113680365438498,17.504114052341748,17.504114052341748,-39.68846588650308,39.68846588650308,20.76875343476111,False,
110N10014::AM,110N10014,AM,VA123_NB,NORTHBOUND,30129.0,102.0,2.0,6.0,6.75,7.625,10.5,7.148938572536062,7.843810612051197,9.430072617758114,136.86804271332304,0.3046169255027246,ridge_core,core_network,full_network,True,constrained,aggregate_all_days,corridor_held_out,corridor,4,23.93631435216374,23.93631435216374,13.128636723071809,13.128636723071809,-64.19564293451316,64.19564293451316,33.7535313365829,False,
110N10014::PM,110N10014,PM,VA123_NB,NORTHBOUND,30129.0,102.0,2.0,5.0,13.25,17.0,18.25,15.460068081278251,16.7299884404236,18.548041337437223,185.2783953695386,0.4112472012548966,ridge_core,core_network,full_network,True,constrained,aggregate_all_days,corridor_held_out,corridor,4,132.60408487669508,132.60408487669508,-16.20069357458398,16.20069357458398,17.88248024623357,17.88248024623357,55.56241956583754,False,
110N10015::PM,110N10015,PM,VA123_NB,NORTHBOUND,31743.0,102.0,2.0,6.0,16.125,17.0,18.75,15.232314526536229,16.673719610680003,18.56022545683405,199.67465581786948,0.4331261005278102,ridge_core,core_network,full_network,True,constrained,aggregate_all_days,corridor_held_out,corridor,4,-53.56112840782629,53.56112840782629,-19.576823359199835,19.576823359199835,-11.386472589956751,11.386472589956751,28.17480811899429,False,
110N10016::AM,110N10016,AM,VA123_NB,NORTHBOUND,35663.0,102.0,2.0,10.0,7.125,8.125,9.75,6.72425646863288,7.6722219613059295,9.454677265215262,163.82524779494292,0.3471865925792834,ridge_core,core_network,full_network,True,constrained,aggregate_all_days,corridor_held_out,corridor,4,-24.044611882027223,24.044611882027223,-27.16668232164423,27.16668232164423,-17.71936408708431,17.71936408708431,22.976886096918587,False,
110N10016::MD,110N10016,MD,VA123_NB,NORTHBOUND,35663.0,102.0,2.0,10.0,11.875,13.5,18.25,10.498794924701173,11.659444496695691,13.685100063117744,191.1783083049943,0.3642619026033714,ridge_core,core_network,full_network,True,constrained,aggregate_all_days,corridor_held_out,corridor,4,-82.57230451792964,82.57230451792964,-110.43333019825852,110.43333019825852,-273.8939962129353,273.8939962129353,155.63321030970783,False,
110N10016::PM,110N10016,PM,VA123_NB,NORTHBOUND,35663.0,102.0,2.0,6.0,13.375,17.125,19.375,14.972802034358466,16.625880437763957,18.582881898577032,216.60479185311385,0.4579063249514328,ridge_core,core_network,full_network,True,constrained,aggregate_all_days,corridor_held_out,corridor,4,95.86812206150796,95.86812206150796,-29.94717373416257,29.94717373416257,-47.52708608537809,47.52708608537809,57.78079396034954,False,
110N10021::AM,110N10021,AM,VA123_NB,NORTHBOUND,31794.0,202.0,2.0,2.0,6.25,8.25,13.875,6.4304391927182,7.650063757888458,9.580486762017305,189.0028541579464,0.3871765547469584,ridge_core,core_network,full_network,True,constrained,aggregate_all_days,corridor_held_out,corridor,4,10.826351563092018,10.826351563092018,-35.99617452669251,35.99617452669251,-257.6707942789617,257.6707942789617,101.49777345624877,False,
110N10021::PM,110N10021,PM,VA123_NB,NORTHBOUND,31794.0,202.0,2.0,2.0,14.625,16.0,19.25,14.535061842222822,16.63721788240068,18.78406373014048,254.9401132750592,0.494741140538321,ridge_core,core_network,full_network,True,constrained,aggregate_all_days,corridor_held_out,corridor,4,-5.396289466630684,5.396289466630684,38.23307294404081,38.23307294404081,-27.95617619157156,27.95617619157156,23.86184620074768,False,
110N10026::AM,110N10026,AM,VA123_NB,NORTHBOUND,31206.0,502.0,2.0,1.0,7.5,7.75,9.0,6.777836641350627,7.708644129947624,9.423535298425987,158.7419194245216,0.351819163572446,ridge_core,core_network,full_network,True,constrained,aggregate_all_days,corridor_held_out,corridor,4,-43.329801518962405,43.329801518962405,-2.4813522031425705,2.4813522031425705,25.412117905559235,25.412117905559235,23.74109054255474,False,
110N10026::MD,110N10026,MD,VA123_NB,NORTHBOUND,31206.0,502.0,2.0,7.0,11.75,13.0,14.75,10.532434552532582,11.666941673605985,13.570819379689285,182.30308962940205,0.3733915174053397,ridge_core,core_network,full_network,True,constrained,aggregate_all_days,corridor_held_out,corridor,4,-73.0539268480451,73.0539268480451,-79.98349958364102,79.98349958364102,-70.75083721864303,70.75083721864303,74.59608788344305,False,
110N10027::AM,110N10027,AM,VA123_NB,NORTHBOUND,32877.0,502.0,2.0,1.0,5.75,8.25,11.0,6.818135807580342,7.756862285269245,9.499801475896474,160.89994009896793,0.3500535091976427,ridge_core,core_network,full_network,True,constrained,aggregate_all_days,corridor_held_out,corridor,4,64.08814845482053,64.08814845482053,-29.58826288384527,29.58826288384527,-90.01191144621157,90.01191144621157,61.229440928292455,False,
110N10027::MD,110N10027,MD,VA123_NB,NORTHBOUND,32877.0,502.0,2.0,7.0,10.0,12.5,16.75,10.708367769605092,11.89259004859704,13.9290150218601,193.2388351353004,0.3676969833199793,ridge_core,core_network,full_network,True,constrained,aggregate_all_days,corridor_held_out,corridor,4,42.5020661763056,42.5020661763056,-36.44459708417763,36.44459708417763,-169.25909868839403,169.25909868839403,82.7352539829591,False,
110N10027::PM,110N10027,PM,VA123_NB,NORTHBOUND,32877.0,502.0,2.0,10.0,15.375,16.875,18.0,15.105030181109566,16.754141376621458,18.6864100921806,214.8827946642621,0.4604680979010449,ridge_core,core_network,full_network,True,constrained,aggregate_all_days,corridor_held_out,corridor,4,-16.198189133426055,16.198189133426055,-7.251517402712508,7.251517402712508,41.18460553083608,41.18460553083608,21.544770688991548,False,
110N10033::AM,110N10033,AM,VA123_NB,NORTHBOUND,35218.0,502.0,2.0,14.0,6.375,7.875,10.25,6.924345009806332,7.778897829075361,9.441092744223036,151.00486406500224,0.3395464740398725,ridge_core,core_network,full_network,True,constrained,aggregate_all_days,corridor_held_out,corridor,4,32.96070058837989,32.96070058837989,-5.766130255478341,5.766130255478341,-48.53443534661782,48.53443534661782,29.087088730158683,False,
110N10033::MD,110N10033,MD,VA123_NB,NORTHBOUND,35218.0,502.0,2.0,3.0,11.0,11.75,13.5,10.764542053961518,11.875679446003463,13.83523447076557,184.2415450082431,0.3618523906729827,ridge_core,core_network,full_network,True,constrained,aggregate_all_days,corridor_held_out,corridor,4,-14.127476762308897,14.127476762308897,7.540766760207802,7.540766760207802,20.11406824593422,20.11406824593422,13.927437256150306,False,
110N10033::PM,110N10033,PM,VA123_NB,NORTHBOUND,35218.0,502.0,2.0,11.0,14.75,17.0,19.0,15.244192132213945,16.782021733343917,18.67247169730925,205.6967739057185,0.448571819167618,ridge_core,core_network,full_network,True,constrained,aggregate_all_days,corridor_held_out,corridor,4,29.65152793283668,29.65152793283668,-13.078695999364951,13.078695999364951,-19.651698161444884,19.651698161444884,20.793974031215505,False,
110N10035::AM,110N10035,AM,VA123_NB,NORTHBOUND,40620.0,202.0,2.0,16.0,6.0,7.0,8.875,6.5017345179489,7.6011073695689,9.399679439471871,173.87669529137838,0.3793629214464988,ridge_core,core_network,full_network,True,constrained,aggregate_all_days,corridor_held_out,corridor,4,30.10407107693398,30.10407107693398,36.06644217413398,36.06644217413398,31.48076636831238,31.48076636831238,32.55042653979345,False,
110N10035::PM,110N10035,PM,VA123_NB,NORTHBOUND,40620.0,202.0,2.0,1.0,16.25,16.5,17.25,14.6885085627016,16.571015886805696,18.486590091735515,227.8848917420348,0.4956468969171743,ridge_core,core_network,full_network,True,constrained,aggregate_all_days,corridor_held_out,corridor,4,-93.6894862379039,93.6894862379039,4.260953208341789,4.260953208341789,74.19540550413089,74.19540550413089,57.3819483167922,False,
110N10036::MD,110N10036,MD,VA123_NB,NORTHBOUND,38834.0,402.0,2.0,1.0,11.25,13.0,13.75,10.171680066865507,11.502510700872712,13.642885652999022,208.2723351680108,0.3833914762419996,ridge_core,core_network,full_network,True,constrained,aggregate_all_days,corridor_held_out,corridor,4,-64.69919598806946,64.69919598806946,-89.84935794763729,89.84935794763729,-6.4268608200587,6.4268608200587,53.65847158525515,False,
110N10036::PM,110N10036,PM,VA123_NB,NORTHBOUND,38834.0,402.0,2.0,1.0,14.75,17.25,22.5,14.659860433253622,16.587412733127547,18.795584678048893,248.1434546877164,0.466073699739462,ridge_core,core_network,full_network,True,constrained,aggregate_all_days,corridor_held_out,corridor,4,-5.408374004782708,5.408374004782708,-39.7552360123472,39.7552360123472,-222.2649193170664,222.2649193170664,89.14284311139876,False,
110N10954::AM,110N10954,AM,VA620_WB,WESTBOUND,29807.0,603.0,3.0,6.0,7.625,8.125,9.25,6.711611517980304,7.5219973279901,9.121410921071762,144.58796418548746,0.336287663184818,ridge_core,core_network,full_network,True,constrained,aggregate_all_days,corridor_held_out,corridor,4,-54.80330892118174,54.80330892118174,-36.18016032059401,36.18016032059401,-7.715344735694281,7.715344735694281,32.89960465915667,False,
110N10954::MD,110N10954,MD,VA620_WB,WESTBOUND,29807.0,603.0,3.0,4.0,10.5,12.5,13.75,10.47702311379976,11.461405832785802,13.249391685708394,166.3421143145181,0.355069210118893,ridge_core,core_network,full_network,True,constrained,aggregate_all_days,corridor_held_out,corridor,4,-1.3786131720144112,1.3786131720144112,-62.31565003285187,62.31565003285187,-30.036498857496348,30.036498857496348,31.24358735412088,False,
110N10954::PM,110N10954,PM,VA620_WB,WESTBOUND,29807.0,603.0,3.0,15.0,14.0,17.25,19.0,15.076256643008366,16.50397496821499,18.35557310565092,196.7589877585531,0.4353707065087994,ridge_core,core_network,full_network,True,constrained,aggregate_all_days,corridor_held_out,corridor,4,64.57539858050194,64.57539858050194,-44.76150190710058,44.76150190710058,-38.66561366094487,38.66561366094487,49.33417138284913,False,
110N10955::AM,110N10955,AM,VA620_WB,WESTBOUND,29678.0,203.0,3.0,5.0,6.75,7.75,10.5,7.040743173310204,8.086866617795064,10.042655804501072,180.11475787145207,0.3484856399934129,ridge_core,core_network,full_network,True,constrained,aggregate_all_days,corridor_held_out,corridor,4,17.444590398612263,17.444590398612263,20.21199706770382,20.21199706770382,-27.440651729935688,27.440651729935688,21.69907973208392,False,
110N10955::MD,110N10955,MD,VA620_WB,WESTBOUND,29678.0,203.0,3.0,11.0,9.125,11.5,13.625,10.805506186202528,12.091859403483468,14.304395626353438,209.93336640905468,0.3676461458083278,ridge_core,core_network,full_network,True,constrained,aggregate_all_days,corridor_held_out,corridor,4,100.8303711721516,100.8303711721516,35.51156420900799,35.51156420900799,40.76373758120628,40.76373758120628,59.035224320788615,False,
110N10955::PM,110N10955,PM,VA620_WB,WESTBOUND,29678.0,203.0,3.0,7.0,15.0,15.75,18.0,15.19931993925658,17.011558122131735,19.216746755760475,241.0456089902337,0.4510942614885584,ridge_core,core_network,full_network,True,constrained,aggregate_all_days,corridor_held_out,corridor,4,11.959196355394752,11.959196355394752,75.6934873279041,75.6934873279041,73.00480534562851,73.00480534562851,53.552496342975786,False,
110N10957::AM,110N10957,AM,VA620_WB,WESTBOUND,31683.0,303.0,3.0,12.0,6.875,8.0,10.375,7.036625362251288,7.928834821780929,9.956804412200006,175.21074299692305,0.3055324499863489,ridge_core,core_network,full_network,True,constrained,aggregate_all_days,corridor_held_out,corridor,4,9.697521735077306,9.697521735077306,-4.269910693144272,4.269910693144272,-25.09173526799966,25.09173526799966,13.01972256540708,False,
110N10957::MD,110N10957,MD,VA620_WB,WESTBOUND,31683.0,303.0,3.0,2.0,10.75,12.25,15.25,10.854408334699444,12.029984113488654,14.471040677061676,216.9979405417339,0.3250470790241765,ridge_core,core_network,full_network,True,constrained,aggregate_all_days,corridor_held_out,corridor,4,6.264500081966666,6.264500081966666,-13.20095319068077,13.20095319068077,-46.737559376299416,46.737559376299416,22.067670882982284,False,
110N10957::PM,110N10957,PM,VA620_WB,WESTBOUND,31683.0,303.0,3.0,12.0,14.25,17.25,20.25,15.245326845248435,16.885185550910986,19.276190711534287,241.8518319771511,0.4068256235042642,ridge_core,core_network,full_network,True,constrained,aggregate_all_days,corridor_held_out,corridor,4,59.71961071490611,59.71961071490611,-21.88886694534084,21.88886694534084,-58.42855730794277,58.42855730794277,46.67901165606324,False,
110N13195::AM,110N13195,AM,VA294_EB,EASTBOUND,38817.0,303.0,3.0,17.0,5.25,7.5,9.5,6.675165415577148,7.697769024577716,9.7913845444374,186.97314773161503,0.3281552312961325,ridge_core,core_network,full_network,True,constrained,aggregate_all_days,corridor_held_out,corridor,4,85.50992493462886,85.50992493462886,11.866141474662957,11.866141474662957,17.48307266624394,17.48307266624394,38.28637969184525,False,
110N13195::PM,110N13195,PM,VA294_EB,EASTBOUND,38817.0,303.0,3.0,19.0,15.0,16.5,19.5,14.8952194690071,16.719703499443412,19.094116668192264,251.9338319511098,0.4345150509496564,ridge_core,core_network,full_network,True,constrained,aggregate_all_days,corridor_held_out,corridor,4,-6.286831859573958,6.286831859573958,13.182209966604717,13.182209966604717,-24.35299990846417,24.35299990846417,14.607347244880948,False,
110N13199::AM,110N13199,AM,VA294_EB,EASTBOUND,39075.0,303.0,3.0,2.0,5.875,7.0,8.125,6.918767921495274,7.819926972652068,9.78550935276973,172.00448587646736,0.3143496100923793,ridge_core,core_network,full_network,True,constrained,aggregate_all_days,corridor_held_out,corridor,4,62.626075289716425,62.626075289716425,49.19561835912408,49.19561835912408,99.63056116618375,99.63056116618375,70.48408493834141,False,
110N13201::AM,110N13201,AM,VA294_EB,EASTBOUND,38307.0,303.0,3.0,5.0,7.25,8.0,11.25,6.980959393118255,7.889081481323993,9.825320487635071,170.6616656710091,0.3192710271408081,ridge_core,core_network,full_network,True,constrained,aggregate_all_days,corridor_held_out,corridor,4,-16.142436412904715,16.142436412904715,-6.655111120560413,6.655111120560413,-85.48077074189561,85.48077074189561,36.09277275845358,False,
110N13201::MD,110N13201,MD,VA294_EB,EASTBOUND,38307.0,303.0,3.0,6.0,10.25,11.5,13.25,10.673243334138869,11.789221401085491,13.944774861923625,196.2918916670853,0.3411179313018225,ridge_core,core_network,full_network,True,constrained,aggregate_all_days,corridor_held_out,corridor,4,25.394600048332023,25.394600048332023,17.353284065129593,17.353284065129593,41.686491715417375,41.686491715417375,28.14479194295966,False,
110N13201::PM,110N13201,PM,VA294_EB,EASTBOUND,38307.0,303.0,3.0,8.0,14.0,17.0,20.875,15.208008760537036,16.807380761068924,18.95095723879061,224.5769086952144,0.4273027026217947,ridge_core,core_network,full_network,True,constrained,aggregate_all_days,corridor_held_out,corridor,4,72.48052563222224,72.48052563222224,-11.55715433586458,11.55715433586458,-115.44256567256332,115.44256567256332,66.49341521355005,False,
110N13202::AM,110N13202,AM,VA294_EB,EASTBOUND,38182.0,303.0,3.0,8.0,7.375,8.0,9.375,6.972346527318295,7.893461300170202,9.835834370402049,171.80927058502513,0.3216758105248105,ridge_core,core_network,full_network,True,constrained,aggregate_all_days,corridor_held_out,corridor,4,-24.15920836090232,24.15920836090232,-6.392321989787888,6.392321989787888,27.65006222412282,27.65006222412282,19.400530858271008,False,
110N13202::MD,110N13202,MD,VA294_EB,EASTBOUND,38182.0,303.0,3.0,4.0,10.375,11.0,12.5,10.761433896199405,11.94467908753071,14.205789187793318,206.6613174956348,0.3435316891434117,ridge_core,core_network,full_network,True,constrained,aggregate_all_days,corridor_held_out,corridor,4,23.186033771964283,23.186033771964283,56.68074525184263,56.68074525184263,102.34735126759908,102.34735126759908,60.73804343046866,False,
110N13202::PM,110N13202,PM,VA294_EB,EASTBOUND,38182.0,303.0,3.0,10.0,13.75,17.0,19.75,15.211278735661011,16.86041464280628,19.05241791972785,230.46835104401023,0.4293351081850752,ridge_core,core_network,full_network,True,constrained,aggregate_all_days,corridor_held_out,corridor,4,87.67672413966068,87.67672413966068,-8.375121431623214,8.375121431623214,-41.85492481632892,41.85492481632892,45.96892346253761,False,
110N13203::MD,110N13203,MD,VA294_EB,EASTBOUND,38339.0,303.0,3.0,1.0,5.0,9.25,10.0,10.747202498399508,11.921015039212058,14.171897952416682,205.4817272410304,0.3427494667987676,ridge_core,core_network,full_network,True,constrained,aggregate_all_days,corridor_held_out,corridor,4,344.8321499039705,344.8321499039705,160.2609023527235,160.2609023527235,250.3138771450009,250.3138771450009,251.80230980056496,False,
110N57953::AM,110N57953,AM,VA619_SB,SOUTHBOUND,39382.0,503.0,3.0,4.0,7.375,8.0,9.5,6.817552614551121,7.657364432531084,9.25655498752056,146.3401423781663,0.3443259536305855,ridge_core,core_network,full_network,True,constrained,aggregate_all_days,corridor_held_out,corridor,4,-33.446843126932734,33.446843126932734,-20.55813404813496,20.55813404813496,-14.606700748766457,14.606700748766457,22.87055930794472,False,
110N57953::MD,110N57953,MD,VA619_SB,SOUTHBOUND,39382.0,503.0,3.0,2.0,11.625,12.25,14.125,10.561879995021435,11.576415623801712,13.367599747548894,168.34318515164736,0.3615954971505472,ridge_core,core_network,full_network,True,constrained,aggregate_all_days,corridor_held_out,corridor,4,-63.78720029871378,63.78720029871378,-40.4150625718972,40.4150625718972,-45.44401514706635,45.44401514706635,49.88209267255911,False,
110N57953::PM,110N57953,PM,VA619_SB,SOUTHBOUND,39382.0,503.0,3.0,6.0,15.375,16.375,18.875,15.145979885111652,16.61239698766902,18.438822361487528,197.57054858255253,0.4453347261759437,ridge_core,core_network,full_network,True,constrained,aggregate_all_days,corridor_held_out,corridor,4,-13.741206893300877,13.741206893300877,14.243819260141136,14.243819260141136,-26.170658310748323,26.170658310748323,18.05189482139678,False,
110N57954::AM,110N57954,AM,VA619_SB,SOUTHBOUND,40351.0,303.0,3.0,1.0,6.25,6.5,7.25,7.016640651525857,7.92417565623531,9.843012973180477,169.58233929927704,0.3210953481805124,ridge_core,core_network,full_network,True,constrained,aggregate_all_days,corridor_held_out,corridor,4,45.99843909155142,45.99843909155142,85.45053937411858,85.45053937411858,155.58077839082847,155.58077839082847,95.67658561883282,False,
110N57954::MD,110N57954,MD,VA619_SB,SOUTHBOUND,40351.0,303.0,3.0,1.0,9.75,11.0,13.0,10.659129304267104,11.760386047987692,13.88123926505989,193.32659764756704,0.3417812418324883,ridge_core,core_network,full_network,True,constrained,aggregate_all_days,corridor_held_out,corridor,4,54.54775825602624,54.54775825602624,45.62316287926155,45.62316287926155,52.87435590359337,52.87435590359337,51.01509234629372,False,
110N58163::AM,110N58163,AM,VA620_WB,WESTBOUND,37770.0,403.0,3.0,6.0,5.25,7.375,10.5,6.943151011177007,7.855486834697392,9.758532747954565,168.92290420665336,0.324054039138803,ridge_core,core_network,full_network,True,constrained,aggregate_all_days,corridor_held_out,corridor,4,101.58906067062044,101.58906067062044,28.829210081843524,28.829210081843524,-44.488035122726224,44.488035122726224,58.30210195839672,False,
110N58163::MD,110N58163,MD,VA620_WB,WESTBOUND,37770.0,403.0,3.0,6.0,10.25,11.5,15.5,10.752163151692384,11.825336981982597,13.994344836190878,194.53090106990965,0.3310036064361431,ridge_core,core_network,full_network,True,constrained,aggregate_all_days,corridor_held_out,corridor,4,30.12978910154306,30.12978910154306,19.52021891895569,19.52021891895569,-90.3393098285473,90.3393098285473,46.66310594968201,False,
110N58163::PM,110N58163,PM,VA620_WB,WESTBOUND,37770.0,403.0,3.0,1.0,17.25,17.5,19.0,15.263871834581025,16.814173977439886,19.02757001486343,225.8218908169443,0.411909262804526,ridge_core,core_network,full_network,True,constrained,aggregate_all_days,corridor_held_out,corridor,4,-119.16768992513852,119.16768992513852,-41.149561353606856,41.149561353606856,1.654200891805715,1.654200891805715,53.99048405685036,False,
110N58168::AM,110N58168,AM,VA620_WB,WESTBOUND,32971.0,203.0,3.0,6.0,5.75,7.75,12.5,6.85054044373944,8.096570680710501,10.144490191852409,197.6369848867781,0.3782784596774389,ridge_core,core_network,full_network,True,constrained,aggregate_all_days,corridor_held_out,corridor,4,66.03242662436637,66.03242662436637,20.794240842630067,20.794240842630067,-141.33058848885548,141.33058848885548,76.05241865195065,False,
110N58168::MD,110N58168,MD,VA620_WB,WESTBOUND,32971.0,203.0,3.0,5.0,6.5,11.25,12.75,10.5998655437106,12.050223646431473,14.389995471618825,227.4077956744935,0.3826671196787508,ridge_core,core_network,full_network,True,constrained,aggregate_all_days,corridor_held_out,corridor,4,245.991932622636,245.991932622636,48.013418785888256,48.013418785888256,98.39972829712949,98.39972829712949,130.80169323521793,False,
110N58168::PM,110N58168,PM,VA620_WB,WESTBOUND,32971.0,203.0,3.0,11.0,14.0,17.0,20.5,14.915644666517458,16.97238508981636,19.244078135452583,259.70600813610776,0.4751696977809609,ridge_core,core_network,full_network,True,constrained,aggregate_all_days,corridor_held_out,corridor,4,54.93867999104751,54.93867999104751,-1.6568946110184155,1.6568946110184155,-75.35531187284484,75.35531187284484,43.98362882497025,False,
110P04120::AM,110P04120,AM,I395_NB,NORTHBOUND,29361.0,201.0,1.0,20.0,7.0,8.25,10.5,6.771989669480659,7.779709371103559,9.700816945777168,175.7296365777906,0.3440693515041138,ridge_core,core_network,full_network,True,constrained,aggregate_all_days,corridor_held_out,corridor,4,-13.680619831160463,13.680619831160463,-28.21743773378646,28.21743773378646,-47.95098325336991,47.95098325336991,29.94968027277228,False,
110P04120::MD,110P04120,MD,I395_NB,NORTHBOUND,29361.0,201.0,1.0,1.0,7.0,9.75,15.5,10.81509499903921,12.61644725307157,15.458290177184494,278.59171068871706,0.3879553163112791,ridge_core,core_network,full_network,True,constrained,aggregate_all_days,corridor_held_out,corridor,4,228.90569994235264,228.90569994235264,171.9868351842942,171.9868351842942,-2.5025893689303302,2.5025893689303302,134.46504149852572,False,
110P04120::PM,110P04120,PM,I395_NB,NORTHBOUND,29361.0,201.0,1.0,19.0,15.25,17.25,19.0,15.022490320126469,17.138860328152983,19.57639288957394,273.23415416684827,0.4647376564938885,ridge_core,core_network,full_network,True,constrained,aggregate_all_days,corridor_held_out,corridor,4,-13.650580792411873,13.650580792411873,-6.668380310821007,6.668380310821007,34.5835733744363,34.5835733744363,18.30084482588973,False,
110P04121::AM,110P04121,AM,I395_NB,NORTHBOUND,32601.0,301.0,1.0,14.0,6.5,7.75,10.125,6.765665730791399,7.558497789561862,9.190106048182018,145.46641904343718,0.3270165295814639,ridge_core,core_network,full_network,True,constrained,aggregate_all_days,corridor_held_out,corridor,4,15.939943847483953,15.939943847483953,-11.490132626288272,11.490132626288272,-56.09363710907889,56.09363710907889,27.84123786095037,False,
110P04121::MD,110P04121,MD,I395_NB,NORTHBOUND,32601.0,301.0,1.0,1.0,6.75,9.0,10.25,10.653424923350808,11.74363682958414,13.702631906761964,182.95241900466937,0.357539488845624,ridge_core,core_network,full_network,True,constrained,aggregate_all_days,corridor_held_out,corridor,4,234.2054954010485,234.2054954010485,164.61820977504843,164.61820977504843,207.15791440571792,207.15791440571792,201.99387319393827,False,
110P04121::PM,110P04121,PM,I395_NB,NORTHBOUND,32601.0,301.0,1.0,17.0,15.25,17.25,19.25,15.153361243087732,16.653861803684038,18.56116481260465,204.46821417101503,0.440313101969376,ridge_core,core_network,full_network,True,constrained,aggregate_all_days,corridor_held_out,corridor,4,-5.798325414736105,5.798325414736105,-35.768291778957746,35.768291778957746,-41.33011124372111,41.33011124372111,27.632242812471656,False,
110P04122::AM,110P04122,AM,I395_NB,NORTHBOUND,28270.0,201.0,1.0,11.0,6.5,7.75,9.5,6.847386101055086,7.705445548405595,9.34687330099757,149.96923199654904,0.3432941954534727,ridge_core,core_network,full_network,True,constrained,aggregate_all_days,corridor_held_out,corridor,4,20.843166063305176,20.843166063305176,-2.673267095664311,2.673267095664311,-9.187601940145775,9.187601940145775,10.90134503303842,False,
110P04122::MD,110P04122,MD,I395_NB,NORTHBOUND,28270.0,201.0,1.0,1.0,9.75,11.0,12.25,10.694969474457247,11.837293572726464,13.754548515101218,183.5747424386381,0.3733598913753773,ridge_core,core_network,full_network,True,constrained,aggregate_all_days,corridor_held_out,corridor,4,56.69816846743494,56.69816846743494,50.23761436358775,50.23761436358775,90.2729109060731,90.2729109060731,65.73623124569859,False,
110P04122::PM,110P04122,PM,I395_NB,NORTHBOUND,28270.0,201.0,1.0,5.0,17.25,17.5,19.0,15.17994166310282,16.723349456518466,18.559755882556097,202.78885316719663,0.4566546245448102,ridge_core,core_network,full_network,True,constrained,aggregate_all_days,corridor_held_out,corridor,4,-124.2035002138308,124.2035002138308,-46.59903260889202,46.59903260889202,-26.4146470466342,26.4146470466342,65.73905995645234,False,
110P04123::AM,110P04123,AM,I395_NB,NORTHBOUND,28285.0,201.0,1.0,17.0,6.25,7.75,9.5,6.86509471391652,7.732228826395686,9.37219310433053,150.42590342484056,0.3458715923534109,ridge_core,core_network,full_network,True,constrained,aggregate_all_days,corridor_held_out,corridor,4,36.90568283499118,36.90568283499118,-1.0662704162588277,1.0662704162588277,-7.668413740168241,7.668413740168241,15.213455663806084,False,
110P04123::PM,110P04123,PM,I395_NB,NORTHBOUND,28285.0,201.0,1.0,9.0,16.25,17.5,18.75,15.18937621774915,16.728264357096972,18.54210563034999,201.1637647560504,0.4589956271341466,ridge_core,core_network,full_network,True,constrained,aggregate_all_days,corridor_held_out,corridor,4,-63.63742693505103,63.63742693505103,-46.30413857418169,46.30413857418169,-12.473662179000584,12.473662179000584,40.80507589607777,False,
110P04124::AM,110P04124,AM,I395_NB,NORTHBOUND,28303.0,201.0,1.0,18.0,6.5,8.0,9.625,6.836709643792248,7.705828787505762,9.400158901036646,153.80695543466382,0.3390428506658961,ridge_core,core_network,full_network,True,constrained,aggregate_all_days,corridor_held_out,corridor,4,20.20257862753488,20.20257862753488,-17.650272749654263,17.650272749654263,-13.490465937801268,13.490465937801268,17.1144391049968,False,
110P04124::PM,110P04124,PM,I395_NB,NORTHBOUND,28303.0,201.0,1.0,9.0,16.75,17.75,19.0,15.157547614665669,16.700752919546478,18.57610493180276,205.1134390282255,0.4514200470311803,ridge_core,core_network,full_network,True,constrained,aggregate_all_days,corridor_held_out,corridor,4,-95.54714312006,95.54714312006,-62.95482482721134,62.95482482721134,-25.4337040918346,25.4337040918346,61.31189067970198,False,
110P04125::AM,110P04125,AM,I395_NB,NORTHBOUND,26761.0,201.0,1.0,5.0,6.75,7.5,8.75,6.675810342350638,7.523023190325794,9.080463198369165,144.27917136111145,0.3523223095818992,ridge_core,core_network,full_network,True,constrained,aggregate_all_days,corridor_held_out,corridor,4,-4.451379458961728,4.451379458961728,1.3813914195476684,1.3813914195476684,19.82779190214977,19.82779190214977,8.553520926886389,False,
110P04125::PM,110P04125,PM,I395_NB,NORTHBOUND,26761.0,201.0,1.0,1.0,16.0,16.0,17.25,15.030794951507811,16.549058014121748,18.28411797653138,195.19938150141417,0.4666806987612107,ridge_core,core_network,full_network,True,constrained,aggregate_all_days,corridor_held_out,corridor,4,-58.15230290953132,58.15230290953132,32.94348084730487,32.94348084730487,62.04707859188282,62.04707859188282,51.047620782906336,False,
110P04126::AM,110P04126,AM,I395_NB,NORTHBOUND,26778.0,201.0,1.0,4.0,6.75,7.5,8.625,6.649348285346944,7.462675886573675,8.95789520917112,138.51281542945054,0.3523114877298787,ridge_core,core_network,full_network,True,constrained,aggregate_all_days,corridor_held_out,corridor,4,-6.039102879183353,6.039102879183353,-2.239446805579508,2.239446805579508,19.97371255026721,19.97371255026721,9.417420745010023,False,
110P04126::PM,110P04126,PM,I395_NB,NORTHBOUND,26778.0,201.0,1.0,1.0,15.0,15.5,16.75,15.011409484924204,16.446067232455967,18.09132355758061,184.7948443593844,0.4658109653995574,ridge_core,core_network,full_network,True,constrained,aggregate_all_days,corridor_held_out,corridor,4,0.684569095452261,0.684569095452261,56.764033947358,56.764033947358,80.4794134548365,80.4794134548365,45.97600549921558,False,
110P04127::AM,110P04127,AM,I395_NB,NORTHBOUND,26424.0,201.0,1.0,2.0,6.875,7.75,9.375,6.723763539383465,7.560085776425467,9.014004633167898,137.414465627066,0.3651677717737783,ridge_core,core_network,full_network,True,constrained,aggregate_all_days,corridor_held_out,corridor,4,-9.074187636992104,9.074187636992104,-11.394853414471982,11.394853414471982,-21.65972200992609,21.65972200992609,14.04292102046339,False,
110P04127::PM,110P04127,PM,I395_NB,NORTHBOUND,26424.0,201.0,1.0,1.0,16.0,16.5,17.75,15.08024652599724,16.549896794553884,18.14282431589525,183.7546673938807,0.4798736128121615,ridge_core,core_network,full_network,True,constrained,aggregate_all_days,corridor_held_out,corridor,4,-55.18520844016553,55.18520844016553,2.9938076732330643,2.9938076732330643,23.56945895371524,23.56945895371524,27.24949168903795,False,
110P04128::AM,110P04128,AM,I395_NB,NORTHBOUND,26297.0,101.0,1.0,13.0,7.25,8.5,9.75,7.030324486886614,7.774550310719344,9.282091514218914,135.106021639938,0.3305074702663289,ridge_core,core_network,full_network,True,constrained,aggregate_all_days,corridor_held_out,corridor,4,-13.180530786803164,13.180530786803164,-43.52698135683936,43.52698135683936,-28.07450914686516,28.07450914686516,28.260673763502563,False,
110P04128::MD,110P04128,MD,I395_NB,NORTHBOUND,26297.0,101.0,1.0,2.0,9.75,11.75,14.875,10.81952755504238,11.747464756503218,13.44203866513034,157.35066660527755,0.3538353747640419,ridge_core,core_network,full_network,True,constrained,aggregate_all_days,corridor_held_out,corridor,4,64.17165330254285,64.17165330254285,-0.1521146098069081,0.1521146098069081,-85.97768009217958,85.97768009217958,50.10048266817645,False,
110P04128::PM,110P04128,PM,I395_NB,NORTHBOUND,26297.0,101.0,1.0,15.0,14.5,17.0,19.25,15.417645330604875,16.738432365802673,18.42007039625656,180.1455039391008,0.439906744154202,ridge_core,core_network,full_network,True,constrained,aggregate_all_days,corridor_held_out,corridor,4,55.058719836292624,55.058719836292624,-15.69405805183962,15.69405805183962,-49.79577622460667,49.79577622460667,40.18285137091297,False,
110P04129::AM,110P04129,AM,I395_NB,NORTHBOUND,26825.0,101.0,1.0,10.0,6.875,8.5,10.0,7.040474906385024,7.787294984573185,9.288224362660202,134.86496737651063,0.3322523674083062,ridge_core,core_network,full_network,True,constrained,aggregate_all_days,corridor_held_out,corridor,4,9.928494383101416,9.928494383101416,-42.762300925608905,42.762300925608905,-42.706538240387886,42.706538240387886,31.799111183032736,False,
110P04129::MD,110P04129,MD,I395_NB,NORTHBOUND,26825.0,101.0,1.0,4.0,6.25,10.125,12.25,10.829208850478263,11.760209430357058,13.44704091313148,157.0699237591931,0.3556380079382212,ridge_core,core_network,full_network,True,constrained,aggregate_all_days,corridor_held_out,corridor,4,274.7525310286958,274.7525310286958,98.11256582142347,98.11256582142347,71.82245478788886,71.82245478788886,148.22918387933603,False,
110P04129::PM,110P04129,PM,I395_NB,NORTHBOUND,26825.0,101.0,1.0,15.0,13.25,17.0,20.0,15.426928370896103,16.751177039656515,18.423996551977343,179.82409086487434,0.4418480290570722,ridge_core,core_network,full_network,True,constrained,aggregate_all_days,corridor_held_out,corridor,4,130.6157022537663,130.6157022537663,-14.929377620609117,14.929377620609117,-94.56020688135943,94.56020688135943,80.03509558524495,False,
110P04130::AM,110P04130,AM,I395_NB,NORTHBOUND,26469.0,101.0,1.0,1.0,6.0,8.5,10.5,7.192931205006832,7.978722765249008,9.442292264076936,134.96166354420626,0.3493398968003055,ridge_core,core_network,full_network,True,constrained,aggregate_all_days,corridor_held_out,corridor,4,71.5758723004099,71.5758723004099,-31.276634085059545,31.276634085059545,-63.46246415538381,63.46246415538381,55.43832351361775,False,
110P04226::AM,110P04226,AM,VA267_WB,WESTBOUND,32011.0,301.0,1.0,1.0,7.75,8.75,10.5,7.233568379871427,7.942451445083747,9.232526848823213,119.93750813710716,0.3546262097101217,ridge_core,core_network,full_network,True,constrained,aggregate_all_days,corridor_held_out,corridor,4,-30.985897207714395,30.985897207714395,-48.45291329497519,48.45291329497519,-76.04838907060724,76.04838907060724,51.82906652443228,False,
110P04226::MD,110P04226,MD,VA267_WB,WESTBOUND,32011.0,301.0,1.0,2.0,8.5,9.125,10.5,11.180820608314718,12.073822709528349,13.582221181867007,144.08403441313743,0.3718671974383056,ridge_core,core_network,full_network,True,constrained,aggregate_all_days,corridor_held_out,corridor,4,160.8492364988831,160.8492364988831,176.92936257170092,176.92936257170092,184.93327091202053,184.93327091202053,174.23728999420155,False,
110P04233::PM,110P04233,PM,VA267_WB,WESTBOUND,32421.0,301.0,1.0,1.0,16.25,16.75,18.5,15.231528292356677,16.685699070607395,18.82165835049686,215.4078034884112,0.4050468241264862,ridge_core,core_network,full_network,True,constrained,aggregate_all_days,corridor_held_out,corridor,4,-61.10830245859951,61.10830245859951,-3.858055763556294,3.858055763556294,19.299501029811665,19.299501029811665,28.088619750655823,False,
110P04244::PM,110P04244,PM,VA267_WB,WESTBOUND,36690.0,301.0,1.0,19.0,14.75,16.75,18.75,15.323484513151325,16.368593098055257,17.90981588116819,155.17988208101193,0.4040892044337291,ridge_core,core_network,full_network,True,constrained,aggregate_all_days,corridor_held_out,corridor,4,34.40907078907937,34.40907078907937,-22.88441411668458,22.88441411668458,-50.41104712990865,50.41104712990865,35.901510678557536,False,
110P04670::AM,110P04670,AM,I395_NB,NORTHBOUND,26230.0,101.0,1.0,10.0,7.25,8.625,9.875,7.182525765852845,7.986922473200283,9.601316953816896,145.127471277843,0.3325614510876885,ridge_core,core_network,full_network,True,constrained,aggregate_all_days,corridor_held_out,corridor,4,-4.048454048829289,4.048454048829289,-38.28465160798301,38.28465160798301,-16.420982770986328,16.420982770986328,19.58469614259954,False,
110P04670::PM,110P04670,PM,I395_NB,NORTHBOUND,26230.0,101.0,1.0,5.0,15.0,16.75,19.75,15.561926006561396,17.005874126394264,18.82199919004324,195.6043910089103,0.4429189280624358,ridge_core,core_network,full_network,True,constrained,aggregate_all_days,corridor_held_out,corridor,4,33.71556039368379,33.71556039368379,15.35244758365586,15.35244758365586,-55.68004859740604,55.68004859740604,34.91601885824856,False,
110P05720::PM,110P05720,PM,US50_WB,WESTBOUND,26673.0,202.0,2.0,9.0,16.0,17.5,18.5,15.30628802331033,16.941134011538278,18.50594294577031,191.97929534759888,0.5109444699027216,ridge_core,core_network,full_network,True,constrained,aggregate_all_days,corridor_held_out,corridor,4,-41.6227186013802,41.6227186013802,-33.53195930770333,33.53195930770333,0.3565767462186642,0.3565767462186642,25.170418218434065,False,
110P05724::PM,110P05724,PM,US50_WB,WESTBOUND,26679.0,402.0,2.0,11.0,16.5,17.25,18.25,15.523848386102213,17.075936331246293,18.800466573639213,196.59709125222,0.4736859335785989,ridge_core,core_network,full_network,True,constrained,aggregate_all_days,corridor_held_out,corridor,4,-58.56909683386725,58.56909683386725,-10.443820125222416,10.443820125222416,33.02799441835276,33.02799441835276,34.01363712581414,False,
110P05725::PM,110P05725,PM,US50_WB,WESTBOUND,28986.0,202.0,2.0,9.0,16.5,17.25,18.5,15.00857864608123,16.977501090724513,18.845797489602106,230.23313061125253,0.5131118460881632,ridge_core,core_network,full_network,True,constrained,aggregate_all_days,corridor_held_out,corridor,4,-89.48528123512624,89.48528123512624,-16.34993455652925,16.34993455652925,20.74784937612634,20.74784937612634,42.19435505592728,False,
110P05730::PM,110P05730,PM,US50_WB,WESTBOUND,31710.0,202.0,2.0,2.0,16.5,17.125,18.125,15.26455397141918,17.085978753209062,18.927741536014555,219.79125387572248,0.497224002230711,ridge_core,core_network,full_network,True,constrained,aggregate_all_days,corridor_held_out,corridor,4,-74.12676171484925,74.12676171484925,-2.341274807456273,2.341274807456273,48.16449216087328,48.16449216087328,41.54417622772627,False,
110P05731::AM,110P05731,AM,US50_WB,WESTBOUND,29877.0,102.0,2.0,1.0,8.0,8.25,9.0,7.358118793304439,8.134942039021663,9.637237847291404,136.74714323921793,0.3408436449856764,ridge_core,core_network,full_network,True,constrained,aggregate_all_days,corridor_held_out,corridor,4,-38.512872401733645,38.512872401733645,-6.903477658700226,6.903477658700226,38.23427083748424,38.23427083748424,27.88354029930604,False,
110P05731::MD,110P05731,MD,US50_WB,WESTBOUND,29877.0,102.0,2.0,4.0,10.25,11.0,12.375,11.124263978124167,12.106417614990104,13.841449973784934,163.03115973964606,0.3614598479582901,ridge_core,core_network,full_network,True,constrained,aggregate_all_days,corridor_held_out,corridor,4,52.45583868745005,52.45583868745005,66.38505689940622,66.38505689940622,87.98699842709607,87.98699842709607,68.94263133798411,False,
110P05731::PM,110P05731,PM,US50_WB,WESTBOUND,29877.0,102.0,2.0,3.0,11.0,15.25,17.75,15.659128371959811,17.03171068140692,18.72731346582398,184.09110563185,0.447359682501565,ridge_core,core_network,full_network,True,constrained,aggregate_all_days,corridor_held_out,corridor,4,279.5477023175888,279.5477023175888,106.90264088441523,106.90264088441523,58.63880794943874,58.63880794943874,148.36305038381423,False,
110P05744::PM,110P05744,PM,US50_WB,WESTBOUND,32899.0,302.0,2.0,4.0,16.25,17.0,18.125,15.114734429760034,16.69988437262208,18.59784603469385,208.98669629602887,0.4550959379586591,ridge_core,core_network,full_network,True,constrained,aggregate_all_days,corridor_held_out,corridor,4,-68.11593421439795,68.11593421439795,-18.00693764267521,18.00693764267521,28.37076208163112,28.37076208163112,38.16454464623476,False,
110P05748::PM,110P05748,PM,US50_WB,WESTBOUND,32911.0,302.0,2.0,6.0,14.625,16.5,18.125,15.16627368936178,16.793623738960335,18.68382698517915,211.0531977490421,0.4626369276433119,ridge_core,core_network,full_network,True,constrained,aggregate_all_days,corridor_held_out,corridor,4,32.47642136170683,32.47642136170683,17.617424337620093,17.617424337620093,33.529619110748925,33.529619110748925,27.87448827002528,False,
110P05750::AM,110P05750,AM,US50_WB,WESTBOUND,35832.0,402.0,2.0,10.0,5.0,8.0,10.25,7.268218688921722,8.139718857969642,9.92519074300924,159.4183232452509,0.3280050189866295,ridge_core,core_network,full_network,True,constrained,aggregate_all_days,corridor_held_out,corridor,4,136.09312133530335,136.09312133530335,8.383131478178534,8.383131478178534,-19.488555419445674,19.488555419445674,54.654936077642525,False,
110P05750::MD,110P05750,MD,US50_WB,WESTBOUND,35832.0,402.0,2.0,3.0,4.75,9.25,12.25,11.080634032365731,12.224285354604692,14.370083265138854,197.3669539663873,0.3476725862933662,ridge_core,core_network,full_network,True,constrained,aggregate_all_days,corridor_held_out,corridor,4,379.8380419419439,379.8380419419439,178.45712127628155,178.45712127628155,127.20499590833126,127.20499590833126,228.5000530421856,False,
110P05750::PM,110P05750,PM,US50_WB,WESTBOUND,35832.0,402.0,2.0,2.0,14.125,16.875,20.0,15.53886361498602,17.149909789515128,19.268323940208205,223.7676195133312,0.4319783652432684,ridge_core,core_network,full_network,True,constrained,aggregate_all_days,corridor_held_out,corridor,4,84.83181689916123,84.83181689916123,16.49458737090768,16.49458737090768,-43.90056358750769,43.90056358750769,48.40898928585887,False,
110P05752::AM,110P05752,AM,US50_WB,WESTBOUND,36132.0,603.0,3.0,2.0,6.5,7.5,10.0,6.943414275515689,7.748385623303013,9.30964155196797,141.97363658713675,0.3401918977936176,ridge_core,core_network,full_network,True,constrained,aggregate_all_days,corridor_held_out,corridor,4,26.604856530941348,26.604856530941348,14.90313739818081,14.90313739818081,-41.42150688192185,41.42150688192185,27.64316693701467,False,
110P05752::MD,110P05752,MD,US50_WB,WESTBOUND,36132.0,603.0,3.0,2.0,7.125,9.875,11.875,10.907054339188742,11.86644948624161,13.713295060798096,168.37444329656128,0.3418791337696302,ridge_core,core_network,full_network,True,constrained,aggregate_all_days,corridor_held_out,corridor,4,226.9232603513245,226.9232603513245,119.4869691744966,119.4869691744966,110.29770364788575,110.29770364788575,152.23597772456893,False,
110P05752::PM,110P05752,PM,US50_WB,WESTBOUND,36132.0,603.0,3.0,1.0,15.75,17.0,23.75,15.393347565190762,16.766033805029945,18.589447227282967,191.7659797255324,0.4294879337212549,ridge_core,core_network,full_network,True,constrained,aggregate_all_days,corridor_held_out,corridor,4,-21.399146088554275,21.399146088554275,-14.037971698203291,14.037971698203291,-309.6331663630219,309.6331663630219,115.0234280499265,False,
110P05753::AM,110P05753,AM,US50_WB,WESTBOUND,36141.0,603.0,3.0,5.0,7.25,7.5,8.25,6.92148884381351,7.715344263469385,9.297452554809322,142.55782265974875,0.3341193369166209,ridge_core,core_network,full_network,True,constrained,aggregate_all_days,corridor_held_out,corridor,4,-19.71066937118941,19.71066937118941,12.920655808163096,12.920655808163096,62.84715328855931,62.84715328855931,31.826159489303944,False,
110P05753::MD,110P05753,MD,US50_WB,WESTBOUND,36141.0,603.0,3.0,10.0,11.125,12.0,14.75,10.941375655032394,11.891490304344318,13.792759807963527,171.08304917586804,0.3332117309886979,ridge_core,core_network,full_network,True,constrained,aggregate_all_days,corridor_held_out,corridor,4,-11.01746069805639,11.01746069805639,-6.510581739340928,6.510581739340928,-57.43441152218836,57.43441152218836,24.987484653195224,False,
110P05753::PM,110P05753,PM,US50_WB,WESTBOUND,36141.0,603.0,3.0,12.0,14.75,16.875,18.5,15.398864526075558,16.75584143621111,18.62548694049385,193.59734486509748,0.4205564630282882,ridge_core,core_network,full_network,True,constrained,aggregate_all_days,corridor_held_out,corridor,4,38.93187156453347,38.93187156453347,-7.149513827333394,7.149513827333394,7.5292164296310204,7.5292164296310204,17.870200607165962,False,
110P06630::AM,110P06630,AM,US50_WB,WESTBOUND,8253.0,102.0,2.0,2.0,6.375,6.625,7.875,6.8781301674716735,7.863038926814254,9.385696629014584,150.4539876925746,0.3927747377577241,ridge_core,core_network,full_network,True,constrained,aggregate_all_days,corridor_held_out,corridor,4,30.18781004830041,30.18781004830041,74.28233560885525,74.28233560885525,90.64179774087503,90.64179774087503,65.03731446601023,False,
110P06630::MD,110P06630,MD,US50_WB,WESTBOUND,8253.0,102.0,2.0,1.0,10.25,10.5,12.0,10.66512334042226,11.832880244279687,13.542806127191607,172.66096720616073,0.4057976470604734,ridge_core,core_network,full_network,True,constrained,aggregate_all_days,corridor_held_out,corridor,4,24.90740042533563,24.90740042533563,79.97281465678125,79.97281465678125,92.56836763149644,92.56836763149644,65.8161942378711,False,
110P06630::PM,110P06630,PM,US50_WB,WESTBOUND,8253.0,102.0,2.0,9.0,15.25,17.25,20.25,15.138075382324567,16.770985710096,18.44477075106437,198.40172212438847,0.4938194014508627,ridge_core,core_network,full_network,True,constrained,aggregate_all_days,corridor_held_out,corridor,4,-6.715477060525963,6.715477060525963,-28.74085739424004,28.74085739424004,-108.31375493613749,108.31375493613749,47.92336313030116,False,
110P13195::MD,110P13195,MD,VA294_WB,WESTBOUND,38823.0,303.0,3.0,1.0,9.75,11.25,12.0,10.458651686242678,11.733040139761702,14.01098623018518,213.1400726365501,0.3587467446420919,ridge_core,core_network,full_network,True,constrained,aggregate_all_days,corridor_held_out,corridor,4,42.5191011745607,42.5191011745607,28.9824083857021,28.9824083857021,120.6591738111108,120.6591738111108,64.0535611237912,False,
110P13195::PM,110P13195,PM,VA294_WB,WESTBOUND,38823.0,303.0,3.0,9.0,16.0,17.25,18.75,14.90274109456729,16.734597364948428,18.98215045615158,244.76456169505744,0.449049386323346,ridge_core,core_network,full_network,True,constrained,aggregate_all_days,corridor_held_out,corridor,4,-65.83553432596261,65.83553432596261,-30.924158103094328,30.924158103094328,13.929027369094769,13.929027369094769,36.89623993271724,False,
110P13203::AM,110P13203,AM,VA294_WB,WESTBOUND,38183.0,303.0,3.0,3.0,6.25,7.5,12.25,6.980746461571674,7.899276722884819,9.837173044469443,171.38559497386615,0.3215662068168124,ridge_core,core_network,full_network,True,constrained,aggregate_all_days,corridor_held_out,corridor,4,43.84478769430045,43.84478769430045,23.956603373089145,23.956603373089145,-144.76961733183342,144.76961733183342,70.85700279974101,False,
110P13203::MD,110P13203,MD,VA294_WB,WESTBOUND,38183.0,303.0,3.0,3.0,6.5,11.0,13.0,10.743522378265062,11.912179969559489,14.149645386393548,204.36738048770923,0.3431049285376668,ridge_core,core_network,full_network,True,constrained,aggregate_all_days,corridor_held_out,corridor,4,254.6113426959037,254.6113426959037,54.730798173569326,54.730798173569326,68.97872318361287,68.97872318361287,126.10695468436198,False,
110P13203::PM,110P13203,PM,VA294_WB,WESTBOUND,38183.0,303.0,3.0,2.0,14.125,17.0,21.25,15.187661607910352,16.843103722609015,19.06846743536024,232.84834964699272,0.426571745226035,ridge_core,core_network,full_network,True,constrained,aggregate_all_days,corridor_held_out,corridor,4,63.75969647462121,63.75969647462121,-9.413776643459071,9.413776643459071,-130.891953878386,130.891953878386,68.0218089988221,False,
110P17099::PM,110P17099,PM,VA267_WB,WESTBOUND,36690.0,301.0,1.0,12.0,15.25,16.75,18.125,15.323484513151325,16.368593098055257,17.90981588116819,155.17988208101193,0.4040892044337291,ridge_core,core_network,full_network,True,constrained,aggregate_all_days,corridor_held_out,corridor,4,4.409070789079372,4.409070789079372,-22.88441411668458,22.88441411668458,-12.911047129908653,12.911047129908653,13.401510678557536,False,
110P50123::AM,110P50123,AM,VA644_EB,EASTBOUND,35271.0,403.0,3.0,3.0,7.5,8.0,8.75,6.772785805431016,7.6807194782889185,9.629710516547824,171.4154826670084,0.3178010499629094,ridge_core,core_network,full_network,True,constrained,aggregate_all_days,corridor_held_out,corridor,4,-43.63285167413905,43.63285167413905,-19.156831302664887,19.156831302664887,52.78263099286935,52.78263099286935,38.52410465655776,False,
110P50123::MD,110P50123,MD,VA644_EB,EASTBOUND,35271.0,403.0,3.0,4.0,7.0,10.75,12.75,10.534448995436051,11.64654775086608,13.817574354796353,196.9875215616179,0.3387317368980133,ridge_core,core_network,full_network,True,constrained,aggregate_all_days,corridor_held_out,corridor,4,212.0669397261632,212.0669397261632,53.79286505196482,53.79286505196482,64.05446128778107,64.05446128778107,109.9714220219697,False,
110P50123::PM,110P50123,PM,VA644_EB,EASTBOUND,35271.0,403.0,3.0,1.0,15.0,17.5,21.0,15.03289663940091,16.641107871782943,18.82627560521272,227.60273794870847,0.423952166887672,ridge_core,core_network,full_network,True,constrained,aggregate_all_days,corridor_held_out,corridor,4,1.973798364054602,1.973798364054602,-51.53352769302344,51.53352769302344,-130.4234636872369,130.4234636872369,61.31026324810498,False,
110P50124::AM,110P50124,AM,VA644_EB,EASTBOUND,31516.0,403.0,3.0,12.0,7.0,7.75,9.5,7.0233164672096375,7.827195587862786,9.622935943275378,155.9771685639444,0.309229534573936,ridge_core,core_network,full_network,True,constrained,aggregate_all_days,corridor_held_out,corridor,4,1.3989880325782522,1.3989880325782522,4.631735271767141,4.631735271767141,7.376156596522669,7.376156596522669,4.468959966956021,False,
110P50124::MD,110P50124,MD,VA644_EB,EASTBOUND,31516.0,403.0,3.0,3.0,11.5,11.75,13.5,10.67398419607193,11.632031179466514,13.564372697543222,173.42331008827756,0.3314595885317528,ridge_core,core_network,full_network,True,constrained,aggregate_all_days,corridor_held_out,corridor,4,-49.56094823568424,49.56094823568424,-7.078129232009154,7.078129232009154,3.8623618525933168,3.8623618525933168,20.16714644009557,False,
110P50124::PM,110P50124,PM,VA644_EB,EASTBOUND,31516.0,403.0,3.0,16.0,13.75,17.25,19.0,15.307302993598997,16.718622327509102,18.699906844967984,203.55623108213936,0.415998859796321,ridge_core,core_network,full_network,True,constrained,aggregate_all_days,corridor_held_out,corridor,4,93.4381796159397,93.4381796159397,-31.882660349453857,31.882660349453857,-18.005589301920963,18.005589301920963,47.775476422438174,False,
110P50127::AM,110P50127,AM,VA644_EB,EASTBOUND,31915.0,203.0,3.0,3.0,6.5,6.75,8.5,7.261504828643636,8.1650576922254,10.016559792227175,165.30329781501237,0.3279618285388034,ridge_core,core_network,full_network,True,constrained,aggregate_all_days,corridor_held_out,corridor,4,45.69028971861815,45.69028971861815,84.90346153352398,84.90346153352398,90.99358753363052,90.99358753363052,73.86244626192422,False,
110P50127::MD,110P50127,MD,VA644_EB,EASTBOUND,31915.0,203.0,3.0,12.0,9.625,11.875,15.0,11.02914420896415,12.16273840510186,14.254498945456618,193.521284189548,0.3514634168179838,ridge_core,core_network,full_network,True,constrained,aggregate_all_days,corridor_held_out,corridor,4,84.24865253784898,84.24865253784898,17.264304306111633,17.264304306111633,-44.73006327260293,44.73006327260293,48.74767337218785,False,
110P50127::PM,110P50127,PM,VA644_EB,EASTBOUND,31915.0,203.0,3.0,6.0,12.875,16.25,17.75,15.492206986293096,17.103421277988982,19.196997582648592,222.2874357813298,0.4349002324938102,ridge_core,core_network,full_network,True,constrained,aggregate_all_days,corridor_held_out,corridor,4,157.03241917758567,157.03241917758567,51.20527667933892,51.20527667933892,86.81985495891553,86.81985495891553,98.35251693861336,False,
110P52381::AM,110P52381,AM,VA644_EB,EASTBOUND,31911.0,203.0,3.0,3.0,7.0,7.75,9.0,7.306450287057469,8.210762935722697,10.051790302758016,164.7204009420328,0.3293991430910126,ridge_core,core_network,full_network,True,constrained,aggregate_all_days,corridor_held_out,corridor,4,18.387017223448154,18.387017223448154,27.6457761433618,27.6457761433618,63.107418165480986,63.107418165480986,36.380070510763645,False,
110P52381::MD,110P52381,MD,VA644_EB,EASTBOUND,31911.0,203.0,3.0,7.0,9.5,13.25,14.5,11.006619604288597,12.13478715405879,14.231850377785644,193.51384640982303,0.3497943648066295,ridge_core,core_network,full_network,True,constrained,aggregate_all_days,corridor_held_out,corridor,4,90.39717625731568,90.39717625731568,-66.91277075647261,66.91277075647261,-16.088977332861347,16.088977332861347,57.79964144888322,False,
110P52381::PM,110P52381,PM,VA644_EB,EASTBOUND,31911.0,203.0,3.0,4.0,15.25,16.375,19.625,15.48907843440951,17.08920331227224,19.17234270070964,220.995855978008,0.4344311898831161,ridge_core,core_network,full_network,True,constrained,aggregate_all_days,corridor_held_out,corridor,4,14.344706064570616,14.344706064570616,42.85219873633437,42.85219873633437,-27.15943795742149,27.15943795742149,28.11878091944216,False,
110P52383::AM,110P52383,AM,VA644_EB,EASTBOUND,34745.0,203.0,3.0,2.0,6.75,7.375,9.625,7.373997141468802,8.283642999868174,10.110095678636622,164.16591223006918,0.33246092786591,ridge_core,core_network,full_network,True,constrained,aggregate_all_days,corridor_held_out,corridor,4,37.43982848812813,37.43982848812813,54.51857999209047,54.51857999209047,29.10574071819731,29.10574071819731,40.35471639947197,False,
110P52383::MD,110P52383,MD,VA644_EB,EASTBOUND,34745.0,203.0,3.0,9.0,9.25,11.0,13.25,10.99431693014221,12.078806972573997,14.054402818592106,183.60515330699369,0.3543985632969084,ridge_core,core_network,full_network,True,constrained,aggregate_all_days,corridor_held_out,corridor,4,104.6590158085326,104.6590158085326,64.7284183544398,64.7284183544398,48.26416911552634,48.26416911552634,72.55053442616624,False,
110P52383::PM,110P52383,PM,VA644_EB,EASTBOUND,34745.0,203.0,3.0,8.0,15.375,16.125,18.375,15.5462964055127,17.13337650102567,19.164284494653327,217.0792853484377,0.4386637148631257,ridge_core,core_network,full_network,True,constrained,aggregate_all_days,corridor_held_out,corridor,4,10.277784330761932,10.277784330761932,60.50259006154015,60.50259006154015,47.3570696791996,47.3570696791996,39.37914802383389,False,
110P52384::AM,110P52384,AM,VA644_EB,EASTBOUND,33045.0,203.0,3.0,11.0,6.5,8.0,11.25,7.347920881304654,8.258098583648831,10.090843049122316,164.57533006905962,0.3318277540001574,ridge_core,core_network,full_network,True,constrained,aggregate_all_days,corridor_held_out,corridor,4,50.87525287827926,50.87525287827926,15.48591501892986,15.48591501892986,-69.54941705266111,69.54941705266111,45.30352831662341,False,
110P52384::MD,110P52384,MD,VA644_EB,EASTBOUND,33045.0,203.0,3.0,2.0,9.625,11.75,15.25,11.02006940377844,12.123107633559837,14.131108579623596,186.66235055070936,0.3545562004958488,ridge_core,core_network,full_network,True,constrained,aggregate_all_days,corridor_held_out,corridor,4,83.70416422670637,83.70416422670637,22.386458013590094,22.386458013590094,-67.13348522258421,67.13348522258421,57.74136915429356,False,
110P52384::PM,110P52384,PM,VA644_EB,EASTBOUND,33045.0,203.0,3.0,7.0,13.0,17.5,19.25,15.524500328682336,17.127891607559402,19.19127300697201,220.0063606973804,0.4372758879683126,ridge_core,core_network,full_network,True,constrained,aggregate_all_days,corridor_held_out,corridor,4,151.47001972094017,151.47001972094017,-22.326503546435887,22.326503546435887,-3.523619581679327,3.523619581679327,59.10671428301847,False,
110+04147::MD,110+04147,MD,I95_NB,NORTHBOUND,38200.0,601.0,1.0,2.0,12.125,14.0,18.0,10.577156565287517,12.369781099061946,15.243440884832438,279.9770591726952,0.3841653039155689,ridge_core,core_network,full_network,True,constrained,aggregate_all_days,corridor_held_out,corridor,5,-92.870606082749,92.870606082749,-97.81313405628325,97.81313405628325,-165.39354691005371,165.39354691005371,118.69242901636198,False,
110+04147::PM,110+04147,PM,I95_NB,NORTHBOUND,38200.0,601.0,1.0,8.0,14.375,16.25,18.75,14.903137884370054,16.968900993565537,19.17904286668716,256.55429893902624,0.4831171688188567,ridge_core,core_network,full_network,True,constrained,aggregate_all_days,corridor_held_out,corridor,5,31.688273062203223,31.688273062203223,43.13405961393222,43.13405961393222,25.742572001229505,25.742572001229505,33.52163489245498,False,
110+04148::AM,110+04148,AM,I95_NB,NORTHBOUND,39001.0,501.0,1.0,1.0,6.0,7.25,9.25,6.820488864625942,7.751829610892921,9.608235439291352,167.2647944799246,0.3340837200665416,ridge_core,core_network,full_network,True,constrained,aggregate_all_days,corridor_held_out,corridor,5,49.2293318775565,49.2293318775565,30.10977665357526,30.10977665357526,21.494126357481136,21.494126357481136,33.6110782962043,False,
110+04148::MD,110+04148,MD,I95_NB,NORTHBOUND,39001.0,501.0,1.0,2.0,10.75,13.5,16.5,10.90855066286072,12.45225290108516,15.721411569846676,288.7716544191574,0.3207452423949606,ridge_core,core_network,full_network,True,constrained,aggregate_all_days,corridor_held_out,corridor,5,9.51303977164315,9.51303977164315,-62.864825934890405,62.864825934890405,-46.71530580919942,46.71530580919942,39.69772383857766,False,
110+04148::PM,110+04148,PM,I95_NB,NORTHBOUND,39001.0,501.0,1.0,12.0,13.5,16.0,19.0,15.211350844933008,17.026316633643038,19.575852800571965,261.8701173383374,0.4158471704578083,ridge_core,core_network,full_network,True,constrained,aggregate_all_days,corridor_held_out,corridor,5,102.6810506959804,102.6810506959804,61.57899801858228,61.57899801858228,34.551168034317925,34.551168034317925,66.27040558296021,False,
110+04149::AM,110+04149,AM,I95_NB,NORTHBOUND,38998.0,501.0,1.0,2.0,7.25,7.75,9.5,6.846349742327891,7.790145827566287,9.596023320115917,164.9804146672814,0.3432393186094598,ridge_core,core_network,full_network,True,constrained,aggregate_all_days,corridor_held_out,corridor,5,-24.21901546032656,24.21901546032656,2.4087496539772424,2.4087496539772424,5.761399206954891,5.761399206954891,10.79638810708623,False,
110+04149::MD,110+04149,MD,I95_NB,NORTHBOUND,38998.0,501.0,1.0,2.0,10.5,12.875,16.0,10.90772752191912,12.443200924242626,15.523455856484793,276.9437000739404,0.3326611297343589,ridge_core,core_network,full_network,True,constrained,aggregate_all_days,corridor_held_out,corridor,5,24.46365131514714,24.46365131514714,-25.90794454544241,25.90794454544241,-28.59264861091244,28.59264861091244,26.321414823834,False,
110+04149::PM,110+04149,PM,I95_NB,NORTHBOUND,38998.0,501.0,1.0,4.0,15.625,16.875,18.625,15.225555608202786,17.001889180026613,19.35311848045101,247.6537723348934,0.4303589374172955,ridge_core,core_network,full_network,True,constrained,aggregate_all_days,corridor_held_out,corridor,5,-23.96666350783285,23.96666350783285,7.613350801596752,7.613350801596752,43.68710882706054,43.68710882706054,25.08904104549672,False,
110+04150::AM,110+04150,AM,I95_NB,NORTHBOUND,39107.0,501.0,1.0,2.0,7.125,8.125,9.75,7.557537314808667,8.470703181238846,10.21776811051091,159.61384774213454,0.3432656549595064,ridge_core,core_network,full_network,True,constrained,aggregate_all_days,corridor_held_out,corridor,5,25.952238888520025,25.952238888520025,20.742190874330788,20.742190874330788,28.06608663065461,28.06608663065461,24.920172131168474,False,
110+04150::MD,110+04150,MD,I95_NB,NORTHBOUND,39107.0,501.0,1.0,2.0,12.125,13.375,15.375,12.33865835063462,13.43359859922876,16.665568444543577,259.6146056345374,0.2530536167450073,ridge_core,core_network,full_network,True,constrained,aggregate_all_days,corridor_held_out,corridor,5,12.819501038077236,12.819501038077236,3.5159159537256457,3.5159159537256457,77.43410667261465,77.43410667261465,31.25650788813918,False,
110+04150::PM,110+04150,PM,I95_NB,NORTHBOUND,39107.0,501.0,1.0,6.0,13.5,16.0,19.625,15.016851025273992,16.68468944672412,18.758664025832,224.50878003348024,0.4457300301221389,ridge_core,core_network,full_network,True,constrained,aggregate_all_days,corridor_held_out,corridor,5,91.0110615164395,91.0110615164395,41.08136680344728,41.08136680344728,-51.98015845008037,51.98015845008037,61.35752892332238,False,
110+04151::AM,110+04151,AM,I95_NB,NORTHBOUND,39082.0,201.0,1.0,15.0,5.25,6.5,9.25,6.876886299266291,7.65703757608445,9.33948068936478,147.7556634059093,0.3168005579623522,ridge_core,core_network,full_network,True,constrained,aggregate_all_days,corridor_held_out,corridor,5,97.61317795597743,97.61317795597743,69.42225456506702,69.42225456506702,5.368841361886716,5.368841361886716,57.4680912943104,False,
110+04151::MD,110+04151,MD,I95_NB,NORTHBOUND,39082.0,201.0,1.0,2.0,10.0,12.0,15.625,10.969383934091695,12.174468963878075,14.799477880534678,229.8056367865788,0.3146358931758177,ridge_core,core_network,full_network,True,constrained,aggregate_all_days,corridor_held_out,corridor,5,58.16303604550182,58.16303604550182,10.46813783268462,10.46813783268462,-49.53132716791934,49.53132716791934,39.38750034870193,False,
110+04151::PM,110+04151,PM,I95_NB,NORTHBOUND,39082.0,201.0,1.0,10.0,12.875,16.625,19.0,15.381019544492286,16.8606694145829,19.063469652954463,220.9470065077305,0.4018112469984092,ridge_core,core_network,full_network,True,constrained,aggregate_all_days,corridor_held_out,corridor,5,150.36117266953715,150.36117266953715,14.140164874974062,14.140164874974062,3.808179177267803,3.808179177267803,56.10317224059301,False,
110+04152::AM,110+04152,AM,I95_NB,NORTHBOUND,39088.0,401.0,1.0,18.0,5.0,7.0,10.125,7.0755256144732686,7.918842484493124,9.392458083763016,139.01594815738483,0.3639799092972153,ridge_core,core_network,full_network,True,constrained,aggregate_all_days,corridor_held_out,corridor,5,124.53153686839612,124.53153686839612,55.13054906958742,55.13054906958742,-43.95251497421906,43.95251497421906,74.53820030406753,False,
110+04152::MD,110+04152,MD,I95_NB,NORTHBOUND,39088.0,401.0,1.0,3.0,12.75,14.0,15.0,11.231654686070309,12.630062780181598,15.230702188146385,239.94285012456456,0.3496852921565242,ridge_core,core_network,full_network,True,constrained,aggregate_all_days,corridor_held_out,corridor,5,-91.10071883578158,91.10071883578158,-82.1962331891041,82.1962331891041,13.842131288782973,13.842131288782973,62.37969443788956,False,
110+04152::PM,110+04152,PM,I95_NB,NORTHBOUND,39088.0,401.0,1.0,9.0,12.25,15.75,19.0,15.559126136717657,17.124271869142472,19.011504893295804,207.1427253946889,0.4533528453222565,ridge_core,core_network,full_network,True,constrained,aggregate_all_days,corridor_held_out,corridor,5,198.5475682030593,198.5475682030593,82.45631214854832,82.45631214854832,0.6902935977482372,0.6902935977482372,93.89805798311862,False,
110+04153::AM,110+04153,AM,I95_NB,NORTHBOUND,39079.0,201.0,1.0,3.0,7.0,7.0,8.75,6.818409729308428,7.657412738332585,9.40640708461576,155.27984131843985,0.3241900565715699,ridge_core,core_network,full_network,True,constrained,aggregate_all_days,corridor_held_out,corridor,5,-10.895416241494331,10.895416241494331,39.44476429995511,39.44476429995511,39.38442507694557,39.38442507694557,29.908201872798333,False,
110+04154::AM,110+04154,AM,I95_NB,NORTHBOUND,32085.0,501.0,1.0,16.0,6.125,7.25,8.75,6.857906886329279,7.86620995464317,9.816762536460484,177.5313390078723,0.3407746735698917,ridge_core,core_network,full_network,True,constrained,aggregate_all_days,corridor_held_out,corridor,5,43.97441317975675,43.97441317975675,36.97259727859021,36.97259727859021,64.00575218762903,64.00575218762903,48.31758754865867,False,
110+04154::MD,110+04154,MD,I95_NB,NORTHBOUND,32085.0,501.0,1.0,5.0,12.25,14.0,15.5,10.653611346864798,12.224700713885,15.096504505892764,266.5735895416781,0.3536185343164836,ridge_core,core_network,full_network,True,constrained,aggregate_all_days,corridor_held_out,corridor,5,-95.78331918811212,95.78331918811212,-106.51795716690005,106.51795716690005,-24.20972964643408,24.20972964643408,75.50366866714874,False,
110+04154::PM,110+04154,PM,I95_NB,NORTHBOUND,32085.0,501.0,1.0,1.0,12.75,15.5,16.5,15.114451486330282,16.976737726107743,19.37484586253317,255.6236625721739,0.4371159276191785,ridge_core,core_network,full_network,True,constrained,aggregate_all_days,corridor_held_out,corridor,5,141.8670891798169,141.8670891798169,88.60426356646457,88.60426356646457,172.49075175199067,172.49075175199067,134.32070149942405,False,
110+04155::AM,110+04155,AM,I95_NB,NORTHBOUND,29248.0,401.0,1.0,16.0,6.0,7.25,8.875,7.085391559846861,7.979288298112634,9.542136901211173,147.40472048185873,0.3638540483684656,ridge_core,core_network,full_network,True,constrained,aggregate_all_days,corridor_held_out,corridor,5,65.12349359081165,65.12349359081165,43.75729788675802,43.75729788675802,40.02821407267035,40.02821407267035,49.63633518341334,False,
110+04155::MD,110+04155,MD,I95_NB,NORTHBOUND,29248.0,401.0,1.0,6.0,12.25,14.125,16.125,10.953560712290685,12.375682311543487,14.742996490561104,227.36614669622512,0.3752858426596402,ridge_core,core_network,full_network,True,constrained,aggregate_all_days,corridor_held_out,corridor,5,-77.78635726255892,77.78635726255892,-104.95906130739066,104.95906130739066,-82.92021056633374,82.92021056633374,88.55520971209444,False,
110+04155::PM,110+04155,PM,I95_NB,NORTHBOUND,29248.0,401.0,1.0,5.0,16.25,17.5,19.25,15.453504265170642,17.09860352813011,19.016550773115696,213.78279047670333,0.4617114200701969,ridge_core,core_network,full_network,True,constrained,aggregate_all_days,corridor_held_out,corridor,5,-47.78974408976151,47.78974408976151,-24.083788312193448,24.083788312193448,-14.006953613058217,14.006953613058217,28.626828671671053,False,
110+04156::AM,110+04156,AM,I95_NB,NORTHBOUND,29335.0,301.0,1.0,12.0,5.75,7.5,10.25,6.773155675412987,7.614664431280616,9.339070779731587,153.9549062591162,0.3279565853333632,ridge_core,core_network,full_network,True,constrained,aggregate_all_days,corridor_held_out,corridor,5,61.389340524779215,61.389340524779215,6.879865876836959,6.879865876836959,-54.65575321610466,54.65575321610466,40.97498653924028,False,
110+04156::MD,110+04156,MD,I95_NB,NORTHBOUND,29335.0,301.0,1.0,7.0,12.0,12.5,15.0,10.661401600587698,12.019628692183687,14.673870437688803,240.7481302260664,0.3385015925948653,ridge_core,core_network,full_network,True,constrained,aggregate_all_days,corridor_held_out,corridor,5,-80.3159039647381,80.3159039647381,-28.82227846897866,28.82227846897866,-19.5677737386718,19.5677737386718,42.90198539079619,False,
110+04156::PM,110+04156,PM,I95_NB,NORTHBOUND,29335.0,301.0,1.0,4.0,11.25,17.5,18.5,15.151513813800582,16.741467722289197,18.917127486951365,225.9368203890469,0.4222296938810139,ridge_core,core_network,full_network,True,constrained,aggregate_all_days,corridor_held_out,corridor,5,234.0908288280349,234.0908288280349,-45.51193666264816,45.51193666264816,25.027649217081915,25.027649217081915,101.543471569255,False,
110+04157::AM,110+04157,AM,I95_NB,NORTHBOUND,32832.0,201.0,1.0,14.0,5.75,7.0,9.0,6.91020397691643,7.725870966519567,9.512546948319828,156.1405782842038,0.3134356226547889,ridge_core,core_network,full_network,True,constrained,aggregate_all_days,corridor_held_out,corridor,5,69.61223861498578,69.61223861498578,43.55225799117402,43.55225799117402,30.7528168991896,30.7528168991896,47.97243783511647,False,
110+04157::MD,110+04157,MD,I95_NB,NORTHBOUND,32832.0,201.0,1.0,3.0,10.0,10.25,11.0,10.826558711057086,12.209701618537288,15.144890895528388,259.0999310682781,0.320295625346743,ridge_core,core_network,full_network,True,constrained,aggregate_all_days,corridor_held_out,corridor,5,49.593522663425134,49.593522663425134,117.58209711223728,117.58209711223728,248.69345373170324,248.69345373170324,138.62302450245522,False,
110+04157::PM,110+04157,PM,I95_NB,NORTHBOUND,32832.0,201.0,1.0,8.0,15.25,17.25,18.5,15.298318514689289,16.860699014578376,19.149599479100097,231.0768578646484,0.4056781404231072,ridge_core,core_network,full_network,True,constrained,aggregate_all_days,corridor_held_out,corridor,5,2.8991108813573163,2.8991108813573163,-23.35805912529743,23.35805912529743,38.975968746005805,38.975968746005805,21.744379584220184,False,
110+04158::AM,110+04158,AM,I95_NB,NORTHBOUND,29990.0,201.0,1.0,6.0,5.625,7.5,8.875,6.889654361216028,7.701633540516344,9.523258680988096,158.0162591863241,0.3083147962677213,ridge_core,core_network,full_network,True,constrained,aggregate_all_days,corridor_held_out,corridor,5,75.87926167296168,75.87926167296168,12.098012430980631,12.098012430980631,38.89552085928578,38.89552085928578,42.29093165440936,False,
110+04158::MD,110+04158,MD,I95_NB,NORTHBOUND,29990.0,201.0,1.0,1.0,6.25,9.0,10.75,10.799359517242854,12.13225729805017,14.998582980193111,251.9534077770156,0.3174153013211779,ridge_core,core_network,full_network,True,constrained,aggregate_all_days,corridor_held_out,corridor,5,272.96157103457125,272.96157103457125,187.93543788301025,187.93543788301025,254.9149788115868,254.9149788115868,238.6039959097228,False,
110+04158::PM,110+04158,PM,I95_NB,NORTHBOUND,29990.0,201.0,1.0,3.0,15.5,17.0,18.0,15.2771051742716,16.837066405588285,19.177978298631647,234.05238746160288,0.3999005303646228,ridge_core,core_network,full_network,True,constrained,aggregate_all_days,corridor_held_out,corridor,5,-13.37368954370408,13.37368954370408,-9.77601566470291,9.77601566470291,70.67869791789882,70.67869791789882,31.276134375435262,False,
110+04163::MD,110+04163,MD,I66_WB,WESTBOUND,25946.0,101.0,1.0,1.0,12.0,13.25,14.5,11.047127385535603,12.161911646167331,13.87953084582777,169.94420761752988,0.3935824384696719,ridge_core,core_network,full_network,True,constrained,aggregate_all_days,corridor_held_out,corridor,5,-57.172356867863705,57.172356867863705,-65.28530122996014,65.28530122996014,-37.22814925033383,37.22814925033383,53.22860244938588,False,
110+04164::MD,110+04164,MD,I66_WB,WESTBOUND,25946.0,101.0,1.0,2.0,11.5,12.875,14.25,11.047127385535603,12.161911646167331,13.87953084582777,169.94420761752988,0.3935824384696719,ridge_core,core_network,full_network,True,constrained,aggregate_all_days,corridor_held_out,corridor,5,-27.172356867863705,27.172356867863705,-42.78530122996013,42.78530122996013,-22.22814925033383,22.22814925033383,30.72860244938589,False,
110+04165::MD,110+04165,MD,I66_WB,WESTBOUND,26354.0,501.0,1.0,1.0,10.0,11.75,12.75,10.13329291346346,11.071484921740488,12.860464005132249,163.63026550012742,0.3440165566227599,ridge_core,core_network,full_network,True,constrained,aggregate_all_days,corridor_held_out,corridor,5,7.997574807807517,7.997574807807517,-40.710904695570704,40.710904695570704,6.627840307934925,6.627840307934925,18.445439937104386,False,
110+04166::AM,110+04166,AM,I66_WB,WESTBOUND,26720.0,101.0,1.0,5.0,7.25,8.0,9.0,7.233683840556736,8.041883475126035,9.475974112285488,134.53741630372505,0.3604348842606341,ridge_core,core_network,full_network,True,constrained,aggregate_all_days,corridor_held_out,corridor,5,-0.978969566595822,0.978969566595822,2.513008507562091,2.513008507562091,28.5584467371293,28.5584467371293,10.683474937095738,False,
110+04166::MD,110+04166,MD,I66_WB,WESTBOUND,26720.0,101.0,1.0,1.0,14.0,14.25,15.25,11.45307985758849,12.650988887505626,14.94378549491546,209.4423382396182,0.3431710245365872,ridge_core,core_network,full_network,True,constrained,aggregate_all_days,corridor_held_out,corridor,5,-152.81520854469062,152.81520854469062,-95.94066674966244,95.94066674966244,-18.37287030507241,18.37287030507241,89.04291519980848,False,
110+04167::AM,110+04167,AM,I66_WB,WESTBOUND,26724.0,101.0,1.0,10.0,7.0,8.25,9.5,7.267841754658367,8.095582380283556,9.452014699566224,131.05037669447134,0.3789721082091826,ridge_core,core_network,full_network,True,constrained,aggregate_all_days,corridor_held_out,corridor,5,16.070505279502,16.070505279502,-9.265057182986638,9.265057182986638,-2.8791180260265747,2.8791180260265747,9.404893496171738,False,
110+04167::MD,110+04167,MD,I66_WB,WESTBOUND,26724.0,101.0,1.0,9.0,13.0,14.25,15.5,11.218754467013358,12.464065450539394,14.456779718711486,194.2815151018876,0.3845896454553444,ridge_core,core_network,full_network,True,constrained,aggregate_all_days,corridor_held_out,corridor,5,-106.8747319791985,106.8747319791985,-107.15607296763636,107.15607296763636,-62.59321687731085,62.59321687731085,92.20800727471524,False,
110+04168::AM,110+04168,AM,I66_WB,WESTBOUND,26055.0,501.0,1.0,13.0,7.25,8.0,9.75,6.476394658708252,7.246219158097681,8.87217203300081,143.74664245755352,0.3213255570613059,ridge_core,core_network,full_network,True,constrained,aggregate_all_days,corridor_held_out,corridor,5,-46.41632047750491,46.41632047750491,-45.22685051413916,45.22685051413916,-52.6696780199514,52.6696780199514,48.10428300386516,False,
110+04168::MD,110+04168,MD,I66_WB,WESTBOUND,26055.0,501.0,1.0,6.0,13.5,14.0,15.5,10.116721139846424,11.07462749553032,12.826946435799366,162.61351775717662,0.3534415965766004,ridge_core,core_network,full_network,True,constrained,aggregate_all_days,corridor_held_out,corridor,5,-202.99673160921463,202.99673160921463,-175.5223502681808,175.5223502681808,-160.38321385203804,160.38321385203804,179.63409857647784,False,
110+04169::AM,110+04169,AM,I66_WB,WESTBOUND,26370.0,501.0,1.0,16.0,7.0,8.375,10.5,6.518353994965468,7.367714006860677,8.848616529871881,139.8157520943848,0.3644911245716444,ridge_core,core_network,full_network,True,constrained,aggregate_all_days,corridor_held_out,corridor,5,-28.898760302071945,28.898760302071945,-60.43715958835939,60.43715958835939,-99.08300820768712,99.08300820768712,62.80630936603949,False,
110+04169::MD,110+04169,MD,I66_WB,WESTBOUND,26370.0,501.0,1.0,14.0,13.125,14.5,15.75,10.1785604963092,11.210558817674826,12.80808586785949,157.77152229301743,0.3924656261282585,ridge_core,core_network,full_network,True,constrained,aggregate_all_days,corridor_held_out,corridor,5,-176.78637022144807,176.78637022144807,-197.3664709395104,197.3664709395104,-176.51484792843064,176.51484792843064,183.5558963631297,False,
110+04170::AM,110+04170,AM,I66_WB,WESTBOUND,26177.0,501.0,1.0,14.0,7.0,8.25,10.25,6.623477986195735,7.372572232540252,9.014982236058492,143.49025499176534,0.3132314092218342,ridge_core,core_network,full_network,True,constrained,aggregate_all_days,corridor_held_out,corridor,5,-22.59132082825589,22.59132082825589,-52.64566604758489,52.64566604758489,-74.1010658364905,74.1010658364905,49.77935090411043,False,
110+04170::MD,110+04170,MD,I66_WB,WESTBOUND,26177.0,501.0,1.0,11.0,12.625,13.875,15.5,10.256207258438897,11.195762507188006,12.964045889273969,162.4703178501044,0.3469760856685021,ridge_core,core_network,full_network,True,constrained,aggregate_all_days,corridor_held_out,corridor,5,-142.12756449366628,142.12756449366628,-160.75424956871967,160.75424956871967,-152.15724664356188,152.15724664356188,151.6796869019826,False,
110+04171::AM,110+04171,AM,I66_WB,WESTBOUND,25785.0,501.0,1.0,1.0,7.5,8.0,9.5,6.742991106358829,7.497635512554616,9.11384505283942,142.25123678883546,0.3183006727664592,ridge_core,core_network,full_network,True,constrained,aggregate_all_days,corridor_held_out,corridor,5,-45.420533618470245,45.420533618470245,-30.14186924672302,30.14186924672302,-23.16929682963483,23.16929682963483,32.9105665649427,False,
110+04171::MD,110+04171,MD,I66_WB,WESTBOUND,25785.0,501.0,1.0,3.0,9.0,9.25,10.25,10.375061290907375,11.32082578720237,13.059518115400312,161.06740946957618,0.3523113084426824,ridge_core,core_network,full_network,True,constrained,aggregate_all_days,corridor_held_out,corridor,5,82.50367745444251,82.50367745444251,124.2495472321422,124.2495472321422,168.57108692401874,168.57108692401874,125.10810387020116,False,
110+04172::MD,110+04172,MD,I66_WB,WESTBOUND,25785.0,501.0,1.0,2.0,8.25,9.125,10.25,10.375061290907375,11.32082578720237,13.059518115400312,161.06740946957618,0.3523113084426824,ridge_core,core_network,full_network,True,constrained,aggregate_all_days,corridor_held_out,corridor,5,127.50367745444252,127.50367745444252,131.74954723214222,131.74954723214222,168.57108692401874,168.57108692401874,142.60810387020118,False,
110+04176::AM,110+04176,AM,I66_WB,WESTBOUND,31999.0,201.0,1.0,1.0,7.5,8.25,9.25,6.932932763762422,7.702310160715715,9.33016024449024,143.83364884366898,0.320944675938599,ridge_core,core_network,full_network,True,constrained,aggregate_all_days,corridor_held_out,corridor,5,-34.024034174254666,34.024034174254666,-32.86139035705709,32.86139035705709,4.809614669414337,4.809614669414337,23.89834640024203,False,
110+04176::MD,110+04176,MD,I66_WB,WESTBOUND,31999.0,201.0,1.0,6.0,12.5,14.5,18.25,10.83366299497868,12.152788839609954,14.837499506371586,240.2301906835744,0.3294654616585131,ridge_core,core_network,full_network,True,constrained,aggregate_all_days,corridor_held_out,corridor,5,-99.98022030127925,99.98022030127925,-140.83266962340275,140.83266962340275,-204.75002961770485,204.75002961770485,148.5209731807956,False,
110+04176::PM,110+04176,PM,I66_WB,WESTBOUND,31999.0,201.0,1.0,16.0,13.75,16.625,19.125,15.305296400023073,16.93110040014944,19.273946453419043,238.1190032037584,0.4096617182800405,ridge_core,core_network,full_network,True,constrained,aggregate_all_days,corridor_held_out,corridor,5,93.31778400138424,93.31778400138424,18.366024008966377,18.366024008966377,8.936787205142593,8.936787205142593,40.20686507183108,False,
110+04177::PM,110+04177,PM,I66_WB,WESTBOUND,35781.0,501.0,1.0,17.0,13.25,17.75,19.5,15.609582092048525,16.99931578847604,19.302608800211047,221.5816024897515,0.3763129287302072,ridge_core,core_network,full_network,True,constrained,aggregate_all_days,corridor_held_out,corridor,5,141.57492552291137,141.57492552291137,-45.04105269143764,45.04105269143764,-11.843471987337182,11.843471987337182,66.15315006722874,False,
110+04178::PM,110+04178,PM,I66_WB,WESTBOUND,32029.0,201.0,1.0,19.0,13.25,18.0,20.0,15.272630727517855,16.853577332560086,19.2316988705253,237.54408858044656,0.3993229083047019,ridge_core,core_network,full_network,True,constrained,aggregate_all_days,corridor_held_out,corridor,5,121.35784365107142,121.35784365107142,-68.78536004639486,68.78536004639486,-46.098067768482025,46.098067768482025,78.74709048864943,False,
110+04179::PM,110+04179,PM,I66_WB,WESTBOUND,32032.0,301.0,1.0,3.0,17.0,18.0,19.0,15.141493722780565,16.788843105544185,19.051863630831114,234.62219448303307,0.4212771224973139,ridge_core,core_network,full_network,True,constrained,aggregate_all_days,corridor_held_out,corridor,5,-111.51037663316622,111.51037663316622,-72.6694136673489,72.6694136673489,3.111817849866867,3.111817849866867,62.43053605012733,False,
110+04180::PM,110+04180,PM,I66_WB,WESTBOUND,32035.0,201.0,1.0,1.0,15.75,17.0,18.25,15.280025658329745,16.833053604273836,19.15779655923433,232.66625405427533,0.4004950229477996,ridge_core,core_network,full_network,True,constrained,aggregate_all_days,corridor_held_out,corridor,5,-28.198460500215425,28.198460500215425,-10.016783743569846,10.016783743569846,54.46779355405987,54.46779355405987,30.89434593261505,False,
110+04181::PM,110+04181,PM,I66_WB,WESTBOUND,35786.0,201.0,1.0,3.0,15.5,17.0,18.0,15.290622320490405,16.84486990876888,19.143665147810115,231.18256963918247,0.4033818615402356,ridge_core,core_network,full_network,True,constrained,aggregate_all_days,corridor_held_out,corridor,5,-12.562660770575713,12.562660770575713,-9.307805473867106,9.307805473867106,68.61990886860688,68.61990886860688,30.16345837101657,False,
110+04182::PM,110+04182,PM,I66_WB,WESTBOUND,32038.0,201.0,1.0,13.0,15.25,17.25,18.75,15.201359884812463,16.81161809977529,18.99625007128728,227.69341118848905,0.4243227434358629,ridge_core,core_network,full_network,True,constrained,aggregate_all_days,corridor_held_out,corridor,5,-2.918406911252198,2.918406911252198,-26.30291401348252,26.30291401348252,14.775004277236905,14.775004277236905,14.66544173399054,False,
110+04183::MD,110+04183,MD,I66_WB,WESTBOUND,31404.0,501.0,1.0,1.0,13.25,14.0,19.5,10.835256689038443,11.71430958893874,13.65923589020979,169.43875207028063,0.3112816480856785,ridge_core,core_network,full_network,True,constrained,aggregate_all_days,corridor_held_out,corridor,5,-144.8845986576933,144.8845986576933,-137.14142466367562,137.14142466367562,-350.44584658741263,350.44584658741263,210.82395663626053,False,
110+04183::PM,110+04183,PM,I66_WB,WESTBOUND,31404.0,501.0,1.0,20.0,14.25,17.0,19.75,15.739241274485412,17.069796533652262,19.467406203946457,223.6898957676628,0.3568928103615842,ridge_core,core_network,full_network,True,constrained,aggregate_all_days,corridor_held_out,corridor,5,89.35447646912472,89.35447646912472,4.187792019135728,4.187792019135728,-16.955627763212604,16.955627763212604,36.83263208382435,False,
110+04184::PM,110+04184,PM,I66_WB,WESTBOUND,31416.0,501.0,1.0,20.0,14.875,17.875,19.75,15.691863875953414,17.0578439833645,19.41803075097624,223.5700125013695,0.3665912325525458,ridge_core,core_network,full_network,True,constrained,aggregate_all_days,corridor_held_out,corridor,5,49.01183255720486,49.01183255720486,-49.029360998130045,49.029360998130045,-19.91815494142564,19.91815494142564,39.31978283225352,False,
110+04185::PM,110+04185,PM,I66_WB,WESTBOUND,38801.0,301.0,1.0,1.0,14.75,15.5,16.75,15.203484933815403,16.629640384811946,18.62633048385557,205.3707330024102,0.4166578451019513,ridge_core,core_network,full_network,True,constrained,aggregate_all_days,corridor_held_out,corridor,5,27.2090960289243,27.2090960289243,67.77842308871676,67.77842308871676,112.57982903133453,112.57982903133453,69.18911604965852,False,
110+05603::AM,110+05603,AM,VA286_NB,NORTHBOUND,29284.0,302.0,2.0,1.0,5.0,7.25,8.75,6.7844664769292375,7.781316958110439,9.490943757175906,162.3886368148001,0.368320284251693,ridge_core,core_network,full_network,True,constrained,aggregate_all_days,corridor_held_out,corridor,5,107.06798861575425,107.06798861575425,31.87901748662636,31.87901748662636,44.45662543055434,44.45662543055434,61.13454384431165,False,
110+05609::PM,110+05609,PM,VA286_NB,NORTHBOUND,29404.0,405.0,5.0,6.0,15.625,17.0,18.25,15.625046376326106,16.98265505476931,19.18574652005525,213.64200862374875,0.3812757670241145,ridge_core,core_network,full_network,True,constrained,aggregate_all_days,corridor_held_out,corridor,5,0.002782579566336,0.002782579566336,-1.0406967138413847,1.0406967138413847,56.14479120331502,56.14479120331502,19.062756832240915,False,
110+05610::AM,110+05610,AM,VA286_NB,NORTHBOUND,32323.0,505.0,5.0,1.0,7.75,8.5,9.75,6.834648185582867,7.664490981227469,9.399637713479663,153.8993716738078,0.323526777251619,ridge_core,core_network,full_network,True,constrained,aggregate_all_days,corridor_held_out,corridor,5,-54.92110886502799,54.92110886502799,-50.13054112635187,50.13054112635187,-21.02173719122021,21.02173719122021,42.02446239420002,False,
110+05610::PM,110+05610,PM,VA286_NB,NORTHBOUND,32323.0,505.0,5.0,7.0,15.75,17.0,18.25,15.32177935965747,16.839886105370688,19.059302263158617,224.25137421006897,0.4061799177982623,ridge_core,core_network,full_network,True,constrained,aggregate_all_days,corridor_held_out,corridor,5,-25.69323842055184,25.69323842055184,-9.606833677758717,9.606833677758717,48.55813578951704,48.55813578951704,27.9527359626092,False,
110+05612::AM,110+05612,AM,VA286_NB,NORTHBOUND,29499.0,405.0,5.0,6.0,7.0,7.75,9.25,7.067850804979858,7.801772184808328,9.51588904076406,146.88229414705216,0.2997998025931024,ridge_core,core_network,full_network,True,constrained,aggregate_all_days,corridor_held_out,corridor,5,4.071048298791471,4.071048298791471,3.106331088499701,3.106331088499701,15.95334244584361,15.95334244584361,7.710240611044927,False,
110+05612::MD,110+05612,MD,VA286_NB,NORTHBOUND,29499.0,405.0,5.0,3.0,14.0,14.25,16.5,11.082482491606306,12.099289731591538,14.41514043629083,199.95947668107144,0.3051039911272636,ridge_core,core_network,full_network,True,constrained,aggregate_all_days,corridor_held_out,corridor,5,-175.0510505036216,175.0510505036216,-129.04261610450772,129.04261610450772,-125.0915738225502,125.0915738225502,143.06174681022648,False,
110+05612::PM,110+05612,PM,VA286_NB,NORTHBOUND,29499.0,405.0,5.0,10.0,15.25,16.5,18.25,15.592305457716169,16.929851351929077,19.077350498023463,209.1027024184376,0.3837958702809104,ridge_core,core_network,full_network,True,constrained,aggregate_all_days,corridor_held_out,corridor,5,20.53832746297012,20.53832746297012,25.791081115744632,25.791081115744632,49.6410298814078,49.6410298814078,31.990146153374184,False,
110+05613::AM,110+05613,AM,VA286_NB,NORTHBOUND,29495.0,405.0,5.0,8.0,7.0,7.75,9.75,7.054973891356969,7.790001021344468,9.54054010746051,149.13397296621247,0.2957181849453009,ridge_core,core_network,full_network,True,constrained,aggregate_all_days,corridor_held_out,corridor,5,3.298433481418144,3.298433481418144,2.400061280668062,2.400061280668062,-12.56759355236941,12.56759355236941,6.088696104818538,False,
110+05613::PM,110+05613,PM,VA286_NB,NORTHBOUND,29495.0,405.0,5.0,1.0,16.25,16.75,17.75,15.573245908590026,16.909655629939284,19.087791374667862,210.8727279646701,0.3802510834610613,ridge_core,core_network,full_network,True,constrained,aggregate_all_days,corridor_held_out,corridor,5,-40.60524548459842,40.60524548459842,9.579337796357024,9.579337796357024,80.26748248007173,80.26748248007173,43.48402192034239,False,
110+05615::AM,110+05615,AM,VA286_NB,NORTHBOUND,32879.0,505.0,5.0,5.0,7.0,8.0,10.75,6.889875539054213,7.732754904532188,9.476391226190232,155.1909412281612,0.325874445560109,ridge_core,core_network,full_network,True,constrained,aggregate_all_days,corridor_held_out,corridor,5,-6.607467656747232,6.607467656747232,-16.034705728068737,16.034705728068737,-76.41652642858605,76.41652642858605,33.01956660446734,False,
110+05615::MD,110+05615,MD,VA286_NB,NORTHBOUND,32879.0,505.0,5.0,3.0,11.25,14.0,15.0,10.925718649770596,12.109283335024855,14.552665802302492,217.6168291519137,0.326325318643818,ridge_core,core_network,full_network,True,constrained,aggregate_all_days,corridor_held_out,corridor,5,-19.456881013764225,19.456881013764225,-113.44299989850867,113.44299989850867,-26.84005186185047,26.84005186185047,53.24664425804112,False,
110+05615::PM,110+05615,PM,VA286_NB,NORTHBOUND,32879.0,505.0,5.0,4.0,15.5,16.25,18.0,15.3451182675554,16.854009039324115,18.98451364538184,218.36372266958645,0.4145992988181101,ridge_core,core_network,full_network,True,constrained,aggregate_all_days,corridor_held_out,corridor,5,-9.292903946675928,9.292903946675928,36.240542359446906,36.240542359446906,59.07081872291052,59.07081872291052,34.86808834301112,False,
110+05616::AM,110+05616,AM,VA286_NB,NORTHBOUND,32243.0,505.0,5.0,11.0,6.75,8.25,9.75,6.879485619462371,7.727405442291782,9.537941342866842,159.50734340426834,0.318952019913105,ridge_core,core_network,full_network,True,constrained,aggregate_all_days,corridor_held_out,corridor,5,7.769137167742262,7.769137167742262,-31.355673462493083,31.355673462493083,-12.723519427989451,12.723519427989451,17.282776686074932,False,
110+05616::PM,110+05616,PM,VA286_NB,NORTHBOUND,32243.0,505.0,5.0,2.0,15.625,16.375,17.625,15.3529295811079,16.893068640997463,19.17246812548656,229.1723126627197,0.4032264740870952,ridge_core,core_network,full_network,True,constrained,aggregate_all_days,corridor_held_out,corridor,5,-16.32422513352605,16.32422513352605,31.08411845984776,31.08411845984776,92.8480875291936,92.8480875291936,46.75214370752247,False,
110+05617::MD,110+05617,MD,VA286_NB,NORTHBOUND,29963.0,605.0,5.0,1.0,13.0,13.5,14.25,11.06056372424856,12.214232012187598,14.69143411997235,217.85222374342743,0.3177387684500542,ridge_core,core_network,full_network,True,constrained,aggregate_all_days,corridor_held_out,corridor,5,-116.3661765450864,116.3661765450864,-77.14607926874415,77.14607926874415,26.48604719834097,26.48604719834097,73.33276767072384,False,
110+05618::PM,110+05618,PM,VA286_NB,NORTHBOUND,29805.0,305.0,5.0,1.0,15.0,16.5,17.5,15.562135601650422,16.925742437717563,19.06378120565553,210.0987362403068,0.3894188590951281,ridge_core,core_network,full_network,True,constrained,aggregate_all_days,corridor_held_out,corridor,5,33.72813609902529,33.72813609902529,25.54454626305379,25.54454626305379,93.82687233933204,93.82687233933204,51.03318490047038,False,
110+05619::AM,110+05619,AM,VA286_NB,NORTHBOUND,29770.0,205.0,5.0,2.0,7.875,8.125,9.375,7.148336908091472,7.881239750382652,9.3691568835788,133.24919852923978,0.3300145218346003,ridge_core,core_network,full_network,True,constrained,aggregate_all_days,corridor_held_out,corridor,5,-43.599785514511694,43.599785514511694,-14.625614977040886,14.625614977040886,-0.3505869852719101,0.3505869852719101,19.525329158941496,False,
110+05619::MD,110+05619,MD,VA286_NB,NORTHBOUND,29770.0,205.0,5.0,1.0,14.5,14.75,15.75,10.944805222058635,11.943323333361164,13.769985587404369,169.5108219207439,0.3534351730426007,ridge_core,core_network,full_network,True,constrained,aggregate_all_days,corridor_held_out,corridor,5,-213.31168667648177,213.31168667648177,-168.40059999833016,168.40059999833016,-118.80086475573788,118.80086475573788,166.83771714351658,False,
110+05622::AM,110+05622,AM,VA286_NB,NORTHBOUND,32241.0,305.0,5.0,11.0,7.0,8.0,9.5,7.111881969969605,7.801916959262146,9.506789182580562,143.6944327566574,0.2881259806889367,ridge_core,core_network,full_network,True,constrained,aggregate_all_days,corridor_held_out,corridor,5,6.712918198176325,6.712918198176325,-11.884982444271266,11.884982444271266,0.4073509548337028,0.4073509548337028,6.335083865760431,False,
110+05622::MD,110+05622,MD,VA286_NB,NORTHBOUND,32241.0,305.0,5.0,2.0,9.25,11.25,12.0,10.976205834834891,11.945682906061664,14.150966435446964,190.4856360367244,0.3053701343779635,ridge_core,core_network,full_network,True,constrained,aggregate_all_days,corridor_held_out,corridor,5,103.57235009009348,103.57235009009348,41.74097436369987,41.74097436369987,129.05798612681787,129.05798612681787,91.4571035268704,False,
110+05622::PM,110+05622,PM,VA286_NB,NORTHBOUND,32241.0,305.0,5.0,3.0,15.75,16.0,17.5,15.56805251672015,16.816098037059625,18.843779428908352,196.5436147312921,0.3809980360987343,ridge_core,core_network,full_network,True,constrained,aggregate_all_days,corridor_held_out,corridor,5,-10.916848996791051,10.916848996791051,48.965882223577495,48.965882223577495,80.62676573450112,80.62676573450112,46.83649898495656,False,
110+05624::MD,110+05624,MD,VA286_NB,NORTHBOUND,32174.0,405.0,5.0,3.0,10.75,12.0,14.0,11.196788658341662,12.252618460245948,14.83140336457612,218.0768823740675,0.2904929097692858,ridge_core,core_network,full_network,True,constrained,aggregate_all_days,corridor_held_out,corridor,5,26.80731950049971,26.80731950049971,15.157107614756882,15.157107614756882,49.88420187456722,49.88420187456722,30.616209663274603,False,
110+05625::AM,110+05625,AM,VA286_NB,NORTHBOUND,32074.0,405.0,5.0,7.0,7.25,7.75,9.0,7.109021142264391,7.8536216662604925,9.5789599079556,148.1963259414726,0.301465175711644,ridge_core,core_network,full_network,True,constrained,aggregate_all_days,corridor_held_out,corridor,5,-8.458731464136555,8.458731464136555,6.217299975629551,6.217299975629551,34.73759447733599,34.73759447733599,16.47120863903403,False,
110+05627::AM,110+05627,AM,VA286_NB,NORTHBOUND,32247.0,205.0,5.0,9.0,7.5,8.75,10.5,7.018294942523394,7.82643666310662,9.460396327109908,146.52608307519083,0.3309206266717125,ridge_core,core_network,full_network,True,constrained,aggregate_all_days,corridor_held_out,corridor,5,-28.902303448596385,28.902303448596385,-55.413800213602826,55.413800213602826,-62.3762203734055,62.3762203734055,48.89744134520157,False,
110+05627::MD,110+05627,MD,VA286_NB,NORTHBOUND,32247.0,205.0,5.0,2.0,13.0,14.25,17.125,11.024582587918902,12.14649935169106,14.370676566509704,200.765638715448,0.335291468485488,ridge_core,core_network,full_network,True,constrained,aggregate_all_days,corridor_held_out,corridor,5,-118.5250447248659,118.5250447248659,-126.21003889853635,126.21003889853635,-165.25940600941783,165.25940600941783,136.6648298776067,False,
110+05627::PM,110+05627,PM,VA286_NB,NORTHBOUND,32247.0,205.0,5.0,13.0,14.75,17.25,19.0,15.472705498219913,16.89215516185776,18.810597886835133,200.2735433169132,0.4252532731370443,ridge_core,core_network,full_network,True,constrained,aggregate_all_days,corridor_held_out,corridor,5,43.36232989319477,43.36232989319477,-21.4706902885343,21.4706902885343,-11.364126789892026,11.364126789892026,25.399048990540365,False,
110+05628::AM,110+05628,AM,VA286_NB,NORTHBOUND,32252.0,205.0,5.0,3.0,7.0,8.75,10.5,7.0803091528499404,7.843722316713691,9.452047449406724,142.30429779340696,0.3218791740100712,ridge_core,core_network,full_network,True,constrained,aggregate_all_days,corridor_held_out,corridor,5,4.818549170996427,4.818549170996427,-54.37666099717852,54.37666099717852,-62.87715303559658,62.87715303559658,40.69078773459051,False,
110+05628::MD,110+05628,MD,VA286_NB,NORTHBOUND,32252.0,205.0,5.0,4.0,7.5,9.0,11.75,10.974154720944934,12.053952246693523,14.179311752822894,192.30942191267744,0.3368937980289582,ridge_core,core_network,full_network,True,constrained,aggregate_all_days,corridor_held_out,corridor,5,208.44928325669605,208.44928325669605,183.2371348016113,183.2371348016113,145.75870516937363,145.75870516937363,179.14837440922702,False,
110+05628::PM,110+05628,PM,VA286_NB,NORTHBOUND,32252.0,205.0,5.0,5.0,12.75,17.0,19.75,15.521417196608496,16.890779558518126,18.80232669106229,196.85456966722808,0.4173727938013718,ridge_core,core_network,full_network,True,constrained,aggregate_all_days,corridor_held_out,corridor,5,166.28503179650977,166.28503179650977,-6.553226488912429,6.553226488912429,-56.860398536262124,56.860398536262124,76.56621894056144,False,
110+05629::AM,110+05629,AM,VA286_NB,NORTHBOUND,32283.0,206.0,6.0,4.0,7.375,7.875,9.5,5.594000483480109,7.547274205240131,8.869269184224898,196.5161220446873,0.5963705271924262,ridge_core,core_network,full_network,True,constrained,aggregate_all_days,corridor_held_out,corridor,5,-106.85997099119348,106.85997099119348,-19.66354768559212,19.66354768559212,-37.84384894650614,37.84384894650614,54.78912254109724,False,
110+05629::MD,110+05629,MD,VA286_NB,NORTHBOUND,32283.0,206.0,6.0,1.0,8.5,9.0,10.0,9.028001734534165,11.399095701793309,12.76559338387188,224.25549896026305,0.6343908563899132,ridge_core,core_network,full_network,True,constrained,aggregate_all_days,corridor_held_out,corridor,5,31.68010407204989,31.68010407204989,143.94574210759842,143.94574210759842,165.93560303231286,165.93560303231286,113.85381640398708,False,
110+05630::AM,110+05630,AM,VA286_NB,NORTHBOUND,30500.0,105.0,5.0,3.0,7.75,8.0,10.0,7.383097476697932,8.27514416701921,9.891056027445936,150.47751304488023,0.3556863768961504,ridge_core,core_network,full_network,True,constrained,aggregate_all_days,corridor_held_out,corridor,5,-22.01415139812408,22.01415139812408,16.508650021152604,16.508650021152604,-6.536638353243838,6.536638353243838,15.01981325750684,False,
110+05630::PM,110+05630,PM,VA286_NB,NORTHBOUND,30500.0,105.0,5.0,1.0,14.75,17.0,17.75,15.69151924689287,17.281091985512926,19.178120192850496,209.19605675745763,0.4559089965437573,ridge_core,core_network,full_network,True,constrained,aggregate_all_days,corridor_held_out,corridor,5,56.49115481357221,56.49115481357221,16.86551913077558,16.86551913077558,85.68721157102978,85.68721157102978,53.01462850512585,False,
110+05631::PM,110+05631,PM,VA286_NB,NORTHBOUND,33126.0,405.0,5.0,1.0,16.75,17.0,18.0,15.532323455918712,16.83036064777483,18.858458325279347,199.56809216163808,0.3902539262052336,ridge_core,core_network,full_network,True,constrained,aggregate_all_days,corridor_held_out,corridor,5,-73.06059264487726,73.06059264487726,-10.178361133510094,10.178361133510094,51.50749951676083,51.50749951676083,44.91548443171606,False,
110+06686::AM,110+06686,AM,VA236_EB,EASTBOUND,29607.0,502.0,2.0,9.0,7.0,8.0,11.0,7.031049684150302,7.878094341413467,9.502817677433514,148.30607959699276,0.3426877682553243,ridge_core,core_network,full_network,True,constrained,aggregate_all_days,corridor_held_out,corridor,5,1.862981049018124,1.862981049018124,-7.314339515191968,7.314339515191968,-89.83093935398915,89.83093935398915,33.00275330606642,False,
110+06686::MD,110+06686,MD,VA236_EB,EASTBOUND,29607.0,502.0,2.0,1.0,7.0,9.0,13.0,10.81117375508676,11.964397860982087,13.966954545891236,189.3468474482685,0.3654322598247848,ridge_core,core_network,full_network,True,constrained,aggregate_all_days,corridor_held_out,corridor,5,228.67042530520567,228.67042530520567,177.86387165892523,177.86387165892523,58.017272753474245,58.017272753474245,154.85052323920172,False,
110+06686::PM,110+06686,PM,VA236_EB,EASTBOUND,29607.0,502.0,2.0,6.0,12.375,16.5,19.625,15.39351810649716,16.882442117871175,18.75532588770985,201.7084668727615,0.442893856006521,ridge_core,core_network,full_network,True,constrained,aggregate_all_days,corridor_held_out,corridor,5,181.1110863898296,181.1110863898296,22.94652707227052,22.94652707227052,-52.180446737408914,52.180446737408914,85.41268673316968,False,
110+06687::AM,110+06687,AM,VA236_EB,EASTBOUND,29596.0,402.0,2.0,5.0,6.75,8.0,10.0,6.671704599785701,7.73176739171047,9.818685202073071,188.81883613724224,0.336850755023487,ridge_core,core_network,full_network,True,constrained,aggregate_all_days,corridor_held_out,corridor,5,-4.697724012857929,4.697724012857929,-16.093956497371806,16.093956497371806,-10.87888787561571,10.87888787561571,10.556856128615149,False,
110+06687::MD,110+06687,MD,VA236_EB,EASTBOUND,29596.0,402.0,2.0,5.0,7.0,9.625,11.125,10.53466517933686,11.988259036252288,14.7409999798594,252.3800880313524,0.3455725532677171,ridge_core,core_network,full_network,True,constrained,aggregate_all_days,corridor_held_out,corridor,5,212.0799107602116,212.0799107602116,141.79554217513726,141.79554217513726,216.959998791564,216.959998791564,190.27848390897097,False,
110+06687::PM,110+06687,PM,VA236_EB,EASTBOUND,29596.0,402.0,2.0,12.0,14.0,16.75,19.625,14.927608659648987,16.787639656418158,19.23556104257401,258.4771429755013,0.4317668422106008,ridge_core,core_network,full_network,True,constrained,aggregate_all_days,corridor_held_out,corridor,5,55.65651957893934,55.65651957893934,2.258379385089455,2.258379385089455,-23.366337445559463,23.366337445559463,27.09374546986276,False,
110+07888::AM,110+07888,AM,VA236_EB,EASTBOUND,28823.0,302.0,2.0,7.0,7.25,7.75,9.75,6.777032536013131,7.774229869217683,9.493235864666264,162.97219971918804,0.3671291183120034,ridge_core,core_network,full_network,True,constrained,aggregate_all_days,corridor_held_out,corridor,5,-28.378047839212144,28.378047839212144,1.4537921530610731,1.4537921530610731,-15.405848120024146,15.405848120024146,15.079229370765788,False,
110+07888::MD,110+07888,MD,VA236_EB,EASTBOUND,28823.0,302.0,2.0,2.0,9.25,9.5,10.5,10.545710639361412,11.870369499049076,13.967342768634865,205.29792775640703,0.3871423956873294,ridge_core,core_network,full_network,True,constrained,aggregate_all_days,corridor_held_out,corridor,5,77.7426383616848,77.7426383616848,142.22216994294456,142.22216994294456,208.04056611809187,208.04056611809187,142.66845814090706,False,
110+07888::PM,110+07888,PM,VA236_EB,EASTBOUND,28823.0,302.0,2.0,1.0,14.5,15.5,20.75,15.067196168673531,16.774266187081214,18.71012931648279,218.57598886855536,0.4685976791625334,ridge_core,core_network,full_network,True,constrained,aggregate_all_days,corridor_held_out,corridor,5,34.03177012041198,34.03177012041198,76.45597122487281,76.45597122487281,-122.39224101103268,122.39224101103268,77.62666078543916,False,
110+10079::AM,110+10079,AM,VA611_NB,NORTHBOUND,35036.0,303.0,3.0,5.0,7.0,7.25,8.5,6.725961813765614,7.705145233048878,9.758561261504054,181.9559668643064,0.3228858397417073,ridge_core,core_network,full_network,True,constrained,aggregate_all_days,corridor_held_out,corridor,5,-16.44229117406317,16.44229117406317,27.30871398293268,27.30871398293268,75.51367569024325,75.51367569024325,39.75489361574636,False,
110+10079::MD,110+10079,MD,VA611_NB,NORTHBOUND,35036.0,303.0,3.0,1.0,9.75,10.25,13.25,10.44749997294414,11.70184740387258,14.003053589998837,213.3332170232817,0.3527854072884159,ridge_core,core_network,full_network,True,constrained,aggregate_all_days,corridor_held_out,corridor,5,41.8499983766484,41.8499983766484,87.11084423235484,87.11084423235484,45.183215399930106,45.183215399930106,58.04801933631112,False,
110+10079::PM,110+10079,PM,VA611_NB,NORTHBOUND,35036.0,303.0,3.0,1.0,14.25,15.0,17.0,15.027884434944738,16.707970191859122,18.99344496959245,237.9336320788626,0.4236691741899326,ridge_core,core_network,full_network,True,constrained,aggregate_all_days,corridor_held_out,corridor,5,46.673066096684295,46.673066096684295,102.47821151154731,102.47821151154731,119.60669817554697,119.60669817554697,89.5859919279262,False,
110+10080::MD,110+10080,MD,VA611_NB,NORTHBOUND,29288.0,303.0,3.0,1.0,12.0,12.25,13.75,10.433292070090127,11.684452270850224,13.978713641583042,212.7252942895749,0.3528946207187581,ridge_core,core_network,full_network,True,constrained,aggregate_all_days,corridor_held_out,corridor,5,-94.00247579459236,94.00247579459236,-33.93286374898665,33.93286374898665,13.722818494982503,13.722818494982503,47.21938601285384,False,
110+10081::AM,110+10081,AM,VA611_NB,NORTHBOUND,29266.0,403.0,3.0,18.0,7.0,7.75,9.25,6.811477018829804,7.837517542492824,9.72494321559522,174.80797180592506,0.3521717618698129,ridge_core,core_network,full_network,True,constrained,aggregate_all_days,corridor_held_out,corridor,5,-11.31137887021179,11.31137887021179,5.251052549569444,5.251052549569444,28.49659293571328,28.49659293571328,15.019674785164838,False,
110+10081::MD,110+10081,MD,VA611_NB,NORTHBOUND,29266.0,403.0,3.0,1.0,10.75,12.0,13.0,10.436545203911685,11.74571222620815,13.829495437779736,203.57701403208324,0.3858491672611364,ridge_core,core_network,full_network,True,constrained,aggregate_all_days,corridor_held_out,corridor,5,-18.80728776529903,18.80728776529903,-15.257266427510991,15.257266427510991,49.76972626678425,49.76972626678425,27.94476015319809,False,
110+10081::PM,110+10081,PM,VA611_NB,NORTHBOUND,29266.0,403.0,3.0,16.0,13.125,15.875,19.0,15.035109132288415,16.77941194880992,18.853035709823928,229.0755946521305,0.4568717551523629,ridge_core,core_network,full_network,True,constrained,aggregate_all_days,corridor_held_out,corridor,5,114.606547937305,114.606547937305,54.26471692859515,54.26471692859515,-8.81785741056433,8.81785741056433,59.229707425488165,False,
110+10082::AM,110+10082,AM,VA611_NB,NORTHBOUND,29271.0,503.0,3.0,4.0,6.5,7.875,10.0,6.85428603187733,7.751030769332548,9.513245326941586,159.5375577038554,0.3372540298453674,ridge_core,core_network,full_network,True,constrained,aggregate_all_days,corridor_held_out,corridor,5,21.257161912639813,21.257161912639813,-7.438153840047121,7.438153840047121,-29.205280383504828,29.205280383504828,19.30019871206392,False,
110+10082::MD,110+10082,MD,VA611_NB,NORTHBOUND,29271.0,503.0,3.0,1.0,6.75,9.5,11.0,10.657933263163748,11.821038027764637,13.911860685301352,195.2356453282563,0.3574464373998884,ridge_core,core_network,full_network,True,constrained,aggregate_all_days,corridor_held_out,corridor,5,234.4759957898248,234.4759957898248,139.2622816658782,139.2622816658782,174.71164111808116,174.71164111808116,182.8166395245947,False,
110+10082::PM,110+10082,PM,VA611_NB,NORTHBOUND,29271.0,503.0,3.0,1.0,12.0,17.5,19.25,15.221520648480649,16.76691561271503,18.796757103918555,214.51418732627445,0.4322497220802977,ridge_core,core_network,full_network,True,constrained,aggregate_all_days,corridor_held_out,corridor,5,193.2912389088388,193.2912389088388,-43.9850632370981,43.9850632370981,-27.19457376488669,27.19457376488669,88.15695863694121,False,
110+10083::AM,110+10083,AM,VA611_NB,NORTHBOUND,29233.0,303.0,3.0,9.0,6.75,8.5,10.25,6.562096691088189,7.674326521679224,9.77867520464496,192.9947108134062,0.3457804079407263,ridge_core,core_network,full_network,True,constrained,aggregate_all_days,corridor_held_out,corridor,5,-11.27419853470867,11.27419853470867,-49.54040869924656,49.54040869924656,-28.279487721302488,28.279487721302488,29.69803165175257,False,
110+10083::PM,110+10083,PM,VA611_NB,NORTHBOUND,29233.0,303.0,3.0,3.0,14.0,16.75,19.75,14.7496420697347,16.65023791616764,19.02774940649844,256.6864402058244,0.4442609071773979,ridge_core,core_network,full_network,True,constrained,aggregate_all_days,corridor_held_out,corridor,5,44.97852418408197,44.97852418408197,-5.985725029941591,5.985725029941591,-43.335035610093584,43.335035610093584,31.43309494137237,False,
110+10084::AM,110+10084,AM,VA611_NB,NORTHBOUND,32221.0,403.0,3.0,5.0,6.5,7.75,10.25,6.5305559035061576,7.697371509708203,9.732672153874695,192.1269750221123,0.3643888962706318,ridge_core,core_network,full_network,True,constrained,aggregate_all_days,corridor_held_out,corridor,5,1.833354210369453,1.833354210369453,-3.15770941750781,3.15770941750781,-31.039670767518288,31.039670767518288,12.010244798465186,False,
110+10084::PM,110+10084,PM,VA611_NB,NORTHBOUND,32221.0,403.0,3.0,2.0,13.75,17.125,20.375,14.722050532292466,16.708327930909068,19.01893636897761,257.8131502011086,0.4622597560443743,ridge_core,core_network,full_network,True,constrained,aggregate_all_days,corridor_held_out,corridor,5,58.32303193754793,58.32303193754793,-25.00032414545593,25.00032414545593,-81.36381786134343,81.36381786134343,54.89572464811577,False,
110+10088::AM,110+10088,AM,VA606_EB,EASTBOUND,38023.0,503.0,3.0,3.0,7.5,7.75,8.5,7.368214226962432,8.04659922543752,9.618917159568174,135.04217595634455,0.3014102788277306,ridge_core,core_network,full_network,True,constrained,aggregate_all_days,corridor_held_out,corridor,5,-7.90714638225408,7.90714638225408,17.79595352625119,17.79595352625119,67.13502957409041,67.13502957409041,30.946043160865223,False,
110+10089::AM,110+10089,AM,VA606_EB,EASTBOUND,,,,6.0,7.25,8.25,9.375,6.83412764221455,7.903975611822957,9.790258815186265,177.36787037830285,0.3619081519081981,ridge_core,core_network,full_network,True,constrained,aggregate_all_days,corridor_held_out,corridor,5,-24.952341467127024,24.952341467127024,-20.7614632906226,20.7614632906226,24.915528911175784,24.915528911175784,23.54311122297513,False,
110+10089::MD,110+10089,MD,VA606_EB,EASTBOUND,,,,6.0,11.25,14.5,18.0,10.37321714277218,11.71864315964343,13.725315129036993,201.12587917588868,0.401368343760868,ridge_core,core_network,full_network,True,constrained,aggregate_all_days,corridor_held_out,corridor,5,-52.60697143366919,52.60697143366919,-166.88141042139424,166.88141042139424,-256.48109225778046,256.48109225778046,158.65649137094798,False,
110+10089::PM,110+10089,PM,VA606_EB,EASTBOUND,,,,3.0,12.5,16.5,19.0,15.011319353848268,16.803131562993798,18.817653159848188,228.3800283599953,0.4707448953428882,ridge_core,core_network,full_network,True,constrained,aggregate_all_days,corridor_held_out,corridor,5,150.6791612308961,150.6791612308961,18.18789377962787,18.18789377962787,-10.94081040910872,10.94081040910872,59.93595513987757,False,
110+10094::AM,110+10094,AM,VA611_NB,NORTHBOUND,,,,5.0,5.75,6.0,7.0,6.83412764221455,7.903975611822957,9.790258815186265,177.36787037830285,0.3619081519081981,ridge_core,core_network,full_network,True,constrained,aggregate_all_days,corridor_held_out,corridor,5,65.04765853287297,65.04765853287297,114.2385367093774,114.2385367093774,167.41552891117578,167.41552891117578,115.56724138447538,False,
110+10094::MD,110+10094,MD,VA611_NB,NORTHBOUND,,,,1.0,9.75,10.25,11.5,10.37321714277218,11.71864315964343,13.725315129036993,201.12587917588868,0.401368343760868,ridge_core,core_network,full_network,True,constrained,aggregate_all_days,corridor_held_out,corridor,5,37.39302856633081,37.39302856633081,88.11858957860576,88.11858957860576,133.51890774221957,133.51890774221957,86.34350862905205,False,
110+10094::PM,110+10094,PM,VA611_NB,NORTHBOUND,,,,7.0,15.75,17.25,19.25,15.011319353848268,16.803131562993798,18.817653159848188,228.3800283599953,0.4707448953428882,ridge_core,core_network,full_network,True,constrained,aggregate_all_days,corridor_held_out,corridor,5,-44.3208387691039,44.3208387691039,-26.81210622037213,26.81210622037213,-25.94081040910872,25.94081040910872,32.35791846619492,False,
110+10095::AM,110+10095,AM,VA611_NB,NORTHBOUND,35016.0,404.0,4.0,6.0,7.625,7.875,12.0,6.522911204801416,7.509192338077581,9.417121184431371,173.6525987777974,0.3407773244573866,ridge_core,core_network,full_network,True,constrained,aggregate_all_days,corridor_held_out,corridor,5,-66.12532771191502,66.12532771191502,-21.94845971534516,21.94845971534516,-154.9727289341176,154.9727289341176,81.0155054537926,False,
110+10095::MD,110+10095,MD,VA611_NB,NORTHBOUND,35016.0,404.0,4.0,8.0,8.25,10.75,14.0,10.14538991124532,11.393684334699516,13.404936825649958,195.5728148642784,0.3829656256634054,ridge_core,core_network,full_network,True,constrained,aggregate_all_days,corridor_held_out,corridor,5,113.72339467471916,113.72339467471916,38.62106008197088,38.62106008197088,-35.7037904610025,35.7037904610025,62.68274840589751,False,
110+10095::PM,110+10095,PM,VA611_NB,NORTHBOUND,35016.0,404.0,4.0,8.0,14.25,15.5,18.25,14.798564758983286,16.467913324656042,18.49055229874157,221.51925238549703,0.4521544419356434,ridge_core,core_network,full_network,True,constrained,aggregate_all_days,corridor_held_out,corridor,5,32.91388553899715,32.91388553899715,58.07479947936251,58.07479947936251,14.433137924494162,14.433137924494162,35.14060764761794,False,
110+10096::AM,110+10096,AM,VA611_NB,NORTHBOUND,35016.0,404.0,4.0,8.0,6.0,7.875,10.125,6.522911204801416,7.509192338077581,9.417121184431371,173.6525987777974,0.3407773244573866,ridge_core,core_network,full_network,True,constrained,aggregate_all_days,corridor_held_out,corridor,5,31.374672288084984,31.374672288084984,-21.94845971534516,21.94845971534516,-42.47272893411761,42.47272893411761,31.93195364584925,False,
110+10096::MD,110+10096,MD,VA611_NB,NORTHBOUND,35016.0,404.0,4.0,8.0,6.5,10.75,13.0,10.14538991124532,11.393684334699516,13.404936825649958,195.5728148642784,0.3829656256634054,ridge_core,core_network,full_network,True,constrained,aggregate_all_days,corridor_held_out,corridor,5,218.7233946747192,218.7233946747192,38.62106008197088,38.62106008197088,24.296209538997505,24.296209538997505,93.88022143189583,False,
110+10096::PM,110+10096,PM,VA611_NB,NORTHBOUND,35016.0,404.0,4.0,6.0,14.75,16.25,18.25,14.798564758983286,16.467913324656042,18.49055229874157,221.51925238549703,0.4521544419356434,ridge_core,core_network,full_network,True,constrained,aggregate_all_days,corridor_held_out,corridor,5,2.9138855389971496,2.9138855389971496,13.074799479362513,13.074799479362513,14.433137924494162,14.433137924494162,10.14060764761794,False,
110+10954::AM,110+10954,AM,VA620_EB,EASTBOUND,29688.0,603.0,3.0,4.0,8.125,8.5,9.625,6.824057176836275,7.658692712147824,9.202968927243298,142.73470502442132,0.3508476239897282,ridge_core,core_network,full_network,True,constrained,aggregate_all_days,corridor_held_out,corridor,5,-78.0565693898235,78.0565693898235,-50.47843727113053,50.47843727113053,-25.32186436540215,25.32186436540215,51.28562367545206,False,
110+10954::MD,110+10954,MD,VA620_EB,EASTBOUND,29688.0,603.0,3.0,5.0,8.75,9.25,10.75,10.607101051197938,11.686319364977422,13.460037634156087,171.17619497748893,0.3782833169955936,ridge_core,core_network,full_network,True,constrained,aggregate_all_days,corridor_held_out,corridor,5,111.42606307187631,111.42606307187631,146.1791618986453,146.1791618986453,162.60225804936525,162.60225804936525,140.06916100662897,False,
110+10955::AM,110+10955,AM,VA620_EB,EASTBOUND,29682.0,503.0,3.0,9.0,7.5,8.75,9.5,7.089179613994217,7.885034527333376,9.50816640437549,145.1392074228764,0.3290034143649534,ridge_core,core_network,full_network,True,constrained,aggregate_all_days,corridor_held_out,corridor,5,-24.649223160346985,24.649223160346985,-51.89792835999743,51.89792835999743,0.4899842625294326,0.4899842625294326,25.67904526095795,False,
110+10955::MD,110+10955,MD,VA620_EB,EASTBOUND,29682.0,503.0,3.0,1.0,7.25,9.25,10.75,10.847437798144163,11.879749977500907,13.74290679685324,173.7281399225445,0.3565267595049344,ridge_core,core_network,full_network,True,constrained,aggregate_all_days,corridor_held_out,corridor,5,215.8462678886498,215.8462678886498,157.78499865005443,157.78499865005443,179.57440781119433,179.57440781119433,184.4018914499662,False,
110+10955::PM,110+10955,PM,VA620_EB,EASTBOUND,29682.0,503.0,3.0,15.0,15.0,16.75,18.5,15.48652725868964,16.869128151128287,18.717399315444112,193.8523234052684,0.4279342753756452,ridge_core,core_network,full_network,True,constrained,aggregate_all_days,corridor_held_out,corridor,5,29.19163552137846,29.19163552137846,7.1476890676972005,7.1476890676972005,13.043958926646724,13.043958926646724,16.461094505240794,False,
110+10956::AM,110+10956,AM,VA620_EB,EASTBOUND,29627.0,403.0,3.0,11.0,7.0,7.75,10.0,6.687667127183773,7.738749577122833,9.73976118417649,183.125643419563,0.3443807531196173,ridge_core,core_network,full_network,True,constrained,aggregate_all_days,corridor_held_out,corridor,5,-18.73997236897361,18.73997236897361,-0.675025372629996,0.675025372629996,-15.614328949410565,15.614328949410565,11.67644223033806,False,
110+10956::MD,110+10956,MD,VA620_EB,EASTBOUND,29627.0,403.0,3.0,1.0,9.5,10.0,11.25,10.430209780332587,11.82386485675815,14.248810424876575,229.1160386726393,0.3649648670166163,ridge_core,core_network,full_network,True,constrained,aggregate_all_days,corridor_held_out,corridor,5,55.81258681995525,55.81258681995525,109.43189140548895,109.43189140548895,179.9286254925945,179.9286254925945,115.05770123934626,False,
110+10956::PM,110+10956,PM,VA620_EB,EASTBOUND,29627.0,403.0,3.0,7.0,13.75,16.75,21.0,14.91676697540357,16.735790562078734,19.01481068204056,245.88262239821955,0.4438760825632876,ridge_core,core_network,full_network,True,constrained,aggregate_all_days,corridor_held_out,corridor,5,70.00601852421423,70.00601852421423,-0.8525662752759899,0.8525662752759899,-119.1113590775663,119.1113590775663,63.32331462568551,False,
110+10957::AM,110+10957,AM,VA620_EB,EASTBOUND,29580.0,403.0,3.0,10.0,7.0,8.0,9.0,6.964979668084114,7.8284831649608275,9.694805055416632,163.78952323995114,0.316321879371375,ridge_core,core_network,full_network,True,constrained,aggregate_all_days,corridor_held_out,corridor,5,-2.1012199149531696,2.1012199149531696,-10.291010102350349,10.291010102350349,41.68830332499791,41.68830332499791,18.02684444743381,False,
110+10957::MD,110+10957,MD,VA620_EB,EASTBOUND,29580.0,403.0,3.0,9.0,10.625,11.625,15.125,10.741089610141488,11.943285386766435,14.2804334196493,212.3606285704686,0.339666288817567,ridge_core,core_network,full_network,True,constrained,aggregate_all_days,corridor_held_out,corridor,5,6.965376608489287,6.965376608489287,19.097123205986115,19.097123205986115,-50.67399482104207,50.67399482104207,25.57883154517249,False,
110+10957::PM,110+10957,PM,VA620_EB,EASTBOUND,29580.0,403.0,3.0,6.0,15.625,16.625,18.0,15.327315403701018,16.84888710885434,18.99892477442583,220.2965622434888,0.414415465132378,ridge_core,core_network,full_network,True,constrained,aggregate_all_days,corridor_held_out,corridor,5,-17.86107577793892,17.86107577793892,13.433226531260305,13.433226531260305,59.93548646554984,59.93548646554984,30.409929591583023,False,
110+10958::AM,110+10958,AM,VA620_EB,EASTBOUND,31681.0,303.0,3.0,5.0,7.5,8.0,8.75,6.674027662604097,7.65928962970111,9.73936108900951,183.92000558432483,0.3214208146525804,ridge_core,core_network,full_network,True,constrained,aggregate_all_days,corridor_held_out,corridor,5,-49.5583402437542,49.5583402437542,-20.44262221793339,20.44262221793339,59.36166534057058,59.36166534057058,43.12087593408606,False,
110+10958::PM,110+10958,PM,VA620_EB,EASTBOUND,31681.0,303.0,3.0,17.0,15.25,17.5,19.5,14.923147643867328,16.65359812741544,19.06630913037729,248.58968919059808,0.4176642617436986,ridge_core,core_network,full_network,True,constrained,aggregate_all_days,corridor_held_out,corridor,5,-19.611141367960343,19.611141367960343,-50.78411235507368,50.78411235507368,-26.02145217736229,26.02145217736229,32.13890196679877,False,
110+10959::AM,110+10959,AM,VA620_EB,EASTBOUND,28765.0,303.0,3.0,8.0,6.125,8.375,10.625,6.779384757622593,7.752977383286716,9.789245292214028,180.591632075486,0.3234676871153703,ridge_core,core_network,full_network,True,constrained,aggregate_all_days,corridor_held_out,corridor,5,39.2630854573556,39.2630854573556,-37.32135700279706,37.32135700279706,-50.14528246715841,50.14528246715841,42.24324164243702,False,
110+13157::PM,110+13157,PM,VA640_EB,EASTBOUND,38178.0,403.0,3.0,3.0,15.75,16.75,18.0,14.856039535718416,16.654401466772132,18.73110362203664,232.5038451790932,0.4640857263246906,ridge_core,core_network,full_network,True,constrained,aggregate_all_days,corridor_held_out,corridor,5,-53.63762785689502,53.63762785689502,-5.735911993672076,5.735911993672076,43.866217322198295,43.866217322198295,34.4132523909218,False,
110+13158::PM,110+13158,PM,VA640_EB,EASTBOUND,38313.0,403.0,3.0,10.0,16.0,17.125,18.5,15.21021864163012,16.78113253974772,18.66502325805422,207.288276985446,0.4547041215151484,ridge_core,core_network,full_network,True,constrained,aggregate_all_days,corridor_held_out,corridor,5,-47.38688150219275,47.38688150219275,-20.632047615136813,20.632047615136813,9.901395483253168,9.901395483253168,25.973441533527577,False,
110+13161::AM,110+13161,AM,VA640_EB,EASTBOUND,38295.0,303.0,3.0,3.0,7.25,7.5,8.5,6.830405751391436,7.695999306903748,9.518097428085222,161.26150060162718,0.3220583532770046,ridge_core,core_network,full_network,True,constrained,aggregate_all_days,corridor_held_out,corridor,5,-25.17565491651384,25.17565491651384,11.759958414224894,11.759958414224894,61.08584568511329,61.08584568511329,32.673819671950675,False,
110+13162::AM,110+13162,AM,VA640_EB,EASTBOUND,38300.0,503.0,3.0,1.0,7.25,7.5,8.25,6.936516365157646,7.7493529881146,9.335655701127948,143.94836015821812,0.3388034245323283,ridge_core,core_network,full_network,True,constrained,aggregate_all_days,corridor_held_out,corridor,5,-18.809018090541265,18.809018090541265,14.961179286875996,14.961179286875996,65.13934206767686,65.13934206767686,32.96984648169804,False,
110+13162::PM,110+13162,PM,VA640_EB,EASTBOUND,38300.0,503.0,3.0,1.0,15.25,15.5,18.0,15.34044529299728,16.738559075694372,18.519896927838268,190.76709809045923,0.4397342508300224,ridge_core,core_network,full_network,True,constrained,aggregate_all_days,corridor_held_out,corridor,5,5.426717579836833,5.426717579836833,74.31354454166232,74.31354454166232,31.19381567029606,31.19381567029606,36.978025930598406,False,
110+13163::AM,110+13163,AM,VA640_EB,EASTBOUND,40079.0,403.0,3.0,1.0,5.75,6.0,8.25,6.636117526924211,7.686904936455225,9.530450958168114,173.6600058746341,0.3630498816024161,ridge_core,core_network,full_network,True,constrained,aggregate_all_days,corridor_held_out,corridor,5,53.167051615452685,53.167051615452685,101.21429618731348,101.21429618731348,76.82705749008683,76.82705749008683,77.069468430951,False,
110+13721::AM,110+13721,AM,VA620_EB,EASTBOUND,29692.0,203.0,3.0,8.0,7.125,7.625,9.0,6.860824853536685,7.934775869564819,9.920863257220727,183.6023042210426,0.3509599796967196,ridge_core,core_network,full_network,True,constrained,aggregate_all_days,corridor_held_out,corridor,5,-15.850508787798905,15.850508787798905,18.586552173889164,18.586552173889164,55.251795433243736,55.251795433243736,29.896285464977268,False,
110+13721::MD,110+13721,MD,VA620_EB,EASTBOUND,29692.0,203.0,3.0,2.0,11.375,12.25,13.375,10.589996947129045,11.986571998651277,14.29908366219863,222.5452029041751,0.376528013175888,ridge_core,core_network,full_network,True,constrained,aggregate_all_days,corridor_held_out,corridor,5,-47.10018317225732,47.10018317225732,-15.805680080923388,15.805680080923388,55.44501973191778,55.44501973191778,39.45029432836616,False,
110+13721::PM,110+13721,PM,VA620_EB,EASTBOUND,29692.0,203.0,3.0,6.0,15.0,17.0,18.25,15.088634709885769,16.9277877350774,19.15123319516655,243.75590911684705,0.4527036161351103,ridge_core,core_network,full_network,True,constrained,aggregate_all_days,corridor_held_out,corridor,5,5.318082593146016,5.318082593146016,-4.332735895356095,4.332735895356095,54.07399170999305,54.07399170999305,21.241603399498388,False,
110+13724::AM,110+13724,AM,VA620_EB,EASTBOUND,29675.0,203.0,3.0,1.0,8.5,8.75,11.25,6.900908444447629,7.97264900568041,9.960321168551232,183.5647634462161,0.3503092449047706,ridge_core,core_network,full_network,True,constrained,aggregate_all_days,corridor_held_out,corridor,5,-95.94549333314224,95.94549333314224,-46.64105965917543,46.64105965917543,-77.38072988692608,77.38072988692608,73.32242762641458,False,
110+13724::MD,110+13724,MD,VA620_EB,EASTBOUND,29675.0,203.0,3.0,9.0,8.25,11.875,13.25,10.596207895748233,11.97895832940561,14.246384056519206,219.01056964625843,0.3788174522966913,ridge_core,core_network,full_network,True,constrained,aggregate_all_days,corridor_held_out,corridor,5,140.77247374489394,140.77247374489394,6.237499764336647,6.237499764336647,59.78304339115237,59.78304339115237,68.93100563346098,False,
110+13724::PM,110+13724,PM,VA620_EB,EASTBOUND,29675.0,203.0,3.0,8.0,13.75,16.0,18.125,15.114097459583755,16.945535101392714,19.156357636687844,242.53561062624536,0.4530726775536298,ridge_core,core_network,full_network,True,constrained,aggregate_all_days,corridor_held_out,corridor,5,81.84584757502532,81.84584757502532,56.73210608356285,56.73210608356285,61.88145820127062,61.88145820127062,66.81980395328627,False,
110+13725::PM,110+13725,PM,VA620_EB,EASTBOUND,29624.0,403.0,3.0,1.0,16.0,16.5,17.5,14.960025914580186,16.746441335396334,18.938987508896663,238.7376956589888,0.4489652333834663,ridge_core,core_network,full_network,True,constrained,aggregate_all_days,corridor_held_out,corridor,5,-62.39844512518886,62.39844512518886,14.786480123780024,14.786480123780024,86.33925053379997,86.33925053379997,54.50805859425628,False,
110+13726::AM,110+13726,AM,VA620_EB,EASTBOUND,29534.0,403.0,3.0,13.0,7.0,8.25,9.75,6.692677751280142,7.742749959941992,9.738957959516569,182.77681249418555,0.3447063752778559,ridge_core,core_network,full_network,True,constrained,aggregate_all_days,corridor_held_out,corridor,5,-18.43933492319149,18.43933492319149,-30.435002403480453,30.435002403480453,-0.6625224290058895,0.6625224290058895,16.512286585225944,False,
110+13726::PM,110+13726,PM,VA620_EB,EASTBOUND,29534.0,403.0,3.0,19.0,14.0,16.5,20.0,14.939403276133389,16.73204646828743,18.9480962607818,240.52157907890447,0.4471889463770621,ridge_core,core_network,full_network,True,constrained,aggregate_all_days,corridor_held_out,corridor,5,56.36419656800321,56.36419656800321,13.922788097245729,13.922788097245729,-63.114224353092254,63.114224353092254,44.4670696727804,False,
110+57904::AM,110+57904,AM,VA645_NB,NORTHBOUND,29906.0,403.0,3.0,10.0,7.25,7.75,8.75,6.707118165134999,7.75343117436409,9.745426914573908,182.29852496633453,0.3443734970721183,ridge_core,core_network,full_network,True,constrained,aggregate_all_days,corridor_held_out,corridor,5,-32.57291009190009,32.57291009190009,0.2058704618454143,0.2058704618454143,59.7256148744345,59.7256148744345,30.83479847606,False,
110+57904::MD,110+57904,MD,VA645_NB,NORTHBOUND,29906.0,403.0,3.0,6.0,14.5,14.75,16.0,10.407173793458313,11.784577979452171,14.150110718318391,224.5762154916047,0.368000907748492,ridge_core,core_network,full_network,True,constrained,aggregate_all_days,corridor_held_out,corridor,5,-245.56957239250124,245.56957239250124,-177.92532123286972,177.92532123286972,-110.99335690089652,110.99335690089652,178.1627501754225,False,
110+57904::PM,110+57904,PM,VA645_NB,NORTHBOUND,29906.0,403.0,3.0,12.0,14.5,15.75,19.125,14.895791095325228,16.735437746943003,19.066331095411776,250.2324000051929,0.4411051450362779,ridge_core,core_network,full_network,True,constrained,aggregate_all_days,corridor_held_out,corridor,5,23.747465719513663,23.747465719513663,59.12626481658016,59.12626481658016,-3.520134275293429,3.520134275293429,28.797954937129088,False,
110+57905::AM,110+57905,AM,VA645_NB,NORTHBOUND,29488.0,403.0,3.0,13.0,6.25,8.0,10.0,6.709423479115072,7.756264624874692,9.734885019342352,181.5276924136368,0.3460103960472024,ridge_core,core_network,full_network,True,constrained,aggregate_all_days,corridor_held_out,corridor,5,27.56540874690433,27.56540874690433,-14.624122507518464,14.624122507518464,-15.906898839458885,15.906898839458885,19.36547669796056,False,
110+57905::MD,110+57905,MD,VA645_NB,NORTHBOUND,29488.0,403.0,3.0,3.0,8.25,10.0,13.25,10.451482796257364,11.846220237056611,14.267601565244878,228.9671261392509,0.3654858575508377,ridge_core,core_network,full_network,True,constrained,aggregate_all_days,corridor_held_out,corridor,5,132.08896777544174,132.08896777544174,110.77321422339668,110.77321422339668,61.05609391469265,61.05609391469265,101.30609197117704,False,
110+57905::PM,110+57905,PM,VA645_NB,NORTHBOUND,29488.0,403.0,3.0,3.0,14.25,17.25,21.75,14.911846714088613,16.75593414138609,19.08543670483672,250.41539944488613,0.4418468108715517,ridge_core,core_network,full_network,True,constrained,aggregate_all_days,corridor_held_out,corridor,5,39.71080284531666,39.71080284531666,-29.64395151683469,29.64395151683469,-159.8737977097972,159.8737977097972,76.40951735731619,False,
110+57907::AM,110+57907,AM,VA645_NB,NORTHBOUND,29497.0,503.0,3.0,5.0,7.0,7.5,9.25,6.89709939333674,7.787478291245035,9.498676335548666,156.0946165327156,0.3422458446111813,ridge_core,core_network,full_network,True,constrained,aggregate_all_days,corridor_held_out,corridor,5,-6.174036399795604,6.174036399795604,17.24869747470212,17.24869747470212,14.920580132919952,14.920580132919952,12.781104669139223,False,
110+57907::PM,110+57907,PM,VA645_NB,NORTHBOUND,29497.0,503.0,3.0,19.0,14.25,16.5,19.5,15.276079988905582,16.812507692763145,18.81613386942156,212.4032328309583,0.4340125195025631,ridge_core,core_network,full_network,True,constrained,aggregate_all_days,corridor_held_out,corridor,5,61.56479933433495,61.56479933433495,18.750461565788683,18.750461565788683,-41.03196783470665,41.03196783470665,40.44907624494343,False,
110+57908::AM,110+57908,AM,VA645_NB,NORTHBOUND,29506.0,603.0,3.0,7.0,6.25,7.25,9.25,6.662108106751955,7.585115184077661,9.189789879028115,151.6609063365697,0.3651595257952682,ridge_core,core_network,full_network,True,constrained,aggregate_all_days,corridor_held_out,corridor,5,24.726486405117285,24.726486405117285,20.106911044659643,20.106911044659643,-3.612607258313077,3.612607258313077,16.14866823603,False,
110+57908::MD,110+57908,MD,VA645_NB,NORTHBOUND,29506.0,603.0,3.0,4.0,9.75,10.5,11.5,10.499714432307368,11.700625450179658,13.646716825912474,188.82014361630632,0.3816047360855559,ridge_core,core_network,full_network,True,constrained,aggregate_all_days,corridor_held_out,corridor,5,44.98286593844206,44.98286593844206,72.03752701077946,72.03752701077946,128.80300955474843,128.80300955474843,81.94113416798997,False,
110+57908::PM,110+57908,PM,VA645_NB,NORTHBOUND,29506.0,603.0,3.0,11.0,13.75,17.0,20.0,15.037880080442736,16.61373734419013,18.45856522088304,205.2411084264183,0.4606846871456147,ridge_core,core_network,full_network,True,constrained,aggregate_all_days,corridor_held_out,corridor,5,77.27280482656418,77.27280482656418,-23.175759348592138,23.175759348592138,-92.4860867470175,92.4860867470175,64.31155030739127,False,
110+57909::AM,110+57909,AM,VA645_NB,NORTHBOUND,29516.0,603.0,3.0,1.0,6.75,8.5,9.5,6.696591089374,7.616830088272136,9.179516760413566,148.97554026237393,0.3706268816790014,ridge_core,core_network,full_network,True,constrained,aggregate_all_days,corridor_held_out,corridor,5,-3.204534637559977,3.204534637559977,-52.99019470367181,52.99019470367181,-19.22899437518602,19.22899437518602,25.141241238805936,False,
110+57909::MD,110+57909,MD,VA645_NB,NORTHBOUND,29516.0,603.0,3.0,5.0,9.75,10.5,13.5,10.51628808388648,11.709847042509622,13.582682717586668,183.98367802201133,0.3892385361967864,ridge_core,core_network,full_network,True,constrained,aggregate_all_days,corridor_held_out,corridor,5,45.97728503318877,45.97728503318877,72.59082255057734,72.59082255057734,4.960963055200054,4.960963055200054,41.17635687965539,False,
110+57909::PM,110+57909,PM,VA645_NB,NORTHBOUND,29516.0,603.0,3.0,15.0,14.75,16.5,19.0,15.071905321861053,16.63695413563028,18.41795755036885,200.76313371046788,0.4677299417012313,ridge_core,core_network,full_network,True,constrained,aggregate_all_days,corridor_held_out,corridor,5,19.314319311663155,19.314319311663155,8.217248137816782,8.217248137816782,-34.922546977868976,34.922546977868976,20.81803814244964,False,
110+57916::AM,110+57916,AM,VA645_NB,NORTHBOUND,,,,6.0,7.0,8.0,9.5,6.83412764221455,7.903975611822957,9.790258815186265,177.36787037830285,0.3619081519081981,ridge_core,core_network,full_network,True,constrained,aggregate_all_days,corridor_held_out,corridor,5,-9.952341467127024,9.952341467127024,-5.761463290622597,5.761463290622597,17.415528911175784,17.415528911175784,11.043111222975137,False,
110+57916::MD,110+57916,MD,VA645_NB,NORTHBOUND,,,,10.0,11.0,12.0,13.5,10.37321714277218,11.71864315964343,13.725315129036993,201.12587917588868,0.401368343760868,ridge_core,core_network,full_network,True,constrained,aggregate_all_days,corridor_held_out,corridor,5,-37.60697143366919,37.60697143366919,-16.881410421394243,16.881410421394243,13.518907742219568,13.518907742219568,22.66909653242767,False,
110+57916::PM,110+57916,PM,VA645_NB,NORTHBOUND,,,,7.0,16.25,16.75,19.0,15.011319353848268,16.803131562993798,18.817653159848188,228.3800283599953,0.4707448953428882,ridge_core,core_network,full_network,True,constrained,aggregate_all_days,corridor_held_out,corridor,5,-74.3208387691039,74.3208387691039,3.1878937796278706,3.1878937796278706,-10.94081040910872,10.94081040910872,29.48318098594683,False,
110+57917::MD,110+57917,MD,VA645_NB,NORTHBOUND,29763.0,403.0,3.0,4.0,11.625,11.875,13.25,10.3972516745018,11.750005829053702,14.018022886935398,217.24627274601588,0.373609398436055,ridge_core,core_network,full_network,True,constrained,aggregate_all_days,corridor_held_out,corridor,5,-73.66489952989205,73.66489952989205,-7.499650256777883,7.499650256777883,46.08137321612389,46.08137321612389,42.41530766759794,False,
110+57917::PM,110+57917,PM,VA645_NB,NORTHBOUND,29763.0,403.0,3.0,1.0,15.75,16.0,18.75,14.949886783250232,16.730994270975845,18.91945968893215,238.1743743409152,0.4486899548251636,ridge_core,core_network,full_network,True,constrained,aggregate_all_days,corridor_held_out,corridor,5,-48.00679300498608,48.00679300498608,43.85965625855072,43.85965625855072,10.167581335929016,10.167581335929016,34.01134353315527,False,
110+57918::AM,110+57918,AM,VA645_NB,NORTHBOUND,30879.0,403.0,3.0,2.0,5.75,6.125,7.75,6.454827663048579,7.6334128822866045,9.763170688669216,198.5005815372383,0.3562463777518733,ridge_core,core_network,full_network,True,constrained,aggregate_all_days,corridor_held_out,corridor,5,42.28965978291471,42.28965978291471,90.50477293719626,90.50477293719626,120.790241320153,120.790241320153,84.52822468008799,False,
110+57918::MD,110+57918,MD,VA645_NB,NORTHBOUND,30879.0,403.0,3.0,2.0,13.75,14.25,16.0,10.319930690619486,11.875857572152633,14.615474065778002,257.732602509511,0.3622188732934699,ridge_core,core_network,full_network,True,constrained,aggregate_all_days,corridor_held_out,corridor,5,-205.8041585628308,205.8041585628308,-142.44854567084204,142.44854567084204,-83.07155605331985,83.07155605331985,143.77475342899757,False,
110+57918::PM,110+57918,PM,VA645_NB,NORTHBOUND,30879.0,403.0,3.0,5.0,16.5,17.5,19.5,14.6580593915315,16.678482440718906,19.127965008406026,268.1943370124713,0.4520057518798664,ridge_core,core_network,full_network,True,constrained,aggregate_all_days,corridor_held_out,corridor,5,-110.51643650811008,110.51643650811008,-49.29105355686566,49.29105355686566,-22.322099495638668,22.322099495638668,60.70986318687147,False,
110+57919::AM,110+57919,AM,VA645_NB,NORTHBOUND,31072.0,403.0,3.0,5.0,7.0,7.5,8.25,6.71516716777549,7.759920006817621,9.7435949074954,181.70566438319463,0.3449819275327193,ridge_core,core_network,full_network,True,constrained,aggregate_all_days,corridor_held_out,corridor,5,-17.089969933470623,17.089969933470623,15.595200409057275,15.595200409057275,89.61569444972409,89.61569444972409,40.76695493075066,False,
110+57919::PM,110+57919,PM,VA645_NB,NORTHBOUND,31072.0,403.0,3.0,2.0,14.125,16.25,17.75,14.936156187013786,16.72958609584482,18.948993829299265,240.77025853712863,0.4469231174300888,ridge_core,core_network,full_network,True,constrained,aggregate_all_days,corridor_held_out,corridor,5,48.66937122082717,48.66937122082717,28.77516575068917,28.77516575068917,71.93962975795593,71.93962975795593,49.79472224315742,False,
110+57920::AM,110+57920,AM,VA645_NB,NORTHBOUND,30808.0,403.0,3.0,3.0,6.0,7.75,10.75,6.745751052567744,7.784778605759986,9.734877949656347,179.3476138253162,0.3476023564620995,ridge_core,core_network,full_network,True,constrained,aggregate_all_days,corridor_held_out,corridor,5,44.74506315406465,44.74506315406465,2.086716345599182,2.086716345599182,-60.90732302061916,60.90732302061916,35.91303417342767,False,
110+57921::AM,110+57921,AM,VA645_NB,NORTHBOUND,30790.0,403.0,3.0,1.0,6.0,8.75,11.0,6.510328315270124,7.680009365628584,9.740292658796896,193.79786061160632,0.3621343538056815,ridge_core,core_network,full_network,True,constrained,aggregate_all_days,corridor_held_out,corridor,5,30.619698916207447,30.619698916207447,-64.19943806228494,64.19943806228494,-75.58244047218622,75.58244047218622,56.80052581689287,False,
110+57921::MD,110+57921,MD,VA645_NB,NORTHBOUND,30790.0,403.0,3.0,1.0,12.25,12.5,14.75,10.314652804288157,11.845918720957329,14.410077825660537,245.7255012823427,0.3738967039264814,ridge_core,core_network,full_network,True,constrained,aggregate_all_days,corridor_held_out,corridor,5,-116.1208317427106,116.1208317427106,-39.24487674256028,39.24487674256028,-20.39533046036791,20.39533046036791,58.5870129818796,False,
110+57921::PM,110+57921,PM,VA645_NB,NORTHBOUND,30790.0,403.0,3.0,2.0,15.125,16.5,21.25,14.70565169715582,16.69887299891297,19.035130142910155,259.7687067452602,0.460383699036956,ridge_core,core_network,full_network,True,constrained,aggregate_all_days,corridor_held_out,corridor,5,-25.160898170650867,25.160898170650867,11.932379934778297,11.932379934778297,-132.89219142539068,132.89219142539068,56.66182317693995,False,
110+57952::AM,110+57952,AM,VA619_NB,NORTHBOUND,39356.0,503.0,3.0,5.0,7.0,7.75,9.25,7.0024472680449525,7.802984787341323,9.328263874770084,139.54899640350786,0.3441963209745794,ridge_core,core_network,full_network,True,constrained,aggregate_all_days,corridor_held_out,corridor,5,0.1468360826971526,0.1468360826971526,3.17908724047939,3.17908724047939,4.6958324862050205,4.6958324862050205,2.673918603127188,False,
110+57952::MD,110+57952,MD,VA619_NB,NORTHBOUND,39356.0,503.0,3.0,2.0,13.0,13.375,15.75,10.774018266378654,11.82977861610093,13.646186549647933,172.33009699615673,0.3675830402668967,ridge_core,core_network,full_network,True,constrained,aggregate_all_days,corridor_held_out,corridor,5,-133.55890401728075,133.55890401728075,-92.71328303394424,92.71328303394424,-126.22880702112404,126.22880702112404,117.50033135744968,False,
110+57952::PM,110+57952,PM,VA619_NB,NORTHBOUND,39356.0,503.0,3.0,16.0,14.5,16.75,18.875,15.38661520907242,16.7853367406505,18.54980611688904,189.79145446899736,0.442186884174987,ridge_core,core_network,full_network,True,constrained,aggregate_all_days,corridor_held_out,corridor,5,53.19691254434513,53.19691254434513,2.120204439030005,2.120204439030005,-19.511632986657546,19.511632986657546,24.94291665667756,False,
110+57954::MD,110+57954,MD,VA619_NB,NORTHBOUND,39264.0,503.0,3.0,1.0,8.75,9.0,9.75,10.719223908451715,11.776497372567668,13.614400790486275,173.7106129220737,0.3651844108996074,ridge_core,core_network,full_network,True,constrained,aggregate_all_days,corridor_held_out,corridor,5,118.1534345071029,118.1534345071029,166.5898423540601,166.5898423540601,231.8640474291765,231.8640474291765,172.20244143011317,False,
110+57954::PM,110+57954,PM,VA619_NB,NORTHBOUND,39264.0,503.0,3.0,8.0,15.375,16.0,16.75,15.34399159541624,16.740307720705303,18.516043094382955,190.3230899380028,0.4401933971576152,ridge_core,core_network,full_network,True,constrained,aggregate_all_days,corridor_held_out,corridor,5,-1.860504275025612,1.860504275025612,44.41846324231818,44.41846324231818,105.96258566297728,105.96258566297728,50.74718439344036,False,
110+58118::AM,110+58118,AM,VA640_EB,EASTBOUND,35817.0,404.0,4.0,6.0,8.0,8.5,10.0,7.1103651655518645,7.776597554928582,9.549934207405782,146.374142511235,0.2730942957328329,ridge_core,core_network,full_network,True,constrained,aggregate_all_days,corridor_held_out,corridor,5,-53.37809006688813,53.37809006688813,-43.40414670428508,43.40414670428508,-27.00394755565309,27.00394755565309,41.26206144227544,False,
110+58118::MD,110+58118,MD,VA640_EB,EASTBOUND,35817.0,404.0,4.0,11.0,11.375,12.25,13.875,10.833139495587714,11.712428608888349,13.753632243143132,175.2295648533251,0.3010756024087505,ridge_core,core_network,full_network,True,constrained,aggregate_all_days,corridor_held_out,corridor,5,-32.51163026473716,32.51163026473716,-32.25428346669908,32.25428346669908,-7.282065411412084,7.282065411412084,24.015993047616103,False,
110+58118::PM,110+58118,PM,VA640_EB,EASTBOUND,35817.0,404.0,4.0,6.0,14.375,16.625,17.625,15.556216789860374,16.72320746874993,18.7225040281876,189.97723429963312,0.3685675338495469,ridge_core,core_network,full_network,True,constrained,aggregate_all_days,corridor_held_out,corridor,5,70.87300739162242,70.87300739162242,5.892448124995795,5.892448124995795,65.8502416912556,65.8502416912556,47.538565735957945,False,
110+58119::PM,110+58119,PM,VA640_EB,EASTBOUND,35930.0,304.0,4.0,17.0,15.5,17.5,19.0,15.685092250979942,16.91344313316166,18.86192885676671,190.6101963472062,0.386658501713376,ridge_core,core_network,full_network,True,constrained,aggregate_all_days,corridor_held_out,corridor,5,11.105535058796503,11.105535058796503,-35.19341201030038,35.19341201030038,-8.28426859399741,8.28426859399741,18.19440522103143,False,
110+58164::AM,110+58164,AM,VA620_EB,EASTBOUND,36111.0,403.0,3.0,10.0,7.0,7.375,8.5,6.833102768051994,7.8296941186378035,9.848521689493955,180.9251352865178,0.3304984735285944,ridge_core,core_network,full_network,True,constrained,aggregate_all_days,corridor_held_out,corridor,5,-10.013833916880372,10.013833916880372,27.28164711826821,27.28164711826821,80.91130136963741,80.91130136963741,39.40226080159533,False,
110+58164::PM,110+58164,PM,VA620_EB,EASTBOUND,36111.0,403.0,3.0,1.0,15.0,15.25,16.0,15.128425987308184,16.841635814624752,19.0959149448028,238.04933744967653,0.4318121223955281,ridge_core,core_network,full_network,True,constrained,aggregate_all_days,corridor_held_out,corridor,5,7.70555923849102,7.70555923849102,95.49814887748512,95.49814887748512,185.7548966881676,185.7548966881676,96.31953493471455,False,
110+58165::AM,110+58165,AM,VA620_EB,EASTBOUND,36567.0,403.0,3.0,5.0,7.0,8.0,9.25,6.861142716808079,7.854154078633344,9.838880668359998,178.6642770931152,0.3334784248922016,ridge_core,core_network,full_network,True,constrained,aggregate_all_days,corridor_held_out,corridor,5,-8.331436991515275,8.331436991515275,-8.750755281999378,8.750755281999378,35.332840101599885,35.332840101599885,17.471677458371513,False,
110+58165::PM,110+58165,PM,VA620_EB,EASTBOUND,36567.0,403.0,3.0,9.0,14.5,15.75,18.5,15.156657354068788,16.86357781143959,19.09726490508692,236.4364530610877,0.4331617486064527,ridge_core,core_network,full_network,True,constrained,aggregate_all_days,corridor_held_out,corridor,5,39.39944124412726,39.39944124412726,66.81466868637543,66.81466868637543,35.83589430521499,35.83589430521499,47.350001411905886,False,
110+58166::AM,110+58166,AM,VA620_EB,EASTBOUND,30861.0,603.0,3.0,17.0,6.75,8.0,9.75,6.628930099288663,7.554624366676959,9.215930220973132,155.2200073010682,0.3578253667748381,ridge_core,core_network,full_network,True,constrained,aggregate_all_days,corridor_held_out,corridor,5,-7.264194042680216,7.264194042680216,-26.722537999382432,26.722537999382432,-32.044186741612,32.044186741612,22.010306261224883,False,
110+58166::MD,110+58166,MD,VA620_EB,EASTBOUND,30861.0,603.0,3.0,4.0,10.75,11.125,12.25,10.55047522049616,11.766740327991936,13.845899437212957,197.7254530030077,0.3690769465509153,ridge_core,core_network,full_network,True,constrained,aggregate_all_days,corridor_held_out,corridor,5,-11.97148677023037,11.97148677023037,38.504419679516175,38.504419679516175,95.75396623277727,95.75396623277727,48.743290894174606,False,
110+58166::PM,110+58166,PM,VA620_EB,EASTBOUND,30861.0,603.0,3.0,7.0,12.25,16.25,19.0,15.006382713288591,16.582061878383975,18.431859352931298,205.5285983785625,0.4599882967702078,ridge_core,core_network,full_network,True,constrained,aggregate_all_days,corridor_held_out,corridor,5,165.38296279731549,165.38296279731549,19.92371270303849,19.92371270303849,-34.088438824122136,34.088438824122136,73.13170477482537,False,
110+58167::AM,110+58167,AM,VA620_EB,EASTBOUND,30867.0,303.0,3.0,1.0,5.0,7.5,12.25,6.530561737945185,7.651236593810984,9.806009337204266,196.52685595554485,0.3421440343357351,ridge_core,core_network,full_network,True,constrained,aggregate_all_days,corridor_held_out,corridor,5,91.83370427671107,91.83370427671107,9.07419562865906,9.07419562865906,-146.63943976774405,146.63943976774405,82.51577989103806,False,
110+58168::AM,110+58168,AM,VA620_EB,EASTBOUND,30867.0,303.0,3.0,8.0,7.0,7.5,9.0,6.530561737945185,7.651236593810984,9.806009337204266,196.52685595554485,0.3421440343357351,ridge_core,core_network,full_network,True,constrained,aggregate_all_days,corridor_held_out,corridor,5,-28.16629572328893,28.16629572328893,9.07419562865906,9.07419562865906,48.36056023225595,48.36056023225595,28.53368386140131,False,
110+58168::PM,110+58168,PM,VA620_EB,EASTBOUND,30867.0,303.0,3.0,16.0,14.375,16.75,19.25,14.708337607287143,16.620755978352342,19.02028390768328,258.71677802376814,0.4435162772990715,ridge_core,core_network,full_network,True,constrained,aggregate_all_days,corridor_held_out,corridor,5,20.000256437228607,20.000256437228607,-7.754641298859468,7.754641298859468,-13.782965539003271,13.782965539003271,13.845954425030447,False,
110-04658::AM,110-04658,AM,I95HOV_SB,SOUTHBOUND,39115.0,501.0,1.0,3.0,4.75,7.75,8.75,6.470931993495984,7.309029443611227,8.912595998001532,146.49984027033278,0.3432484766817712,ridge_core,core_network,full_network,True,constrained,aggregate_all_days,corridor_held_out,corridor,5,103.25591960975906,103.25591960975906,-26.4582333833264,26.4582333833264,9.7557598800919,9.7557598800919,46.48997095772578,False,
110-04658::MD,110-04658,MD,I95HOV_SB,SOUTHBOUND,39115.0,501.0,1.0,3.0,8.75,10.0,11.25,11.664662528335477,12.56865385118281,14.841297814700232,190.5981171818855,0.2845751058447235,ridge_core,core_network,full_network,True,constrained,aggregate_all_days,corridor_held_out,corridor,5,174.8797517001286,174.8797517001286,154.11923107096865,154.11923107096865,215.477868882014,215.477868882014,181.4922838843704,False,
110-04659::AM,110-04659,AM,I95HOV_SB,SOUTHBOUND,39108.0,501.0,1.0,4.0,5.75,7.625,9.125,6.360844515169421,7.241285564232092,8.665923669947743,138.3047492866993,0.3819569697802165,ridge_core,core_network,full_network,True,constrained,aggregate_all_days,corridor_held_out,corridor,5,36.65067091016526,36.65067091016526,-23.0228661460745,23.0228661460745,-27.544579803135427,27.544579803135427,29.07270561979173,False,
110-04659::MD,110-04659,MD,I95HOV_SB,SOUTHBOUND,39108.0,501.0,1.0,5.0,8.75,9.0,10.25,11.72416030691397,12.690468091918769,14.91453903654741,191.4227237780064,0.3028818415912094,ridge_core,core_network,full_network,True,constrained,aggregate_all_days,corridor_held_out,corridor,5,178.44961841483814,178.44961841483814,221.42808551512613,221.42808551512613,279.8723421928446,279.8723421928446,226.5833487076029,False,
110-04660::MD,110-04660,MD,I95HOV_SB,SOUTHBOUND,39103.0,501.0,1.0,5.0,9.75,10.0,11.25,11.759885101329065,12.684444825488258,14.988606998465764,193.72331382820192,0.2863547105060713,ridge_core,core_network,full_network,True,constrained,aggregate_all_days,corridor_held_out,corridor,5,120.59310607974388,120.59310607974388,161.0666895292955,161.0666895292955,224.31641990794583,224.31641990794583,168.65873850566174,False,
110-04661::MD,110-04661,MD,I95HOV_SB,SOUTHBOUND,39098.0,501.0,1.0,5.0,9.75,10.0,11.25,11.412007413852296,12.317400532305305,14.037241843360862,157.51406577051404,0.3448808640767732,ridge_core,core_network,full_network,True,constrained,aggregate_all_days,corridor_held_out,corridor,5,99.72044483113774,99.72044483113774,139.04403193831828,139.04403193831828,167.23451060165172,167.23451060165172,135.33299579036927,False,
110-04662::MD,110-04662,MD,I95HOV_SB,SOUTHBOUND,39092.0,501.0,1.0,4.0,9.0,9.625,11.0,11.289740831327997,12.227386337552687,13.766801599478974,148.62364608905864,0.3785314911448874,ridge_core,core_network,full_network,True,constrained,aggregate_all_days,corridor_held_out,corridor,5,137.3844498796798,137.3844498796798,156.14318025316123,156.14318025316123,166.00809596873844,166.00809596873844,153.17857536719316,False,
110-04663::AM,110-04663,AM,I95HOV_SB,SOUTHBOUND,31331.0,501.0,1.0,2.0,7.75,8.375,10.25,6.883205208531465,7.708195129104013,9.391377397556234,150.49033134148607,0.328920767155672,ridge_core,core_network,full_network,True,constrained,aggregate_all_days,corridor_held_out,corridor,5,-52.00768748811208,52.00768748811208,-40.00829225375924,40.00829225375924,-51.51735614662599,51.51735614662599,47.844445296165766,False,
110-04663::MD,110-04663,MD,I95HOV_SB,SOUTHBOUND,31331.0,501.0,1.0,8.0,8.75,10.0,11.75,11.42893477010989,12.3070728340095,14.117372814204373,161.30628264566883,0.3266350384486481,ridge_core,core_network,full_network,True,constrained,aggregate_all_days,corridor_held_out,corridor,5,160.73608620659343,160.73608620659343,138.42437004056995,138.42437004056995,142.04236885226226,142.04236885226226,147.0676083664752,False,
110-04664::MD,110-04664,MD,I95HOV_SB,SOUTHBOUND,31324.0,501.0,1.0,1.0,10.0,10.75,12.0,11.367857199801795,12.295092489927356,13.985911270441484,157.08324423838127,0.3541696485661205,ridge_core,core_network,full_network,True,constrained,aggregate_all_days,corridor_held_out,corridor,5,82.07143198810783,82.07143198810783,92.70554939564136,92.70554939564136,119.15467622648904,119.15467622648904,97.97721920341274,False,
110-04665::MD,110-04665,MD,I95HOV_SB,SOUTHBOUND,31318.0,501.0,1.0,1.0,10.75,11.0,12.25,11.382565121965014,12.25908982052064,14.006517994230236,157.43717233591315,0.3340474243346207,ridge_core,core_network,full_network,True,constrained,aggregate_all_days,corridor_held_out,corridor,5,37.95390731790082,37.95390731790082,75.54538923123846,75.54538923123846,105.39107965381407,105.39107965381407,72.96345873431778,False,
110-04667::AM,110-04667,AM,I95HOV_SB,SOUTHBOUND,31308.0,501.0,1.0,3.0,6.75,7.0,8.25,6.838994097603785,7.706260437461704,9.321388405296837,148.943658461583,0.3493668742190645,ridge_core,core_network,full_network,True,constrained,aggregate_all_days,corridor_held_out,corridor,5,5.339645856227104,5.339645856227104,42.37562624770227,42.37562624770227,64.28330431781009,64.28330431781009,37.33285880724649,False,
110-04667::MD,110-04667,MD,I95HOV_SB,SOUTHBOUND,31308.0,501.0,1.0,4.0,8.75,9.0,10.25,11.357874390433697,12.261346659739802,13.95542491377623,155.85303140055206,0.3478170149866865,ridge_core,core_network,full_network,True,constrained,aggregate_all_days,corridor_held_out,corridor,5,156.47246342602182,156.47246342602182,195.68079958438813,195.68079958438813,222.32549482657384,222.32549482657384,191.4929192789945,False,
110-04668::AM,110-04668,AM,I95HOV_SB,SOUTHBOUND,31302.0,501.0,1.0,5.0,6.75,7.0,9.25,6.964316173300045,7.820314323451505,9.57076383126098,156.3868594776562,0.3284156301919069,ridge_core,core_network,full_network,True,constrained,aggregate_all_days,corridor_held_out,corridor,5,12.858970398002684,12.858970398002684,49.21885940709032,49.21885940709032,19.24582987565888,19.24582987565888,27.10788656025063,False,
110-04668::MD,110-04668,MD,I95HOV_SB,SOUTHBOUND,31302.0,501.0,1.0,2.0,8.375,9.75,11.375,11.847062627222783,12.849609271162862,15.228182862940876,202.8672141430854,0.2965131595585376,ridge_core,core_network,full_network,True,constrained,aggregate_all_days,corridor_held_out,corridor,5,208.323757633367,208.323757633367,185.9765562697717,185.9765562697717,231.19097177645247,231.19097177645247,208.4970952265304,False,
110-05634::MD,110-05634,MD,US1_SB,SOUTHBOUND,29334.0,502.0,2.0,1.0,13.0,13.5,15.0,10.71445899629986,11.940656653625432,14.041974488616498,199.65092953899827,0.3685024638223051,ridge_core,core_network,full_network,True,constrained,aggregate_all_days,corridor_held_out,corridor,5,-137.13246022200835,137.13246022200835,-93.5606007824741,93.5606007824741,-57.481530683010114,57.481530683010114,96.0581972291642,False,
110-05634::PM,110-05634,PM,US1_SB,SOUTHBOUND,29334.0,502.0,2.0,1.0,15.0,17.75,18.75,15.24698648411355,16.863891835967113,18.88049506079466,218.01051460086663,0.4449983583994901,ridge_core,core_network,full_network,True,constrained,aggregate_all_days,corridor_held_out,corridor,5,14.819189046813044,14.819189046813044,-53.16648984197322,53.16648984197322,7.829703647679693,7.829703647679693,25.27179417882198,False,
110-05635::AM,110-05635,AM,US1_SB,SOUTHBOUND,29324.0,402.0,2.0,6.0,6.625,7.625,9.5,6.928182635249,7.856562231645189,9.764191368234783,170.16052397914706,0.3273542798363597,ridge_core,core_network,full_network,True,constrained,aggregate_all_days,corridor_held_out,corridor,5,18.19095811493998,18.19095811493998,13.893733898711318,13.893733898711318,15.851482094087004,15.851482094087004,15.978724702579434,False,
110-05635::MD,110-05635,MD,US1_SB,SOUTHBOUND,29324.0,402.0,2.0,1.0,14.0,14.75,18.5,10.600352417902936,11.84504692401878,14.10970058135084,210.56088980687423,0.3546796864101804,ridge_core,core_network,full_network,True,constrained,aggregate_all_days,corridor_held_out,corridor,5,-203.97885492582384,203.97885492582384,-174.2971845588731,174.2971845588731,-263.4179651189496,263.4179651189496,213.89800153454885,False,
110-05635::PM,110-05635,PM,US1_SB,SOUTHBOUND,29324.0,402.0,2.0,13.0,14.0,16.25,18.75,15.165832371113906,16.816562783119597,19.02513174600454,231.55796249343803,0.4277280023274871,ridge_core,core_network,full_network,True,constrained,aggregate_all_days,corridor_held_out,corridor,5,69.94994226683434,69.94994226683434,33.99376698717582,33.99376698717582,16.507904760272396,16.507904760272396,40.15053800476085,False,
110-05637::AM,110-05637,AM,US1_SB,SOUTHBOUND,29317.0,402.0,2.0,7.0,6.0,7.5,9.25,7.115012058758441,7.944863915907041,9.777708292747748,159.76177403935847,0.3116584785585167,ridge_core,core_network,full_network,True,constrained,aggregate_all_days,corridor_held_out,corridor,5,66.90072352550645,66.90072352550645,26.69183495442244,26.69183495442244,31.6624975648649,31.6624975648649,41.7516853482646,False,
110-05637::PM,110-05637,PM,US1_SB,SOUTHBOUND,29317.0,402.0,2.0,2.0,17.0,18.125,19.125,15.274513608426131,16.869237108228106,19.123332877442422,230.92915614097743,0.4143409675377056,ridge_core,core_network,full_network,True,constrained,aggregate_all_days,corridor_held_out,corridor,5,-103.52918349443212,103.52918349443212,-75.34577350631366,75.34577350631366,-0.1000273534546636,0.1000273534546636,59.65832811806681,False,
110-05640::AM,110-05640,AM,US1_SB,SOUTHBOUND,29113.0,402.0,2.0,1.0,6.25,8.25,9.25,6.753985869899763,7.793550420787927,9.755478239318386,180.0895421651173,0.3463492232997159,ridge_core,core_network,full_network,True,constrained,aggregate_all_days,corridor_held_out,corridor,5,30.23915219398578,30.23915219398578,-27.386974752724385,27.386974752724385,30.32869435910314,30.32869435910314,29.31827376860444,False,
110-05644::MD,110-05644,MD,US1_SB,SOUTHBOUND,29089.0,202.0,2.0,1.0,6.5,9.25,10.75,10.40645130712941,11.775189668271189,13.87239566756022,207.9566616258486,0.3949106560301638,ridge_core,core_network,full_network,True,constrained,aggregate_all_days,corridor_held_out,corridor,5,234.38707842776464,234.38707842776464,151.51138009627132,151.51138009627132,187.3437400536133,187.3437400536133,191.0807328592164,False,
110-05647::AM,110-05647,AM,US1_SB,SOUTHBOUND,29078.0,202.0,2.0,1.0,0.75,7.0,8.5,6.816118347547237,7.817358603976705,9.549735142545906,164.0170076999202,0.3662694267394399,ridge_core,core_network,full_network,True,constrained,aggregate_all_days,corridor_held_out,corridor,5,363.9671008528342,363.9671008528342,49.04151623860229,49.04151623860229,62.98410855275435,62.98410855275435,158.66424188139695,False,
110-05648::MD,110-05648,MD,US1_SB,SOUTHBOUND,28268.0,202.0,2.0,3.0,8.5,13.25,15.0,10.403012256627283,11.7652761216332,13.849292476942878,206.7768132189357,0.3952852867202912,ridge_core,core_network,full_network,True,constrained,aggregate_all_days,corridor_held_out,corridor,5,114.180735397637,114.180735397637,-89.08343270200791,89.08343270200791,-69.0424513834273,69.0424513834273,90.76887316102408,False,
110-05648::PM,110-05648,PM,US1_SB,SOUTHBOUND,28268.0,202.0,2.0,3.0,16.5,17.25,20.5,14.973650638422155,16.720495625085622,18.67079922570588,221.82891523702312,0.4724843877445747,ridge_core,core_network,full_network,True,constrained,aggregate_all_days,corridor_held_out,corridor,5,-91.58096169467068,91.58096169467068,-31.77026249486268,31.77026249486268,-109.75204645764757,109.75204645764757,77.70109021572698,False,
110-05659::MD,110-05659,MD,US1_SB,SOUTHBOUND,27510.0,102.0,2.0,1.0,9.5,9.75,10.5,10.463823486273052,11.538997564956858,13.622667916609798,189.5306658202046,0.3403694301492355,ridge_core,core_network,full_network,True,constrained,aggregate_all_days,corridor_held_out,corridor,5,57.82940917638321,57.82940917638321,107.3398538974115,107.3398538974115,187.36007499658783,187.36007499658783,117.50977935679418,False,
110-05659::PM,110-05659,PM,US1_SB,SOUTHBOUND,27510.0,102.0,2.0,1.0,16.25,16.75,18.25,15.05791078530394,16.458732957246255,18.4261749092321,202.09584743568965,0.4158884577936957,ridge_core,core_network,full_network,True,constrained,aggregate_all_days,corridor_held_out,corridor,5,-71.52535288176367,71.52535288176367,-17.476022565224696,17.476022565224696,10.57049455392594,10.57049455392594,33.1906233336381,False,
110-09527::AM,110-09527,AM,US1_SB,SOUTHBOUND,,,,1.0,7.5,7.75,9.0,6.83412764221455,7.903975611822957,9.790258815186265,177.36787037830285,0.3619081519081981,ridge_core,core_network,full_network,True,constrained,aggregate_all_days,corridor_held_out,corridor,5,-39.95234146712703,39.95234146712703,9.238536709377405,9.238536709377405,47.41552891117578,47.41552891117578,32.2021356958934,False,
110-09527::MD,110-09527,MD,US1_SB,SOUTHBOUND,,,,2.0,8.25,10.125,11.875,10.37321714277218,11.71864315964343,13.725315129036993,201.12587917588868,0.401368343760868,ridge_core,core_network,full_network,True,constrained,aggregate_all_days,corridor_held_out,corridor,5,127.3930285663308,127.3930285663308,95.61858957860576,95.61858957860576,111.01890774221955,111.01890774221955,111.34350862905204,False,
110-09527::PM,110-09527,PM,US1_SB,SOUTHBOUND,,,,2.0,13.375,16.625,19.75,15.011319353848268,16.803131562993798,18.817653159848188,228.3800283599953,0.4707448953428882,ridge_core,core_network,full_network,True,constrained,aggregate_all_days,corridor_held_out,corridor,5,98.1791612308961,98.1791612308961,10.68789377962787,10.68789377962787,-55.94081040910872,55.94081040910872,54.93595513987757,False,
110-09528::AM,110-09528,AM,US1_SB,SOUTHBOUND,38206.0,402.0,2.0,15.0,6.5,7.75,10.0,6.634120230060631,7.689995460877039,9.581084246936973,176.81784101258037,0.3582925426879125,ridge_core,core_network,full_network,True,constrained,aggregate_all_days,corridor_held_out,corridor,5,8.047213803637874,8.047213803637874,-3.60027234737764,3.60027234737764,-25.13494518378174,25.13494518378174,12.260810444932416,False,
110-09528::MD,110-09528,MD,US1_SB,SOUTHBOUND,38206.0,402.0,2.0,1.0,10.0,11.5,14.25,10.477307641432738,11.927942621612155,14.427343927054745,237.0021771373203,0.3672459884633671,ridge_core,core_network,full_network,True,constrained,aggregate_all_days,corridor_held_out,corridor,5,28.638458485964264,28.638458485964264,25.676557296729428,25.676557296729428,10.640635623284568,10.640635623284568,21.65188380199276,False,
110-09528::PM,110-09528,PM,US1_SB,SOUTHBOUND,38206.0,402.0,2.0,8.0,12.5,17.125,19.875,14.882902622240564,16.755832182061763,19.03763921394136,249.2841955020476,0.4507938153197073,ridge_core,core_network,full_network,True,constrained,aggregate_all_days,corridor_held_out,corridor,5,142.97415733443387,142.97415733443387,-22.15006907629423,22.15006907629423,-50.24164716351855,50.24164716351855,71.7886245247489,False,
110-09529::PM,110-09529,PM,US1_SB,SOUTHBOUND,38209.0,302.0,2.0,13.0,13.5,17.0,20.25,15.194890730764374,16.791914151780606,18.547532273226675,201.15849254773795,0.4763477994260372,ridge_core,core_network,full_network,True,constrained,aggregate_all_days,corridor_held_out,corridor,5,101.69344384586246,101.69344384586246,-12.485150893163636,12.485150893163636,-102.14806360639948,102.14806360639948,72.10888611514186,False,
110-09530::MD,110-09530,MD,US1_SB,SOUTHBOUND,38213.0,202.0,2.0,1.0,12.25,13.0,14.25,10.360009131122611,11.708535982768826,13.60245633081996,194.54683198184085,0.4158978600398136,ridge_core,core_network,full_network,True,constrained,aggregate_all_days,corridor_held_out,corridor,5,-113.39945213264322,113.39945213264322,-77.48784103387045,77.48784103387045,-38.8526201508024,38.8526201508024,76.57997110577203,False,
110-09531::AM,110-09531,AM,US1_SB,SOUTHBOUND,38833.0,402.0,2.0,1.0,6.5,6.75,8.0,6.858102535767012,7.792138556362582,9.562290705493997,162.25129018361915,0.3454034859896125,ridge_core,core_network,full_network,True,constrained,aggregate_all_days,corridor_held_out,corridor,5,21.486152146020707,21.486152146020707,62.52831338175493,62.52831338175493,93.7374423296398,93.7374423296398,59.25063595247181,False,
110-09532::MD,110-09532,MD,US1_SB,SOUTHBOUND,31942.0,202.0,2.0,1.0,11.75,12.0,13.0,10.248599785534,11.797570327601372,14.089636782586998,230.46221982317985,0.4032688420485938,ridge_core,core_network,full_network,True,constrained,aggregate_all_days,corridor_held_out,corridor,5,-90.08401286795994,90.08401286795994,-12.145780343917671,12.145780343917671,65.3782069552199,65.3782069552199,55.869333389032505,False,
110-09532::PM,110-09532,PM,US1_SB,SOUTHBOUND,31942.0,202.0,2.0,14.0,14.0,17.75,19.5,14.684447979645656,16.663299359594735,18.746553529822787,243.72633301062777,0.4871491780568798,ridge_core,core_network,full_network,True,constrained,aggregate_all_days,corridor_held_out,corridor,5,41.066878778739344,41.066878778739344,-65.20203842431592,65.20203842431592,-45.20678821063278,45.20678821063278,50.49190180456268,False,
110-10235::AM,110-10235,AM,VA120_SB,SOUTHBOUND,25607.0,502.0,2.0,1.0,0.25,6.0,6.75,6.644606796621978,7.451159540283627,9.114427276882456,148.18922881562864,0.3265633069722489,ridge_core,core_network,full_network,True,constrained,aggregate_all_days,corridor_held_out,corridor,5,383.6764077973187,383.6764077973187,87.06957241701764,87.06957241701764,141.86563661294736,141.86563661294736,204.20387227576123,False,
110-10235::PM,110-10235,PM,VA120_SB,SOUTHBOUND,25607.0,502.0,2.0,1.0,12.0,18.0,19.25,15.023795512109622,16.399344324938745,18.22083112195224,191.82213659055697,0.4302575825537456,ridge_core,core_network,full_network,True,constrained,aggregate_all_days,corridor_held_out,corridor,5,181.42773072657727,181.42773072657727,-96.03934050367528,96.03934050367528,-61.75013268286577,61.75013268286577,113.0724013043728,False,
110N04658::AM,110N04658,AM,I95HOV_SB,SOUTHBOUND,39122.0,501.0,1.0,3.0,5.0,6.0,7.0,6.627451604594518,7.517231584513202,8.996312024138687,142.13162517265013,0.3756151998562671,ridge_core,core_network,full_network,True,constrained,aggregate_all_days,corridor_held_out,corridor,5,97.64709627567107,97.64709627567107,91.03389507079213,91.03389507079213,119.77872144832122,119.77872144832122,102.81990426492814,False,
110N04658::MD,110N04658,MD,I95HOV_SB,SOUTHBOUND,39122.0,501.0,1.0,3.0,8.75,10.0,11.25,11.237828766788882,12.132986405933922,13.69351626873289,147.34125011664048,0.3645242476644124,ridge_core,core_network,full_network,True,constrained,aggregate_all_days,corridor_held_out,corridor,5,149.2697260073329,149.2697260073329,127.97918435603532,127.97918435603532,146.61097612397344,146.61097612397344,141.28662882911388,False,
110N04659::AM,110N04659,AM,I95HOV_SB,SOUTHBOUND,39115.0,501.0,1.0,4.0,4.75,6.875,8.375,6.470931993495984,7.309029443611227,8.912595998001532,146.49984027033278,0.3432484766817712,ridge_core,core_network,full_network,True,constrained,aggregate_all_days,corridor_held_out,corridor,5,103.25591960975906,103.25591960975906,26.0417666166736,26.0417666166736,32.2557598800919,32.2557598800919,53.85114870217486,False,
110N04659::MD,110N04659,MD,I95HOV_SB,SOUTHBOUND,39115.0,501.0,1.0,3.0,8.75,9.0,10.75,11.664662528335477,12.56865385118281,14.841297814700232,190.5981171818855,0.2845751058447235,ridge_core,core_network,full_network,True,constrained,aggregate_all_days,corridor_held_out,corridor,5,174.8797517001286,174.8797517001286,214.11923107096865,214.11923107096865,245.477868882014,245.477868882014,211.4922838843704,False,
110N04660::MD,110N04660,MD,I95HOV_SB,SOUTHBOUND,39103.0,501.0,1.0,4.0,9.75,10.0,11.25,11.759885101329065,12.684444825488258,14.988606998465764,193.72331382820192,0.2863547105060713,ridge_core,core_network,full_network,True,constrained,aggregate_all_days,corridor_held_out,corridor,5,120.59310607974388,120.59310607974388,161.0666895292955,161.0666895292955,224.31641990794583,224.31641990794583,168.65873850566174,False,
110N04661::MD,110N04661,MD,I95HOV_SB,SOUTHBOUND,39103.0,501.0,1.0,5.0,9.75,10.0,11.25,11.759885101329065,12.684444825488258,14.988606998465764,193.72331382820192,0.2863547105060713,ridge_core,core_network,full_network,True,constrained,aggregate_all_days,corridor_held_out,corridor,5,120.59310607974388,120.59310607974388,161.0666895292955,161.0666895292955,224.31641990794583,224.31641990794583,168.65873850566174,False,
110N04662::MD,110N04662,MD,I95HOV_SB,SOUTHBOUND,39136.0,501.0,1.0,5.0,8.75,9.0,10.5,11.337868529322831,12.217434905004277,13.864307389692806,151.58633162219843,0.348144730307322,ridge_core,core_network,full_network,True,constrained,aggregate_all_days,corridor_held_out,corridor,5,155.27211175936998,155.27211175936998,193.0460943002565,193.0460943002565,201.8584433815684,201.8584433815684,183.39221648039828,False,
110N04663::AM,110N04663,AM,I95HOV_SB,SOUTHBOUND,38808.0,501.0,1.0,3.0,8.0,8.25,12.0,6.833154894664643,7.646164247812185,9.230586784081376,143.84591336500392,0.3391167677115272,ridge_core,core_network,full_network,True,constrained,aggregate_all_days,corridor_held_out,corridor,5,-70.01070632012141,70.01070632012141,-36.23014513126891,36.23014513126891,-166.16479295511752,166.16479295511752,90.80188146883596,False,
110N04663::MD,110N04663,MD,I95HOV_SB,SOUTHBOUND,38808.0,501.0,1.0,11.0,8.75,10.0,12.0,11.373247575813398,12.242085053880864,13.944303272538372,154.26334180349846,0.3379302436637977,ridge_core,core_network,full_network,True,constrained,aggregate_all_days,corridor_held_out,corridor,5,157.3948545488039,157.3948545488039,134.52510323285182,134.52510323285182,116.65819635230233,116.65819635230233,136.19271804465268,False,
110N04664::MD,110N04664,MD,I95HOV_SB,SOUTHBOUND,31329.0,501.0,1.0,5.0,9.75,10.75,12.0,11.34573254643784,12.226408835921497,13.92077197646588,154.50236580168246,0.3420049725118447,ridge_core,core_network,full_network,True,constrained,aggregate_all_days,corridor_held_out,corridor,5,95.74395278627034,95.74395278627034,88.58453015528968,88.58453015528968,115.24631858795274,115.24631858795274,99.85826717650428,False,
110N04665::MD,110N04665,MD,I95HOV_SB,SOUTHBOUND,31322.0,501.0,1.0,2.0,10.5,11.375,12.5,11.40952417485067,12.286843259288744,14.070766727927612,159.67455318461649,0.3296652097433628,ridge_core,core_network,full_network,True,constrained,aggregate_all_days,corridor_held_out,corridor,5,54.57145049104021,54.57145049104021,54.71059555732456,54.71059555732456,94.24600367565674,94.24600367565674,67.84268324134051,False,
110N04668::AM,110N04668,AM,I95HOV_SB,SOUTHBOUND,31302.0,501.0,1.0,4.0,6.75,7.125,8.0,6.964316173300045,7.820314323451505,9.57076383126098,156.3868594776562,0.3284156301919069,ridge_core,core_network,full_network,True,constrained,aggregate_all_days,corridor_held_out,corridor,5,12.858970398002684,12.858970398002684,41.71885940709032,41.71885940709032,94.24582987565888,94.24582987565888,49.60788656025062,False,
110N04668::MD,110N04668,MD,I95HOV_SB,SOUTHBOUND,31302.0,501.0,1.0,3.0,8.75,10.0,11.25,11.847062627222783,12.849609271162862,15.228182862940876,202.8672141430854,0.2965131595585376,ridge_core,core_network,full_network,True,constrained,aggregate_all_days,corridor_held_out,corridor,5,185.823757633367,185.823757633367,170.97655626977172,170.97655626977172,238.69097177645247,238.69097177645247,198.4970952265304,False,
110N04669::AM,110N04669,AM,I95HOV_SB,SOUTHBOUND,32578.0,501.0,1.0,3.0,7.75,8.0,9.25,7.329920590205836,7.732365218098732,9.60477022171062,136.4909778902871,0.1769104306145649,ridge_core,core_network,full_network,True,constrained,aggregate_all_days,corridor_held_out,corridor,5,-25.20476458764985,25.20476458764985,-16.0580869140761,16.0580869140761,21.2862133026372,21.2862133026372,20.84968826812105,False,
110N05634::MD,110N05634,MD,US1_SB,SOUTHBOUND,35081.0,502.0,2.0,1.0,9.75,11.25,12.5,10.705871114445449,11.92620137517893,14.000331526397702,197.66762471713537,0.3704188571537065,ridge_core,core_network,full_network,True,constrained,aggregate_all_days,corridor_held_out,corridor,5,57.35226686672682,57.35226686672682,40.57208251073583,40.57208251073583,90.01989158386209,90.01989158386209,62.64808032044158,False,
110N05634::PM,110N05634,PM,US1_SB,SOUTHBOUND,35081.0,502.0,2.0,4.0,15.125,17.0,19.375,15.248797169561868,16.863213673825467,18.86983887640302,217.26250241046893,0.4458431122771987,ridge_core,core_network,full_network,True,constrained,aggregate_all_days,corridor_held_out,corridor,5,7.427830173712095,7.427830173712095,-8.207179570472007,8.207179570472007,-30.30966741581885,30.30966741581885,15.314892386667651,False,
110N05636::AM,110N05636,AM,US1_SB,SOUTHBOUND,35048.0,402.0,2.0,1.0,6.75,7.25,8.5,7.108584113957418,7.938762433147352,9.78020282101634,160.29712242353528,0.3107398211415596,ridge_core,core_network,full_network,True,constrained,aggregate_all_days,corridor_held_out,corridor,5,21.51504683744509,21.51504683744509,41.325745988841135,41.325745988841135,76.81216926098043,76.81216926098043,46.55098736242221,False,
110N05638::AM,110N05638,AM,US1_SB,SOUTHBOUND,35031.0,402.0,2.0,6.0,5.375,7.625,10.5,6.922189381069138,7.849030834442961,9.767959980559342,170.7462359694122,0.3256908527833755,ridge_core,core_network,full_network,True,constrained,aggregate_all_days,corridor_held_out,corridor,5,92.8313628641483,92.8313628641483,13.441850066577654,13.441850066577654,-43.92240116643951,43.92240116643951,50.06520469905516,False,
110N05638::MD,110N05638,MD,US1_SB,SOUTHBOUND,35031.0,402.0,2.0,6.0,12.25,13.75,14.75,10.597680105441205,11.88127578176314,14.271254734173269,220.41447772392385,0.3494132571263349,ridge_core,core_network,full_network,True,constrained,aggregate_all_days,corridor_held_out,corridor,5,-99.13919367352784,99.13919367352784,-112.1234530942116,112.1234530942116,-28.724715949603983,28.724715949603983,79.99578757244781,False,
110N05638::PM,110N05638,PM,US1_SB,SOUTHBOUND,35031.0,402.0,2.0,1.0,14.5,15.0,16.5,15.092764164539524,16.820104005180234,19.17773065039554,245.0979891513608,0.4228528793618098,ridge_core,core_network,full_network,True,constrained,aggregate_all_days,corridor_held_out,corridor,5,35.565849872371444,35.565849872371444,109.20624031081402,109.20624031081402,160.66383902373232,160.66383902373232,101.81197640230592,False,
110N05639::AM,110N05639,AM,US1_SB,SOUTHBOUND,29302.0,302.0,2.0,15.0,5.5,7.25,11.0,6.951446707892652,7.85478869186805,9.503674917819009,153.1336925955814,0.3539424807162774,ridge_core,core_network,full_network,True,constrained,aggregate_all_days,corridor_held_out,corridor,5,87.08680247355912,87.08680247355912,36.28732151208301,36.28732151208301,-89.77950493085949,89.77950493085949,71.05120963883387,False,
110N05639::MD,110N05639,MD,US1_SB,SOUTHBOUND,29302.0,302.0,2.0,4.0,10.5,11.25,13.0,10.700200996473678,11.978948989471128,14.126395473087657,205.57166859683872,0.3732269145040489,ridge_core,core_network,full_network,True,constrained,aggregate_all_days,corridor_held_out,corridor,5,12.01205978842065,12.01205978842065,43.73693936826768,43.73693936826768,67.5837283852594,67.5837283852594,41.11090918064925,False,
110N05640::AM,110N05640,AM,US1_SB,SOUTHBOUND,29521.0,402.0,2.0,2.0,6.625,7.75,9.625,6.717834243712064,7.765328273111004,9.781110316596555,183.7965643730696,0.3419522121010078,ridge_core,core_network,full_network,True,constrained,aggregate_all_days,corridor_held_out,corridor,5,5.570054622723824,5.570054622723824,0.919696386660256,0.919696386660256,9.366618995793417,9.366618995793417,5.285456668392499,False,
110N05640::MD,110N05640,MD,US1_SB,SOUTHBOUND,29521.0,402.0,2.0,7.0,11.5,12.5,13.5,10.51038648833932,11.922259828363604,14.46426854896362,237.232923637458,0.3570853450801604,ridge_core,core_network,full_network,True,constrained,aggregate_all_days,corridor_held_out,corridor,5,-59.37681069964072,59.37681069964072,-34.66441029818377,34.66441029818377,57.8561129378172,57.8561129378172,50.63244464521389,False,
110N05640::PM,110N05640,PM,US1_SB,SOUTHBOUND,29521.0,402.0,2.0,8.0,15.25,16.75,18.125,14.959388924834755,16.794820676081777,19.150137399588,251.44490848519425,0.437972300724895,ridge_core,core_network,full_network,True,constrained,aggregate_all_days,corridor_held_out,corridor,5,-17.436664509914586,17.436664509914586,2.689240564906612,2.689240564906612,61.508243975279626,61.508243975279626,27.21138301670028,False,
110N05659::PM,110N05659,PM,US1_SB,SOUTHBOUND,27510.0,102.0,2.0,3.0,15.75,16.25,17.25,15.05791078530394,16.458732957246255,18.4261749092321,202.09584743568965,0.4158884577936957,ridge_core,core_network,full_network,True,constrained,aggregate_all_days,corridor_held_out,corridor,5,-41.52535288176367,41.52535288176367,12.523977434775304,12.523977434775304,70.57049455392594,70.57049455392594,41.5399416234883,False,
110N05660::PM,110N05660,PM,US1_SB,SOUTHBOUND,27510.0,102.0,2.0,1.0,15.75,16.0,17.0,15.05791078530394,16.458732957246255,18.4261749092321,202.09584743568965,0.4158884577936957,ridge_core,core_network,full_network,True,constrained,aggregate_all_days,corridor_held_out,corridor,5,-41.52535288176367,41.52535288176367,27.523977434775304,27.523977434775304,85.57049455392594,85.57049455392594,51.53994162348831,False,
110N09526::PM,110N09526,PM,US1_SB,SOUTHBOUND,38697.0,602.0,2.0,1.0,14.5,15.25,16.5,15.047799594822122,16.29033301106835,17.716648643020108,160.13094289187922,0.46556901263681,ridge_core,core_network,full_network,True,constrained,aggregate_all_days,corridor_held_out,corridor,5,32.8679756893273,32.8679756893273,62.419980664100905,62.419980664100905,72.99891858120645,72.99891858120645,56.09562497821155,False,
110N09527::AM,110N09527,AM,US1_SB,SOUTHBOUND,40424.0,402.0,2.0,2.0,4.25,7.0,10.875,6.845575274937279,7.790357764531499,9.562386526974624,163.0086751222407,0.3477541875188142,ridge_core,core_network,full_network,True,constrained,aggregate_all_days,corridor_held_out,corridor,5,155.73451649623675,155.73451649623675,47.42146587188992,47.42146587188992,-78.75680838152256,78.75680838152256,93.97093024988308,False,
110N09527::MD,110N09527,MD,US1_SB,SOUTHBOUND,40424.0,402.0,2.0,1.0,10.5,13.0,13.75,10.548799337988914,11.781375006840983,13.817937114218177,196.1482665737558,0.3770338704640852,ridge_core,core_network,full_network,True,constrained,aggregate_all_days,corridor_held_out,corridor,5,2.9279602793348403,2.9279602793348403,-73.11749958954088,73.11749958954088,4.07622685309061,4.07622685309061,26.707228907322115,False,
110N09527::PM,110N09527,PM,US1_SB,SOUTHBOUND,40424.0,402.0,2.0,1.0,13.0,17.25,20.75,15.159827767040486,16.76112946093233,18.703827402399178,212.63997812152152,0.4518346102283882,ridge_core,core_network,full_network,True,constrained,aggregate_all_days,corridor_held_out,corridor,5,129.58966602242918,129.58966602242918,-29.332232344060145,29.332232344060145,-122.77035585604936,122.77035585604936,93.89741807417955,False,
110N09528::AM,110N09528,AM,US1_SB,SOUTHBOUND,38535.0,402.0,2.0,2.0,4.25,6.875,10.125,6.605336162554139,7.672548566847334,9.605547871646197,180.0127025455233,0.3557123655837483,ridge_core,core_network,full_network,True,constrained,aggregate_all_days,corridor_held_out,corridor,5,141.32016975324836,141.32016975324836,47.85291401084006,47.85291401084006,-31.16712770122831,31.16712770122831,73.44673715510558,False,
110N09530::AM,110N09530,AM,US1_SB,SOUTHBOUND,38209.0,302.0,2.0,4.0,4.375,6.25,8.875,6.916322392843978,7.812601943373109,9.312794242712346,143.78831099210214,0.3739996155508195,ridge_core,core_network,full_network,True,constrained,aggregate_all_days,corridor_held_out,corridor,5,152.47934357063866,152.47934357063866,93.75611660238656,93.75611660238656,26.267654562740788,26.267654562740788,90.83437157858867,False,
110N09531::AM,110N09531,AM,US1_SB,SOUTHBOUND,38213.0,202.0,2.0,2.0,4.5,6.875,8.875,6.706565728861382,7.720230921075944,9.328217788806212,157.29912359668978,0.3866513057556134,ridge_core,core_network,full_network,True,constrained,aggregate_all_days,corridor_held_out,corridor,5,132.39394373168292,132.39394373168292,50.713855264556656,50.713855264556656,27.19306732837272,27.19306732837272,70.10028877487076,False,
110N09532::AM,110N09532,AM,US1_SB,SOUTHBOUND,38833.0,402.0,2.0,17.0,5.0,7.0,9.5,6.858102535767012,7.792138556362582,9.562290705493997,162.25129018361915,0.3454034859896125,ridge_core,core_network,full_network,True,constrained,aggregate_all_days,corridor_held_out,corridor,5,111.48615214602071,111.48615214602071,47.52831338175493,47.52831338175493,3.737442329639791,3.737442329639791,54.25063595247182,False,
110N09532::PM,110N09532,PM,US1_SB,SOUTHBOUND,38833.0,402.0,2.0,12.0,14.125,17.125,20.0,15.09246471507124,16.75882077037149,18.82290785151176,223.8265881864312,0.4466911823484432,ridge_core,core_network,full_network,True,constrained,aggregate_all_days,corridor_held_out,corridor,5,58.04788290427435,58.04788290427435,-21.97075377771064,21.97075377771064,-70.62552890929453,70.62552890929453,50.21472186375984,False,
110N58629::MD,110N58629,MD,I66_WB,WESTBOUND,31404.0,501.0,1.0,1.0,14.5,14.75,15.75,10.835256689038443,11.71430958893874,13.65923589020979,169.43875207028063,0.3112816480856785,ridge_core,core_network,full_network,True,constrained,aggregate_all_days,corridor_held_out,corridor,5,-219.8845986576933,219.8845986576933,-182.1414246636756,182.1414246636756,-125.44584658741265,125.44584658741265,175.82395663626053,False,
110N58629::PM,110N58629,PM,I66_WB,WESTBOUND,31404.0,501.0,1.0,6.0,14.875,16.75,18.75,15.739241274485412,17.069796533652262,19.467406203946457,223.6898957676628,0.3568928103615842,ridge_core,core_network,full_network,True,constrained,aggregate_all_days,corridor_held_out,corridor,5,51.85447646912472,51.85447646912472,19.187792019135728,19.187792019135728,43.0443722367874,43.0443722367874,38.02888024168261,False,
110P04146::AM,110P04146,AM,I95_NB,NORTHBOUND,47687.0,601.0,1.0,1.0,6.5,7.25,9.25,6.553865276370376,7.613869650653408,9.418782142562945,171.89501197155408,0.3699948109460371,ridge_core,core_network,full_network,True,constrained,aggregate_all_days,corridor_held_out,corridor,5,3.2319165822225315,3.2319165822225315,21.83217903920447,21.83217903920447,10.12692855377658,10.12692855377658,11.730341391734529,False,
110P04146::MD,110P04146,MD,I95_NB,NORTHBOUND,47687.0,601.0,1.0,2.0,13.125,14.25,17.875,10.50658234941274,12.208288749689908,15.203102026771331,281.7911806415158,0.362333497394019,ridge_core,core_network,full_network,True,constrained,aggregate_all_days,corridor_held_out,corridor,5,-157.10505903523568,157.10505903523568,-122.50267501860552,122.50267501860552,-160.31387839372002,160.31387839372002,146.6405374825204,False,
110P04146::PM,110P04146,PM,I95_NB,NORTHBOUND,47687.0,601.0,1.0,8.0,15.125,16.125,18.75,14.839929922501351,16.799011925108317,19.091395825540783,255.087954182366,0.4608015322918128,ridge_core,core_network,full_network,True,constrained,aggregate_all_days,corridor_held_out,corridor,5,-17.104204649918913,17.104204649918913,40.44071550649903,40.44071550649903,20.483749532446964,20.483749532446964,26.00955656295497,False,
110P04147::MD,110P04147,MD,I95_NB,NORTHBOUND,39003.0,501.0,1.0,3.0,12.5,14.25,18.5,10.88701773513406,12.3975253086457,15.466595883605216,274.77468890826924,0.329835527321639,ridge_core,core_network,full_network,True,constrained,aggregate_all_days,corridor_held_out,corridor,5,-96.77893589195637,96.77893589195637,-111.14848148125805,111.14848148125805,-182.00424698368707,182.00424698368707,129.97722145230048,False,
110P04147::PM,110P04147,PM,I95_NB,NORTHBOUND,39003.0,501.0,1.0,10.0,14.75,16.375,18.75,15.213849942572956,16.978109556091518,19.357318595868,248.60811919770265,0.4257929192044344,ridge_core,core_network,full_network,True,constrained,aggregate_all_days,corridor_held_out,corridor,5,27.830996554377272,27.830996554377272,36.18657336549106,36.18657336549106,36.43911575207987,36.43911575207987,33.4855618906494,False,
110P04148::AM,110P04148,AM,I95_NB,NORTHBOUND,39000.0,501.0,1.0,2.0,7.5,8.0,9.25,6.8113220735512,7.716682505283714,9.433085698723024,157.3058175103095,0.3453249648595528,ridge_core,core_network,full_network,True,constrained,aggregate_all_days,corridor_held_out,corridor,5,-41.32067558692803,41.32067558692803,-16.99904968297716,16.99904968297716,10.98514192338147,10.98514192338147,23.101622397762224,False,
110P04148::MD,110P04148,MD,I95_NB,NORTHBOUND,39000.0,501.0,1.0,1.0,11.0,12.75,14.5,10.808945504140157,12.218605763174509,14.914839087128748,246.35361497931544,0.3433260581508517,ridge_core,core_network,full_network,True,constrained,aggregate_all_days,corridor_held_out,corridor,5,-11.463269751590596,11.463269751590596,-31.88365420952959,31.88365420952959,24.89034522772485,24.89034522772485,22.74575639628168,False,
110P04148::PM,110P04148,PM,I95_NB,NORTHBOUND,39000.0,501.0,1.0,2.0,14.25,15.75,17.75,15.210748564947648,16.931473258863893,19.194751514753506,239.0401769883516,0.4319084889232065,ridge_core,core_network,full_network,True,constrained,aggregate_all_days,corridor_held_out,corridor,5,57.6449138968588,57.6449138968588,70.88839553183355,70.88839553183355,86.68509088521034,86.68509088521034,71.7394667713009,False,
110P04149::MD,110P04149,MD,I95_NB,NORTHBOUND,39085.0,301.0,1.0,1.0,11.25,12.75,13.75,10.814885034819271,12.024745070814935,14.454670735126587,218.3871420184389,0.3323987002568617,ridge_core,core_network,full_network,True,constrained,aggregate_all_days,corridor_held_out,corridor,5,-26.10689791084361,26.10689791084361,-43.51529575110387,43.51529575110387,42.28024410759524,42.28024410759524,37.30081258984757,False,
110P04149::PM,110P04149,PM,I95_NB,NORTHBOUND,39085.0,301.0,1.0,7.0,14.5,16.25,18.0,15.25942939063448,16.76935884404166,18.87545572433185,216.96158002184208,0.4175659450641452,ridge_core,core_network,full_network,True,constrained,aggregate_all_days,corridor_held_out,corridor,5,45.565763438068814,45.565763438068814,31.1615306424995,31.1615306424995,52.52734345991101,52.52734345991101,43.08487918015978,False,
110P04150::AM,110P04150,AM,I95_NB,NORTHBOUND,38196.0,201.0,1.0,4.0,5.875,7.125,8.25,6.835765095165854,7.593624540824308,9.245570410265024,144.5883189059502,0.3144899054334046,ridge_core,core_network,full_network,True,constrained,aggregate_all_days,corridor_held_out,corridor,5,57.64590570995125,57.64590570995125,28.11747244945849,28.11747244945849,59.73422461590147,59.73422461590147,48.499200925103736,False,
110P04150::MD,110P04150,MD,I95_NB,NORTHBOUND,38196.0,201.0,1.0,3.0,10.75,12.75,13.75,10.926560148015778,12.107321094931866,14.71031076312939,227.02503690681684,0.3120609857847712,ridge_core,core_network,full_network,True,constrained,aggregate_all_days,corridor_held_out,corridor,5,10.59360888094666,10.59360888094666,-38.56073430408806,38.56073430408806,57.61864578776344,57.61864578776344,35.59099632426605,False,
110P04150::PM,110P04150,PM,I95_NB,NORTHBOUND,38196.0,201.0,1.0,9.0,12.75,17.0,19.0,15.339582733756057,16.764116973833687,18.88982313110838,213.01442384113943,0.4012500790481711,ridge_core,core_network,full_network,True,constrained,aggregate_all_days,corridor_held_out,corridor,5,155.3749640253634,155.3749640253634,-14.152981569978778,14.152981569978778,-6.610612133497256,6.610612133497256,58.71285257627981,False,
110P04151::AM,110P04151,AM,I95_NB,NORTHBOUND,38180.0,201.0,1.0,18.0,5.0,6.875,10.25,6.859776062018724,7.637575427504376,9.348455316170506,149.32075524910692,0.3125349979062489,ridge_core,core_network,full_network,True,constrained,aggregate_all_days,corridor_held_out,corridor,5,111.5865637211234,111.5865637211234,45.75452565026255,45.75452565026255,-54.09268102976963,54.09268102976963,70.47792346705187,False,
110P04151::MD,110P04151,MD,I95_NB,NORTHBOUND,38180.0,201.0,1.0,1.0,12.25,14.0,19.0,10.953605992014287,12.155006815298002,14.824269948811391,232.23983740782631,0.3103862377858934,ridge_core,core_network,full_network,True,constrained,aggregate_all_days,corridor_held_out,corridor,5,-77.78364047914266,77.78364047914266,-110.6995910821199,110.6995910821199,-250.5438030713164,250.5438030713164,146.34234487752633,False,
110P04151::PM,110P04151,PM,I95_NB,NORTHBOUND,38180.0,201.0,1.0,10.0,12.375,15.625,19.5,15.363542409763538,16.84120726600283,19.08499862123988,223.2873726885801,0.3970663020788542,ridge_core,core_network,full_network,True,constrained,aggregate_all_days,corridor_held_out,corridor,5,179.31254458581225,179.31254458581225,72.97243596016976,72.97243596016976,-24.900082725607646,24.900082725607646,92.3950210905299,False,
110P04153::AM,110P04153,AM,I95_NB,NORTHBOUND,32087.0,501.0,1.0,6.0,6.5,7.5,8.875,6.88652977376134,7.883898534499796,9.718637646519248,169.92647236547452,0.3521648205324953,ridge_core,core_network,full_network,True,constrained,aggregate_all_days,corridor_held_out,corridor,5,23.191786425680387,23.191786425680387,23.03391206998775,23.03391206998775,50.61825879115489,50.61825879115489,32.28131909560768,False,
110P04154::AM,110P04154,AM,I95_NB,NORTHBOUND,32082.0,401.0,1.0,14.0,6.125,7.5,9.0,7.052752168063678,7.943122423480343,9.573782256581127,151.26180531104694,0.3531771633635152,ridge_core,core_network,full_network,True,constrained,aggregate_all_days,corridor_held_out,corridor,5,55.66513008382071,55.66513008382071,26.587345408820585,26.587345408820585,34.42693539486765,34.42693539486765,38.89313696250298,False,
110P04154::MD,110P04154,MD,I95_NB,NORTHBOUND,32082.0,401.0,1.0,7.0,11.75,14.25,16.0,10.925629766446807,12.344948679222348,14.822636023071553,233.8203753974848,0.3642075016848534,ridge_core,core_network,full_network,True,constrained,aggregate_all_days,corridor_held_out,corridor,5,-49.46221401319157,49.46221401319157,-114.30307924665912,114.30307924665912,-70.64183861570683,70.64183861570683,78.13571062518584,False,
110P04154::PM,110P04154,PM,I95_NB,NORTHBOUND,32082.0,401.0,1.0,1.0,12.5,15.5,17.0,15.419645586220753,17.05895148154687,19.05962786190846,218.3989365412624,0.4503609554022899,ridge_core,core_network,full_network,True,constrained,aggregate_all_days,corridor_held_out,corridor,5,175.17873517324517,175.17873517324517,93.53708889281222,93.53708889281222,123.5776717145076,123.5776717145076,130.7644985935217,False,
110P04155::AM,110P04155,AM,I95_NB,NORTHBOUND,32081.0,301.0,1.0,14.0,5.75,7.5,9.75,6.775370229020488,7.604989098175928,9.294215383115136,151.1307092456789,0.3293647756817477,ridge_core,core_network,full_network,True,constrained,aggregate_all_days,corridor_held_out,corridor,5,61.52221374122925,61.52221374122925,6.29934589055571,6.29934589055571,-27.34707701309187,27.34707701309187,31.72287888162561,False,
110P04155::MD,110P04155,MD,I95_NB,NORTHBOUND,32081.0,301.0,1.0,7.0,12.0,13.5,15.75,10.63582645132757,11.88524653819804,14.251286217788236,216.92758598763987,0.3455770960199569,ridge_core,core_network,full_network,True,constrained,aggregate_all_days,corridor_held_out,corridor,5,-81.85041292034576,81.85041292034576,-96.88520770811763,96.88520770811763,-89.92282693270585,89.92282693270585,89.55281585372308,False,
110P04155::PM,110P04155,PM,I95_NB,NORTHBOUND,32081.0,301.0,1.0,7.0,13.25,17.25,19.0,15.166739551769108,16.696278052024244,18.76127279856248,215.67199480760192,0.4255179727770271,ridge_core,core_network,full_network,True,constrained,aggregate_all_days,corridor_held_out,corridor,5,115.0043731061464,115.0043731061464,-33.22331687854536,33.22331687854536,-14.32363208625162,14.32363208625162,54.1837740236478,False,
110P04156::AM,110P04156,AM,I95_NB,NORTHBOUND,32264.0,201.0,1.0,17.0,5.75,7.75,9.5,6.936027288676038,7.761755744473629,9.518356790348149,154.9397701003266,0.3197610743566673,ridge_core,core_network,full_network,True,constrained,aggregate_all_days,corridor_held_out,corridor,5,71.16163732056228,71.16163732056228,0.7053446684177622,0.7053446684177622,1.1014074208889113,1.1014074208889113,24.32279646995632,False,
110P04156::MD,110P04156,MD,I95_NB,NORTHBOUND,32264.0,201.0,1.0,3.0,11.75,12.25,13.0,10.853462012598303,12.26349932130536,15.1801400944058,259.6006849084497,0.3258937415833821,ridge_core,core_network,full_network,True,constrained,aggregate_all_days,corridor_held_out,corridor,5,-53.792279244101806,53.792279244101806,0.8099592783215215,0.8099592783215215,130.80840566434802,130.80840566434802,61.80354806225712,False,
110P04156::PM,110P04156,PM,I95_NB,NORTHBOUND,32264.0,201.0,1.0,10.0,14.5,17.0,18.75,15.31724117451499,16.915075896475493,19.19685481169108,232.7768182305653,0.4118540842957605,ridge_core,core_network,full_network,True,constrained,aggregate_all_days,corridor_held_out,corridor,5,49.03447047089941,49.03447047089941,-5.095446211470431,5.095446211470431,26.811288701464733,26.811288701464733,26.980401794611524,False,
110P04157::AM,110P04157,AM,I95_NB,NORTHBOUND,32832.0,201.0,1.0,13.0,5.75,6.75,9.0,6.91020397691643,7.725870966519567,9.512546948319828,156.1405782842038,0.3134356226547889,ridge_core,core_network,full_network,True,constrained,aggregate_all_days,corridor_held_out,corridor,5,69.61223861498578,69.61223861498578,58.55225799117402,58.55225799117402,30.7528168991896,30.7528168991896,52.97243783511647,False,
110P04157::MD,110P04157,MD,I95_NB,NORTHBOUND,32832.0,201.0,1.0,2.0,7.875,10.0,11.0,10.826558711057086,12.209701618537288,15.144890895528388,259.0999310682781,0.320295625346743,ridge_core,core_network,full_network,True,constrained,aggregate_all_days,corridor_held_out,corridor,5,177.09352266342512,177.09352266342512,132.58209711223728,132.58209711223728,248.69345373170324,248.69345373170324,186.1230245024552,False,
110P04157::PM,110P04157,PM,I95_NB,NORTHBOUND,32832.0,201.0,1.0,7.0,15.5,17.75,18.5,15.298318514689289,16.860699014578376,19.149599479100097,231.0768578646484,0.4056781404231072,ridge_core,core_network,full_network,True,constrained,aggregate_all_days,corridor_held_out,corridor,5,-12.100889118642684,12.100889118642684,-53.35805912529743,53.35805912529743,38.975968746005805,38.975968746005805,34.81163899664864,False,
110P04159::AM,110P04159,AM,I95_NB,NORTHBOUND,32078.0,201.0,1.0,4.0,7.625,8.5,9.75,6.909624130749504,7.724571072771432,9.510725836463283,156.06610234282675,0.3133083724606975,ridge_core,core_network,full_network,True,constrained,aggregate_all_days,corridor_held_out,corridor,5,-42.92255215502978,42.92255215502978,-46.525735633714106,46.525735633714106,-14.356449812202996,14.356449812202996,34.601579200315626,False,
110P04159::MD,110P04159,MD,I95_NB,NORTHBOUND,32078.0,201.0,1.0,2.0,13.25,13.875,14.75,10.817710354827057,12.155194830305255,14.965109123180596,248.8439261012124,0.3224875518804202,ridge_core,core_network,full_network,True,constrained,aggregate_all_days,corridor_held_out,corridor,5,-145.93737871037672,145.93737871037672,-103.18831018168456,103.18831018168456,12.906547390835676,12.906547390835676,87.34407876096566,False,
110P04159::PM,110P04159,PM,I95_NB,NORTHBOUND,32078.0,201.0,1.0,2.0,16.75,17.125,18.625,15.297691549669045,16.860003937843373,19.150422068589258,231.16383113521283,0.4055078289286095,ridge_core,core_network,full_network,True,constrained,aggregate_all_days,corridor_held_out,corridor,5,-87.13850701985741,87.13850701985741,-15.899763729397591,15.899763729397591,31.52532411535546,31.52532411535546,44.85453162153683,False,
110P04163::MD,110P04163,MD,I66_WB,WESTBOUND,26309.0,101.0,1.0,1.0,12.0,13.5,14.5,11.032078460185469,12.15437891451274,14.757230227384962,223.50910603196965,0.3012764377036371,ridge_core,core_network,full_network,True,constrained,aggregate_all_days,corridor_held_out,corridor,5,-58.07529238887188,58.07529238887188,-80.73726512923557,80.73726512923557,15.433813643097736,15.433813643097736,51.415457053735054,False,
110P04164::MD,110P04164,MD,I66_WB,WESTBOUND,26304.0,501.0,1.0,1.0,11.25,13.25,14.5,10.158738983334876,11.06664009492147,12.9122426755656,165.21022153384345,0.329725765085525,ridge_core,core_network,full_network,True,constrained,aggregate_all_days,corridor_held_out,corridor,5,-65.47566099990743,65.47566099990743,-131.00159430471183,131.00159430471183,-95.26543946606397,95.26543946606397,97.24756492356109,False,
110P04166::AM,110P04166,AM,I66_WB,WESTBOUND,26723.0,201.0,1.0,9.0,7.0,8.0,9.25,7.018365899428813,7.61383989105348,9.009060096588566,119.44165182958524,0.2991288126896972,ridge_core,core_network,full_network,True,constrained,aggregate_all_days,corridor_held_out,corridor,5,1.1019539657288036,1.1019539657288036,-23.16960653679118,23.16960653679118,-14.45639420468602,14.45639420468602,12.909318235735334,False,
110P04166::MD,110P04166,MD,I66_WB,WESTBOUND,26723.0,201.0,1.0,9.0,13.25,14.5,15.5,11.084739603114713,11.98232296130932,14.03593359800423,177.07163969337094,0.3041424453116,ridge_core,core_network,full_network,True,constrained,aggregate_all_days,corridor_held_out,corridor,5,-129.91562381311724,129.91562381311724,-151.0606223214408,151.0606223214408,-87.84398411974624,87.84398411974624,122.94007675143476,False,
110P04167::AM,110P04167,AM,I66_WB,WESTBOUND,26726.0,201.0,1.0,10.0,7.375,8.0,9.5,7.087514354192007,7.681666297092213,9.117962255107887,121.82687405495294,0.2926211219860403,ridge_core,core_network,full_network,True,constrained,aggregate_all_days,corridor_held_out,corridor,5,-17.249138748479584,17.249138748479584,-19.100022174467224,19.100022174467224,-22.922264693526664,22.922264693526664,19.757141872157824,False,
110P04167::MD,110P04167,MD,I66_WB,WESTBOUND,26726.0,201.0,1.0,2.0,13.25,13.75,15.375,11.487079905186889,12.374477966270025,14.74363619348096,195.3933772976444,0.2724958460791704,ridge_core,core_network,full_network,True,constrained,aggregate_all_days,corridor_held_out,corridor,5,-105.77520568878668,105.77520568878668,-82.53132202379852,82.53132202379852,-37.88182839114232,37.88182839114232,75.3961187012425,False,
110P04168::AM,110P04168,AM,I66_WB,WESTBOUND,26727.0,201.0,1.0,14.0,7.25,8.0,9.75,7.066892028742505,7.688202433908529,9.161170300986385,125.65669633463264,0.2966704154841523,ridge_core,core_network,full_network,True,constrained,aggregate_all_days,corridor_held_out,corridor,5,-10.986478275449674,10.986478275449674,-18.70785396548825,18.70785396548825,-35.329781940817035,35.329781940817035,21.67470472725165,False,
110P04168::MD,110P04168,MD,I66_WB,WESTBOUND,26727.0,201.0,1.0,7.0,13.0,14.0,15.75,11.25784228681871,12.248945516650162,14.659764566008654,204.11533675139663,0.2913362353673321,ridge_core,core_network,full_network,True,constrained,aggregate_all_days,corridor_held_out,corridor,5,-104.52946279087745,104.52946279087745,-105.06326900099027,105.06326900099027,-65.41412603948075,65.41412603948075,91.6689526104495,False,
110P04169::AM,110P04169,AM,I66_WB,WESTBOUND,26370.0,501.0,1.0,13.0,7.0,8.25,10.25,6.518353994965468,7.367714006860677,8.848616529871881,139.8157520943848,0.3644911245716444,ridge_core,core_network,full_network,True,constrained,aggregate_all_days,corridor_held_out,corridor,5,-28.898760302071945,28.898760302071945,-52.93715958835939,52.93715958835939,-84.08300820768713,84.08300820768713,55.30630936603949,False,
110P04169::MD,110P04169,MD,I66_WB,WESTBOUND,26370.0,501.0,1.0,16.0,12.25,13.625,15.75,10.1785604963092,11.210558817674826,12.80808586785949,157.77152229301743,0.3924656261282585,ridge_core,core_network,full_network,True,constrained,aggregate_all_days,corridor_held_out,corridor,5,-124.28637022144804,124.28637022144804,-144.8664709395104,144.8664709395104,-176.51484792843064,176.51484792843064,148.5558963631297,False,
110P04170::MD,110P04170,MD,I66_WB,WESTBOUND,26177.0,501.0,1.0,2.0,10.375,11.0,12.125,10.256207258438897,11.195762507188006,12.964045889273969,162.4703178501044,0.3469760856685021,ridge_core,core_network,full_network,True,constrained,aggregate_all_days,corridor_held_out,corridor,5,-7.1275644936662985,7.1275644936662985,11.745750431280335,11.745750431280335,50.34275335643812,50.34275335643812,23.07202276046159,False,
110P04171::AM,110P04171,AM,I66_WB,WESTBOUND,25785.0,501.0,1.0,1.0,7.5,8.25,9.25,6.742991106358829,7.497635512554616,9.11384505283942,142.25123678883546,0.3183006727664592,ridge_core,core_network,full_network,True,constrained,aggregate_all_days,corridor_held_out,corridor,5,-45.420533618470245,45.420533618470245,-45.14186924672302,45.14186924672302,-8.169296829634831,8.169296829634831,32.9105665649427,False,
110P04171::MD,110P04171,MD,I66_WB,WESTBOUND,25785.0,501.0,1.0,3.0,9.0,9.25,10.25,10.375061290907375,11.32082578720237,13.059518115400312,161.06740946957618,0.3523113084426824,ridge_core,core_network,full_network,True,constrained,aggregate_all_days,corridor_held_out,corridor,5,82.50367745444251,82.50367745444251,124.2495472321422,124.2495472321422,168.57108692401874,168.57108692401874,125.10810387020116,False,
110P04172::MD,110P04172,MD,I66_WB,WESTBOUND,25785.0,501.0,1.0,2.0,8.25,9.125,10.25,10.375061290907375,11.32082578720237,13.059518115400312,161.06740946957618,0.3523113084426824,ridge_core,core_network,full_network,True,constrained,aggregate_all_days,corridor_held_out,corridor,5,127.50367745444252,127.50367745444252,131.74954723214222,131.74954723214222,168.57108692401874,168.57108692401874,142.60810387020118,False,
110P04175::PM,110P04175,PM,I66_WB,WESTBOUND,32565.0,401.0,1.0,2.0,15.625,16.25,17.5,14.86239614674434,16.17978472273884,17.55277517419705,161.42274164716238,0.4896665349201093,ridge_core,core_network,full_network,True,constrained,aggregate_all_days,corridor_held_out,corridor,5,-45.756231195339616,45.756231195339616,-4.212916635669544,4.212916635669544,3.166510451822901,3.166510451822901,17.711886094277354,False,
110P04176::MD,110P04176,MD,I66_WB,WESTBOUND,31350.0,501.0,1.0,1.0,13.0,13.25,18.25,11.139065280026683,12.21302002935439,14.54154910326368,204.14902939421964,0.3156384585852296,ridge_core,core_network,full_network,True,constrained,aggregate_all_days,corridor_held_out,corridor,5,-111.6560831983989,111.6560831983989,-62.21879823873664,62.21879823873664,-222.5070538041792,222.5070538041792,132.12731174710493,False,
110P04176::PM,110P04176,PM,I66_WB,WESTBOUND,31350.0,501.0,1.0,17.0,13.25,17.5,19.5,14.533937432074952,16.647435389906722,18.28778792546747,225.2310296035509,0.5630213460956752,ridge_core,core_network,full_network,True,constrained,aggregate_all_days,corridor_held_out,corridor,5,77.03624592449721,77.03624592449721,-51.15387660559669,51.15387660559669,-72.73272447195183,72.73272447195183,66.97428233401524,False,
110P04177::PM,110P04177,PM,I66_WB,WESTBOUND,35781.0,501.0,1.0,21.0,13.0,17.75,20.0,15.609582092048525,16.99931578847604,19.302608800211047,221.5816024897515,0.3763129287302072,ridge_core,core_network,full_network,True,constrained,aggregate_all_days,corridor_held_out,corridor,5,156.57492552291137,156.57492552291137,-45.04105269143764,45.04105269143764,-41.84347198733718,41.84347198733718,81.15315006722874,False,
110P04178::PM,110P04178,PM,I66_WB,WESTBOUND,32031.0,201.0,1.0,19.0,13.0,17.75,19.75,15.328766370259949,16.86899604581131,19.05601193368372,223.6347338054263,0.4132353635794628,ridge_core,core_network,full_network,True,constrained,aggregate_all_days,corridor_held_out,corridor,5,139.72598221559693,139.72598221559693,-52.86023725132132,52.86023725132132,-41.63928397897678,41.63928397897678,78.07516781529834,False,
110P04180::PM,110P04180,PM,I66_WB,WESTBOUND,31381.0,201.0,1.0,2.0,15.75,17.0,18.125,15.29312335044626,16.847650215708892,19.140370761449656,230.8348446602038,0.40406209926,ridge_core,core_network,full_network,True,constrained,aggregate_all_days,corridor_held_out,corridor,5,-27.4125989732244,27.4125989732244,-9.14098705746646,9.14098705746646,60.922245686979366,60.922245686979366,32.491943905890075,False,
110P04181::PM,110P04181,PM,I66_WB,WESTBOUND,32037.0,201.0,1.0,11.0,15.25,16.75,18.25,15.349196105485396,16.88282202886819,19.013644904893127,219.86692796446383,0.4185147637021608,ridge_core,core_network,full_network,True,constrained,aggregate_all_days,corridor_held_out,corridor,5,5.951766329123842,5.951766329123842,7.96932173209143,7.96932173209143,45.81869429358761,45.81869429358761,19.91326078493429,False,
110P04182::PM,110P04182,PM,I66_WB,WESTBOUND,32846.0,501.0,1.0,22.0,14.5,17.25,19.5,15.596622845617809,16.98394293208232,19.07684027798636,208.81304594211272,0.398630290613865,ridge_core,core_network,full_network,True,constrained,aggregate_all_days,corridor_held_out,corridor,5,65.79737073706852,65.79737073706852,-15.963424075060717,15.963424075060717,-25.389583320818616,25.389583320818616,35.71679271098262,False,
110P04183::PM,110P04183,PM,I66_WB,WESTBOUND,32044.0,401.0,1.0,19.0,14.25,17.5,19.75,15.546000929046164,17.013150825079812,18.953665072764508,204.4598486231007,0.4305441599161636,ridge_core,core_network,full_network,True,constrained,aggregate_all_days,corridor_held_out,corridor,5,77.76005574276982,77.76005574276982,-29.21095049521128,29.21095049521128,-47.78009563412951,47.78009563412951,51.58370062403687,False,
110P04184::PM,110P04184,PM,I66_WB,WESTBOUND,38749.0,301.0,1.0,1.0,15.0,15.75,16.75,15.194983814331325,16.59374734941365,18.51653804884141,199.2932540706056,0.421117174770032,ridge_core,core_network,full_network,True,constrained,aggregate_all_days,corridor_held_out,corridor,5,11.699028859879377,11.699028859879377,50.62484096481903,50.62484096481903,105.9922829304849,105.9922829304849,56.10538425172777,False,
110P05601::AM,110P05601,AM,VA286_NB,NORTHBOUND,32371.0,302.0,2.0,10.0,6.5,7.25,8.5,6.851350939681643,7.83285082008181,9.457467303193503,156.36698181071176,0.3766139893606098,ridge_core,core_network,full_network,True,constrained,aggregate_all_days,corridor_held_out,corridor,5,21.081056380898566,21.081056380898566,34.97104920490861,34.97104920490861,57.44803819161032,57.44803819161032,37.833381259139166,False,
110P05601::PM,110P05601,PM,VA286_NB,NORTHBOUND,32371.0,302.0,2.0,5.0,16.75,17.75,19.0,15.137976643022965,16.776565893269446,18.520043659600542,202.9240209946548,0.4844934302646145,ridge_core,core_network,full_network,True,constrained,aggregate_all_days,corridor_held_out,corridor,5,-96.72140141862222,96.72140141862222,-58.40604640383326,58.40604640383326,-28.797380423967454,28.797380423967454,61.30827608214097,False,
110P05602::MD,110P05602,MD,VA286_NB,NORTHBOUND,32181.0,302.0,2.0,1.0,14.25,14.5,15.25,10.583555158360106,11.918277100797315,14.027821817832422,206.65599956833896,0.3875199206096595,ridge_core,core_network,full_network,True,constrained,aggregate_all_days,corridor_held_out,corridor,5,-219.98669049839364,219.98669049839364,-154.90337395216108,154.90337395216108,-73.3306909300547,73.3306909300547,149.40691846020314,False,
110P05602::PM,110P05602,PM,VA286_NB,NORTHBOUND,32181.0,302.0,2.0,2.0,15.25,15.625,16.75,15.087013792528133,16.806518243769304,18.74956870406645,219.75329469229905,0.4694822310579252,ridge_core,core_network,full_network,True,constrained,aggregate_all_days,corridor_held_out,corridor,5,-9.77917244831204,9.77917244831204,70.89109462615824,70.89109462615824,119.97412224398708,119.97412224398708,66.88146310615245,False,
110P05609::AM,110P05609,AM,VA286_NB,NORTHBOUND,32323.0,505.0,5.0,3.0,6.75,8.0,10.0,6.834648185582867,7.664490981227469,9.399637713479663,153.8993716738078,0.323526777251619,ridge_core,core_network,full_network,True,constrained,aggregate_all_days,corridor_held_out,corridor,5,5.078891134972015,5.078891134972015,-20.13054112635187,20.13054112635187,-36.02173719122021,36.02173719122021,20.41038981751469,False,
110P05609::MD,110P05609,MD,VA286_NB,NORTHBOUND,32323.0,505.0,5.0,7.0,10.75,11.5,14.5,10.772551973846127,11.908596212857322,14.185459458833227,204.774449099226,0.3328669892191604,ridge_core,core_network,full_network,True,constrained,aggregate_all_days,corridor_held_out,corridor,5,1.3531184307677435,1.3531184307677435,24.51577277143933,24.51577277143933,-18.87243247000626,18.87243247000626,14.913774557404444,False,
110P05609::PM,110P05609,PM,VA286_NB,NORTHBOUND,32323.0,505.0,5.0,12.0,15.875,17.5,19.75,15.32177935965747,16.839886105370688,19.059302263158617,224.25137421006897,0.4061799177982623,ridge_core,core_network,full_network,True,constrained,aggregate_all_days,corridor_held_out,corridor,5,-33.19323842055184,33.19323842055184,-39.60683367775872,39.60683367775872,-41.44186421048296,41.44186421048296,38.0806454362645,False,
110P05612::AM,110P05612,AM,VA286_NB,NORTHBOUND,29495.0,405.0,5.0,3.0,7.0,7.75,11.5,7.054973891356969,7.790001021344468,9.54054010746051,149.13397296621247,0.2957181849453009,ridge_core,core_network,full_network,True,constrained,aggregate_all_days,corridor_held_out,corridor,5,3.298433481418144,3.298433481418144,2.400061280668062,2.400061280668062,-117.5675935523694,117.5675935523694,41.08869610481853,False,
110P05612::MD,110P05612,MD,VA286_NB,NORTHBOUND,29495.0,405.0,5.0,8.0,9.0,12.625,15.125,11.06424947116954,12.079170145702223,14.42609166057048,201.7105313640565,0.3018942048298635,ridge_core,core_network,full_network,True,constrained,aggregate_all_days,corridor_held_out,corridor,5,123.85496827017236,123.85496827017236,-32.749791257866505,32.749791257866505,-41.93450036577112,41.93450036577112,66.17975329793666,False,
110P05612::PM,110P05612,PM,VA286_NB,NORTHBOUND,29495.0,405.0,5.0,4.0,16.0,16.75,19.25,15.573245908590026,16.909655629939284,19.087791374667862,210.8727279646701,0.3802510834610613,ridge_core,core_network,full_network,True,constrained,aggregate_all_days,corridor_held_out,corridor,5,-25.60524548459842,25.60524548459842,9.579337796357024,9.579337796357024,-9.732517519928264,9.732517519928264,14.972366933627905,False,
110P05614::AM,110P05614,AM,VA286_NB,NORTHBOUND,32874.0,505.0,5.0,2.0,7.0,8.375,9.875,6.83633301632622,7.656030198190779,9.29924551018764,147.77474963168504,0.332816201918492,ridge_core,core_network,full_network,True,constrained,aggregate_all_days,corridor_held_out,corridor,5,-9.820019020426791,9.820019020426791,-43.13818810855327,43.13818810855327,-34.54526938874167,34.54526938874167,29.16782550590725,False,
110P05615::AM,110P05615,AM,VA286_NB,NORTHBOUND,32243.0,505.0,5.0,1.0,5.25,8.5,11.5,6.879485619462371,7.727405442291782,9.537941342866842,159.50734340426834,0.318952019913105,ridge_core,core_network,full_network,True,constrained,aggregate_all_days,corridor_held_out,corridor,5,97.76913716774226,97.76913716774226,-46.35567346249309,46.35567346249309,-117.72351942798946,117.72351942798946,87.28277668607494,False,
110P05615::MD,110P05615,MD,VA286_NB,NORTHBOUND,32243.0,505.0,5.0,2.0,7.75,11.875,15.0,10.934111181593371,12.127897250934572,14.68590080108907,225.107377169742,0.31819110089165,ridge_core,core_network,full_network,True,constrained,aggregate_all_days,corridor_held_out,corridor,5,191.0466708956024,191.0466708956024,15.17383505607441,15.17383505607441,-18.84595193465575,18.84595193465575,75.0221526287775,False,
110P05615::PM,110P05615,PM,VA286_NB,NORTHBOUND,32243.0,505.0,5.0,4.0,17.0,17.625,20.5,15.3529295811079,16.893068640997463,19.17246812548656,229.1723126627197,0.4032264740870952,ridge_core,core_network,full_network,True,constrained,aggregate_all_days,corridor_held_out,corridor,5,-98.82422513352606,98.82422513352606,-43.91588154015224,43.91588154015224,-79.6519124708064,79.6519124708064,74.13067304816157,False,
110P05618::AM,110P05618,AM,VA286_NB,NORTHBOUND,29805.0,305.0,5.0,1.0,8.0,8.25,9.0,7.065347127537628,7.821022281086627,9.5627026880178,149.8413336288103,0.3025901339430035,ridge_core,core_network,full_network,True,constrained,aggregate_all_days,corridor_held_out,corridor,5,-56.07917234774234,56.07917234774234,-25.73866313480238,25.73866313480238,33.76216128106794,33.76216128106794,38.52666558787089,False,
110P05618::MD,110P05618,MD,VA286_NB,NORTHBOUND,29805.0,305.0,5.0,2.0,9.25,12.25,14.875,11.137468032696582,12.202199335630942,14.66032435828049,211.3713795350345,0.3022352331549833,ridge_core,core_network,full_network,True,constrained,aggregate_all_days,corridor_held_out,corridor,5,113.2480819617949,113.2480819617949,-2.868039862143484,2.868039862143484,-12.880538503170555,12.880538503170555,42.99888677570298,False,
110P05619::PM,110P05619,PM,VA286_NB,NORTHBOUND,31811.0,205.0,5.0,2.0,14.625,16.0,17.5,15.559023105608404,16.89591487611587,18.71062714666908,189.09624246364027,0.4241940780281324,ridge_core,core_network,full_network,True,constrained,aggregate_all_days,corridor_held_out,corridor,5,56.04138633650422,56.04138633650422,53.75489256695225,53.75489256695225,72.63762880014454,72.63762880014454,60.811302567867,False,
110P05625::AM,110P05625,AM,VA286_NB,NORTHBOUND,32171.0,405.0,5.0,4.0,6.125,7.875,9.0,7.057310130187561,7.7977345294043054,9.593452689409354,152.16855355330753,0.2919490454211457,ridge_core,core_network,full_network,True,constrained,aggregate_all_days,corridor_held_out,corridor,5,55.93860781125368,55.93860781125368,-4.635928235741673,4.635928235741673,35.60716136456122,35.60716136456122,32.06056580385219,False,
110P05625::MD,110P05625,MD,VA286_NB,NORTHBOUND,32171.0,405.0,5.0,8.0,10.625,10.875,12.875,11.15698797441775,12.202974637568923,14.758645956198734,216.09947890685905,0.2904180986763063,ridge_core,core_network,full_network,True,constrained,aggregate_all_days,corridor_held_out,corridor,5,31.91927846506495,31.91927846506495,79.6784782541355,79.6784782541355,113.01875737192404,113.01875737192404,74.87217136370816,False,
110P05625::PM,110P05625,PM,VA286_NB,NORTHBOUND,32171.0,405.0,5.0,9.0,15.125,16.0,19.25,15.554961221362191,16.883994431306537,19.053406195941875,209.9066984747811,0.3798925578653757,ridge_core,core_network,full_network,True,constrained,aggregate_all_days,corridor_held_out,corridor,5,25.79767328173148,25.79767328173148,53.0396658783922,53.0396658783922,-11.7956282434875,11.7956282434875,30.21098913453706,False,
110P05627::AM,110P05627,AM,VA286_NB,NORTHBOUND,32252.0,205.0,5.0,1.0,5.5,8.75,13.25,7.0803091528499404,7.843722316713691,9.452047449406724,142.30429779340696,0.3218791740100712,ridge_core,core_network,full_network,True,constrained,aggregate_all_days,corridor_held_out,corridor,5,94.81854917099642,94.81854917099642,-54.37666099717852,54.37666099717852,-227.87715303559656,227.87715303559656,125.6907877345905,False,
110P05628::AM,110P05628,AM,VA286_NB,NORTHBOUND,32280.0,205.0,5.0,3.0,5.25,8.75,12.0,7.088727272977994,7.845637254417832,9.434525404390923,140.74788788477576,0.3226662905490221,ridge_core,core_network,full_network,True,constrained,aggregate_all_days,corridor_held_out,corridor,5,110.32363637867968,110.32363637867968,-54.2617647349301,54.2617647349301,-153.9284757365446,153.9284757365446,106.1712922833848,False,
110P05628::MD,110P05628,MD,VA286_NB,NORTHBOUND,32280.0,205.0,5.0,3.0,6.0,9.0,11.5,10.9764028072979,12.055813598396192,14.17673283873992,192.0198018865213,0.3372810867921409,ridge_core,core_network,full_network,True,constrained,aggregate_all_days,corridor_held_out,corridor,5,298.584168437874,298.584168437874,183.3488159037715,183.3488159037715,160.60397032439528,160.60397032439528,214.17898488868025,False,
110P05628::PM,110P05628,PM,VA286_NB,NORTHBOUND,32280.0,205.0,5.0,5.0,13.0,17.25,19.75,15.52508099664145,16.889332820091038,18.78790967235971,195.76972054309573,0.4181193556383312,ridge_core,core_network,full_network,True,constrained,aggregate_all_days,corridor_held_out,corridor,5,151.50485979848696,151.50485979848696,-21.640030794537708,21.640030794537708,-57.725419658417394,57.725419658417394,76.95677008381402,False,
110P05629::AM,110P05629,AM,VA286_NB,NORTHBOUND,32276.0,105.0,5.0,9.0,7.25,8.5,9.5,7.326992651021745,8.250301760481179,9.94496302139994,157.07822222269164,0.3526812678655534,ridge_core,core_network,full_network,True,constrained,aggregate_all_days,corridor_held_out,corridor,5,4.619559061304681,4.619559061304681,-14.981894371129272,14.981894371129272,26.69778128399635,26.69778128399635,15.433078238810102,False,
110P05629::MD,110P05629,MD,VA286_NB,NORTHBOUND,32276.0,105.0,5.0,1.0,7.75,9.0,9.75,11.149786134659315,12.453478110831623,14.686289602102931,212.19020804661704,0.3686386817300904,ridge_core,core_network,full_network,True,constrained,aggregate_all_days,corridor_held_out,corridor,5,203.98716807955893,203.98716807955893,207.2086866498974,207.2086866498974,296.1773761261759,296.1773761261759,235.7910769518774,False,
110P05631::AM,110P05631,AM,VA286_NB,NORTHBOUND,31016.0,305.0,5.0,7.0,6.75,7.75,10.25,7.035219215951401,7.76088567417915,9.390570413190506,141.32107183434627,0.3080926781018306,ridge_core,core_network,full_network,True,constrained,aggregate_all_days,corridor_held_out,corridor,5,17.11315295708408,17.11315295708408,0.6531404507489924,0.6531404507489924,-51.56577520856963,51.56577520856963,23.1106895388009,False,
110P05631::MD,110P05631,MD,VA286_NB,NORTHBOUND,31016.0,305.0,5.0,8.0,9.75,10.375,13.5,10.862518128632042,11.834897873155418,13.84099877226834,178.70883861817794,0.3264683779634166,ridge_core,core_network,full_network,True,constrained,aggregate_all_days,corridor_held_out,corridor,5,66.7510877179225,66.7510877179225,87.59387238932507,87.59387238932507,20.459926336100445,20.459926336100445,58.268295481116006,False,
110P05631::PM,110P05631,PM,VA286_NB,NORTHBOUND,31016.0,305.0,5.0,6.0,15.75,16.375,18.125,15.49966897288955,16.809839085732442,18.80254354079736,198.17247407446868,0.3966757095691986,ridge_core,core_network,full_network,True,constrained,aggregate_all_days,corridor_held_out,corridor,5,-15.019861626626998,15.019861626626998,26.090345143946507,26.090345143946507,40.65261244784175,40.65261244784175,27.25427307280508,False,
110P05633::AM,110P05633,AM,VA286_NB,NORTHBOUND,32932.0,505.0,5.0,3.0,3.5,7.0,9.25,6.762170333129491,7.557822760804779,9.128776294573148,141.9963576866193,0.3361997901796592,ridge_core,core_network,full_network,True,constrained,aggregate_all_days,corridor_held_out,corridor,5,195.7302199877695,195.7302199877695,33.46936564828674,33.46936564828674,-7.273422325611207,7.273422325611207,78.82433598722247,False,
110P06687::AM,110P06687,AM,VA236_EB,EASTBOUND,34477.0,502.0,2.0,5.0,6.25,7.5,10.0,6.875148811627288,7.803193455202525,9.545685913886544,160.23222613555532,0.3475123572670521,ridge_core,core_network,full_network,True,constrained,aggregate_all_days,corridor_held_out,corridor,5,37.5089286976373,37.5089286976373,18.19160731215149,18.19160731215149,-27.25884516680736,27.25884516680736,27.653127058865383,False,
110P06687::MD,110P06687,MD,VA236_EB,EASTBOUND,34477.0,502.0,2.0,9.0,7.0,9.5,11.75,10.782707748156492,12.049827545805911,14.327743997626476,212.70217496819885,0.3574349339414694,ridge_core,core_network,full_network,True,constrained,aggregate_all_days,corridor_held_out,corridor,5,226.9624648893896,226.9624648893896,152.98965274835467,152.98965274835467,154.66463985758853,154.66463985758853,178.2055858317776,False,
110P06687::PM,110P06687,PM,VA236_EB,EASTBOUND,34477.0,502.0,2.0,3.0,13.25,17.5,19.75,15.241129830724446,16.856572654761415,18.87790103879658,218.206272484328,0.4441969900254794,ridge_core,core_network,full_network,True,constrained,aggregate_all_days,corridor_held_out,corridor,5,119.4677898434668,119.4677898434668,-38.60564071431512,38.60564071431512,-52.325937672205214,52.325937672205214,70.13312274332904,False,
110P06688::PM,110P06688,PM,VA236_EB,EASTBOUND,31696.0,202.0,2.0,13.0,15.25,17.375,19.0,14.691437988985465,16.671863811623524,18.75856586469439,244.02767254253567,0.486934732115562,ridge_core,core_network,full_network,True,constrained,aggregate_all_days,corridor_held_out,corridor,5,-33.513720660872224,33.513720660872224,-42.18817130258856,42.18817130258856,-14.486048118336612,14.486048118336612,30.062646693932464,False,
110P06694::AM,110P06694,AM,VA236_EB,EASTBOUND,27855.0,202.0,2.0,12.0,6.25,8.0,10.25,7.238119290836837,8.009942591372365,9.809802435992964,154.3009887093676,0.3001237932399604,ridge_core,core_network,full_network,True,constrained,aggregate_all_days,corridor_held_out,corridor,5,59.2871574502102,59.2871574502102,0.5965554823418984,0.5965554823418984,-26.411853840422168,26.411853840422168,28.76518892432476,False,
110P06694::MD,110P06694,MD,VA236_EB,EASTBOUND,27855.0,202.0,2.0,5.0,11.125,12.875,14.0,10.95142450225529,11.97201733866681,14.060715109568516,186.5574364387936,0.328239770837447,ridge_core,core_network,full_network,True,constrained,aggregate_all_days,corridor_held_out,corridor,5,-10.414529864682647,10.414529864682647,-54.17895967999144,54.17895967999144,3.642906574110967,3.642906574110967,22.74546537292835,False,
110P06694::PM,110P06694,PM,VA236_EB,EASTBOUND,27855.0,202.0,2.0,7.0,14.25,17.0,20.25,15.61188286468825,16.9616341556683,18.994600328414005,202.96304782354528,0.3990139009402877,ridge_core,core_network,full_network,True,constrained,aggregate_all_days,corridor_held_out,corridor,5,81.71297188129498,81.71297188129498,-2.301950659902019,2.301950659902019,-75.32398029515967,75.32398029515967,53.112967612118894,False,
110P10079::AM,110P10079,AM,VA611_NB,NORTHBOUND,29288.0,303.0,3.0,2.0,4.625,7.125,9.0,6.759830805512321,7.736613959434027,9.797357320747402,182.25159091410487,0.3215718937834885,ridge_core,core_network,full_network,True,constrained,aggregate_all_days,corridor_held_out,corridor,5,128.08984833073924,128.08984833073924,36.6968375660416,36.6968375660416,47.84143924484411,47.84143924484411,70.87604171387498,False,
110P10079::PM,110P10079,PM,VA611_NB,NORTHBOUND,29288.0,303.0,3.0,2.0,15.75,17.5,21.5,15.016777168222731,16.69986183450921,18.99923001390512,238.9471707409429,0.4226251336814223,ridge_core,core_network,full_network,True,constrained,aggregate_all_days,corridor_held_out,corridor,5,-43.993369906636026,43.993369906636026,-48.00828992944737,48.00828992944737,-150.04619916569305,150.04619916569305,80.68261966725882,False,
110P10081::AM,110P10081,AM,VA611_NB,NORTHBOUND,29214.0,503.0,3.0,2.0,6.375,8.25,10.5,6.844496042753052,7.741966205060202,9.527826705122376,160.9998397421594,0.3344612629718558,ridge_core,core_network,full_network,True,constrained,aggregate_all_days,corridor_held_out,corridor,5,28.169762565183127,28.169762565183127,-30.482027696387863,30.482027696387863,-58.330397692657456,58.330397692657456,38.994062651409486,False,
110P10087::AM,110P10087,AM,VA606_EB,EASTBOUND,38023.0,503.0,3.0,3.0,6.0,8.25,9.0,7.368214226962432,8.04659922543752,9.618917159568174,135.04217595634455,0.3014102788277306,ridge_core,core_network,full_network,True,constrained,aggregate_all_days,corridor_held_out,corridor,5,82.09285361774592,82.09285361774592,-12.20404647374881,12.20404647374881,37.13502957409041,37.13502957409041,43.81064322186171,False,
110P10087::MD,110P10087,MD,VA606_EB,EASTBOUND,38023.0,503.0,3.0,7.0,12.75,13.75,15.25,11.236735401447014,12.1327189629741,14.017486625116064,166.84507342014305,0.3222091763911499,ridge_core,core_network,full_network,True,constrained,aggregate_all_days,corridor_held_out,corridor,5,-90.79587591317916,90.79587591317916,-97.03686222155396,97.03686222155396,-73.95080249303606,73.95080249303606,87.2611802092564,False,
110P10087::PM,110P10087,PM,VA606_EB,EASTBOUND,38023.0,503.0,3.0,8.0,15.0,16.0,17.875,15.869735849249668,17.039146157241166,18.787226978254047,175.04946774026274,0.4008273740289213,ridge_core,core_network,full_network,True,constrained,aggregate_all_days,corridor_held_out,corridor,5,52.1841509549801,52.1841509549801,62.34876943446999,62.34876943446999,54.733618695242825,54.733618695242825,56.42217969489764,False,
110P10954::AM,110P10954,AM,VA620_EB,EASTBOUND,35383.0,603.0,3.0,3.0,8.0,8.5,10.0,6.790411765633398,7.627673504166019,9.21043967827317,145.20167475838636,0.3459719345217525,ridge_core,core_network,full_network,True,constrained,aggregate_all_days,corridor_held_out,corridor,5,-72.5752940619961,72.5752940619961,-52.33958975003887,52.33958975003887,-47.37361930360979,47.37361930360979,57.42950103854826,False,
110P10954::MD,110P10954,MD,VA620_EB,EASTBOUND,35383.0,603.0,3.0,1.0,7.5,10.25,11.0,10.577744704743118,11.66196259697341,13.485524203892924,174.46676994898843,0.372867988287042,ridge_core,core_network,full_network,True,constrained,aggregate_all_days,corridor_held_out,corridor,5,184.6646822845871,184.6646822845871,84.71775581840461,84.71775581840461,149.13145223357554,149.13145223357554,139.5046301121891,False,
110P10954::PM,110P10954,PM,VA620_EB,EASTBOUND,35383.0,603.0,3.0,3.0,16.75,17.25,18.75,15.196845745992436,16.626145151637875,18.385854783539926,191.3405422528494,0.4481954703849454,ridge_core,core_network,full_network,True,constrained,aggregate_all_days,corridor_held_out,corridor,5,-93.18925524045386,93.18925524045386,-37.43129090172751,37.43129090172751,-21.84871298760441,21.84871298760441,50.823086376595256,False,
110P10956::AM,110P10956,AM,VA620_EB,EASTBOUND,34555.0,403.0,3.0,6.0,6.75,7.875,10.0,6.642469136836088,7.704015889589806,9.73379311278176,185.47943855674043,0.3433955033551534,ridge_core,core_network,full_network,True,constrained,aggregate_all_days,corridor_held_out,corridor,5,-6.451851789834748,6.451851789834748,-10.25904662461162,10.25904662461162,-15.97241323309433,15.97241323309433,10.8944372158469,False,
110P10957::AM,110P10957,AM,VA620_EB,EASTBOUND,31688.0,303.0,3.0,4.0,7.625,8.25,9.5,6.892861729772985,7.75376470686512,9.736816214851144,170.6372691046895,0.3027133456632924,ridge_core,core_network,full_network,True,constrained,aggregate_all_days,corridor_held_out,corridor,5,-43.9282962136209,43.9282962136209,-29.774117588092768,29.774117588092768,14.208972891068647,14.208972891068647,29.30379556426077,False,
110P10957::MD,110P10957,MD,VA620_EB,EASTBOUND,31688.0,303.0,3.0,2.0,13.375,13.875,15.375,10.642211765148025,11.800134617350151,14.18783297117303,212.7372723615004,0.3265782735714952,ridge_core,core_network,full_network,True,constrained,aggregate_all_days,corridor_held_out,corridor,5,-163.96729409111862,163.96729409111862,-124.4919229589908,124.4919229589908,-71.23002172961819,71.23002172961819,119.89641292657586,False,
110P10957::PM,110P10957,PM,VA620_EB,EASTBOUND,31688.0,303.0,3.0,7.0,15.0,16.5,19.0,15.201535112838128,16.727916258876327,19.015972399097965,228.86623717559024,0.4001589307907741,ridge_core,core_network,full_network,True,constrained,aggregate_all_days,corridor_held_out,corridor,5,12.092106770287678,12.092106770287678,13.674975532579625,13.674975532579625,0.9583439458778996,0.9583439458778996,8.9084754162484,False,
110P13155::MD,110P13155,MD,VA640_EB,EASTBOUND,38176.0,503.0,3.0,14.0,12.0,13.25,14.0,10.717515680768248,11.752654241901393,13.495602581385308,166.68521403702366,0.3726084165701301,ridge_core,core_network,full_network,True,constrained,aggregate_all_days,corridor_held_out,corridor,5,-76.94905915390514,76.94905915390514,-89.84074548591653,89.84074548591653,-30.263845116881534,30.263845116881534,65.68454991890107,False,
110P13156::AM,110P13156,AM,VA640_EB,EASTBOUND,38316.0,503.0,3.0,1.0,7.5,7.75,12.0,6.9549279904375965,7.7644262428347135,9.333365492999867,142.70625015373628,0.3403487590172335,ridge_core,core_network,full_network,True,constrained,aggregate_all_days,corridor_held_out,corridor,5,-32.70432057374421,32.70432057374421,0.8655745700828099,0.8655745700828099,-159.99807042000796,159.99807042000796,64.522655187945,False,
110P13156::MD,110P13156,MD,VA640_EB,EASTBOUND,38316.0,503.0,3.0,3.0,7.25,11.25,13.25,10.749043336122313,11.815074783560824,13.68338635489044,176.0605811260876,0.3632947615940429,ridge_core,core_network,full_network,True,constrained,aggregate_all_days,corridor_held_out,corridor,5,209.94260016733875,209.94260016733875,33.90448701364946,33.90448701364946,26.003181293426465,26.003181293426465,89.95008949147156,False,
110P13156::PM,110P13156,PM,VA640_EB,EASTBOUND,38316.0,503.0,3.0,2.0,16.0,17.25,20.75,15.35133600858878,16.75831984495014,18.556025134359206,192.28134754622545,0.4390391021229285,ridge_core,core_network,full_network,True,constrained,aggregate_all_days,corridor_held_out,corridor,5,-38.91983948467313,38.91983948467313,-29.500809302991584,29.500809302991584,-131.6384919384476,131.6384919384476,66.68638024203744,False,
110P13159::PM,110P13159,PM,VA640_EB,EASTBOUND,40604.0,303.0,3.0,1.0,17.0,18.75,23.75,15.148133900409343,16.666782008405622,18.77418218496802,217.56289707352056,0.4188162949907084,ridge_core,core_network,full_network,True,constrained,aggregate_all_days,corridor_held_out,corridor,5,-111.1119659754393,111.1119659754393,-124.99307949566266,124.99307949566266,-298.5490689019189,298.5490689019189,178.21803812434027,False,
110P18173::MD,110P18173,MD,VA286_NB,NORTHBOUND,32891.0,405.0,5.0,10.0,9.5,10.25,13.25,11.017222546392174,11.99182300180285,14.06502628569014,182.86822435787803,0.3197713956592118,ridge_core,core_network,full_network,True,constrained,aggregate_all_days,corridor_held_out,corridor,5,91.03335278353046,91.03335278353046,104.50938010817096,104.50938010817096,48.90157714140848,48.90157714140848,81.4814366777033,False,
110P18173::PM,110P18173,PM,VA286_NB,NORTHBOUND,32891.0,405.0,5.0,7.0,15.0,17.25,19.75,15.62845197136883,16.97499617548909,19.100109297801254,208.2994395859453,0.387867832999522,ridge_core,core_network,full_network,True,constrained,aggregate_all_days,corridor_held_out,corridor,5,37.70711828212985,37.70711828212985,-16.50022947065466,16.50022947065466,-38.99344213192478,38.99344213192478,31.06692996156976,False,
110P18880::AM,110P18880,AM,VA606_EB,EASTBOUND,32781.0,203.0,3.0,5.0,5.75,7.75,10.25,6.890321514189951,7.967869268915662,9.977911761656989,185.2554148480221,0.3489931203175996,ridge_core,core_network,full_network,True,constrained,aggregate_all_days,corridor_held_out,corridor,5,68.41929085139708,68.41929085139708,13.072156134939696,13.072156134939696,-16.32529430058078,16.32529430058078,32.60558042897252,False,
110P18880::MD,110P18880,MD,VA606_EB,EASTBOUND,32781.0,203.0,3.0,1.0,7.5,9.25,14.5,10.560849358000237,11.989765927129657,14.407761320507433,230.8147177504316,0.3714450923379425,ridge_core,core_network,full_network,True,constrained,aggregate_all_days,corridor_held_out,corridor,5,183.6509614800142,183.6509614800142,164.38595562777942,164.38595562777942,-5.534320769554135,5.534320769554135,117.85707929244926,False,
110P18880::PM,110P18880,PM,VA606_EB,EASTBOUND,32781.0,203.0,3.0,4.0,13.0,17.5,19.625,15.041797091041584,16.897781680185798,19.1532784896248,246.6888839149925,0.4514150519527524,ridge_core,core_network,full_network,True,constrained,aggregate_all_days,corridor_held_out,corridor,5,122.50782546249503,122.50782546249503,-36.13309918885214,36.13309918885214,-28.30329062251245,28.30329062251245,62.31473842461988,False,
110P18881::AM,110P18881,AM,VA606_EB,EASTBOUND,30538.0,403.0,3.0,3.0,6.5,7.75,12.75,6.7388282926781615,7.779062212165114,9.737727393052872,179.9339460224826,0.3468719302216523,ridge_core,core_network,full_network,True,constrained,aggregate_all_days,corridor_held_out,corridor,5,14.329697560689691,14.329697560689691,1.7437327299068173,1.7437327299068173,-180.7363564168277,180.7363564168277,65.60326223580807,False,
110P18881::MD,110P18881,MD,VA606_EB,EASTBOUND,30538.0,403.0,3.0,14.0,11.0,13.0,15.75,10.452504968782218,11.844290175458912,14.252877939803884,228.02237826129985,0.3662233199975991,ridge_core,core_network,full_network,True,constrained,aggregate_all_days,corridor_held_out,corridor,5,-32.849701873066905,32.849701873066905,-69.34258947246526,69.34258947246526,-89.82732361176704,89.82732361176704,64.00653831909973,False,
110P18881::PM,110P18881,PM,VA606_EB,EASTBOUND,30538.0,403.0,3.0,7.0,16.25,17.25,18.75,14.943304507197023,16.74948005984894,18.98860115441201,242.7177988328989,0.4464877882059381,ridge_core,core_network,full_network,True,constrained,aggregate_all_days,corridor_held_out,corridor,5,-78.4017295681786,78.4017295681786,-30.031196409063696,30.031196409063696,14.316069264720356,14.316069264720356,40.91633174732088,False,
110P57903::AM,110P57903,AM,VA645_NB,NORTHBOUND,29906.0,403.0,3.0,9.0,5.75,6.75,11.0,6.707118165134999,7.75343117436409,9.745426914573908,182.29852496633453,0.3443734970721183,ridge_core,core_network,full_network,True,constrained,aggregate_all_days,corridor_held_out,corridor,5,57.42708990809991,57.42708990809991,60.20587046184541,60.20587046184541,-75.2743851255655,75.2743851255655,64.30244849850361,False,
110P57903::MD,110P57903,MD,VA645_NB,NORTHBOUND,29906.0,403.0,3.0,11.0,9.125,10.25,11.625,10.407173793458313,11.784577979452171,14.150110718318391,224.5762154916047,0.368000907748492,ridge_core,core_network,full_network,True,constrained,aggregate_all_days,corridor_held_out,corridor,5,76.93042760749876,76.93042760749876,92.07467876713028,92.07467876713028,151.50664309910348,151.50664309910348,106.8372498245775,False,
110P57903::PM,110P57903,PM,VA645_NB,NORTHBOUND,29906.0,403.0,3.0,9.0,13.0,15.25,18.25,14.895791095325228,16.735437746943003,19.066331095411776,250.2324000051929,0.4411051450362779,ridge_core,core_network,full_network,True,constrained,aggregate_all_days,corridor_held_out,corridor,5,113.74746571951366,113.74746571951366,89.12626481658016,89.12626481658016,48.97986572470657,48.97986572470657,83.95119875360014,False,
110P57916::MD,110P57916,MD,VA645_NB,NORTHBOUND,29763.0,403.0,3.0,7.0,12.25,12.75,13.75,10.3972516745018,11.750005829053702,14.018022886935398,217.24627274601588,0.373609398436055,ridge_core,core_network,full_network,True,constrained,aggregate_all_days,corridor_held_out,corridor,5,-111.16489952989204,111.16489952989204,-59.99965025677788,59.99965025677788,16.081373216123893,16.081373216123893,62.41530766759794,False,
110P57918::AM,110P57918,AM,VA645_NB,NORTHBOUND,31072.0,403.0,3.0,6.0,6.125,6.625,9.75,6.71516716777549,7.759920006817621,9.7435949074954,181.70566438319463,0.3449819275327193,ridge_core,core_network,full_network,True,constrained,aggregate_all_days,corridor_held_out,corridor,5,35.41003006652937,35.41003006652937,68.09520040905727,68.09520040905727,-0.3843055502759185,0.3843055502759185,34.62984534195419,False,
110P57918::MD,110P57918,MD,VA645_NB,NORTHBOUND,31072.0,403.0,3.0,9.0,10.125,11.125,12.25,10.40446234808308,11.771143819478452,14.093351917009702,221.33337413559727,0.3704858727427408,ridge_core,core_network,full_network,True,constrained,aggregate_all_days,corridor_held_out,corridor,5,16.76774088498476,16.76774088498476,38.7686291687071,38.7686291687071,110.60111502058211,110.60111502058211,55.37916169142466,False,
110P57918::PM,110P57918,PM,VA645_NB,NORTHBOUND,31072.0,403.0,3.0,8.0,15.5,16.625,19.375,14.936156187013786,16.72958609584482,18.948993829299265,240.77025853712863,0.4469231174300888,ridge_core,core_network,full_network,True,constrained,aggregate_all_days,corridor_held_out,corridor,5,-33.83062877917283,33.83062877917283,6.275165750689169,6.275165750689169,-25.56037024204408,25.56037024204408,21.88872159063536,False,
110P57953::AM,110P57953,AM,VA619_NB,NORTHBOUND,39264.0,503.0,3.0,1.0,7.5,8.0,8.75,6.95275125760133,7.76155060708852,9.333689431197982,142.85629041579907,0.3396977537914878,ridge_core,core_network,full_network,True,constrained,aggregate_all_days,corridor_held_out,corridor,5,-32.834924543920216,32.834924543920216,-14.306963574688822,14.306963574688822,35.02136587187891,35.02136587187891,27.38775133016265,False,
110P57953::MD,110P57953,MD,VA619_NB,NORTHBOUND,39264.0,503.0,3.0,16.0,8.25,9.25,10.75,10.719223908451715,11.776497372567668,13.614400790486275,173.7106129220737,0.3651844108996074,ridge_core,core_network,full_network,True,constrained,aggregate_all_days,corridor_held_out,corridor,5,148.1534345071029,148.1534345071029,151.5898423540601,151.5898423540601,171.86404742917654,171.86404742917654,157.20244143011317,False,
110P57953::PM,110P57953,PM,VA619_NB,NORTHBOUND,39264.0,503.0,3.0,14.0,14.0,16.0,18.25,15.34399159541624,16.740307720705303,18.516043094382955,190.3230899380028,0.4401933971576152,ridge_core,core_network,full_network,True,constrained,aggregate_all_days,corridor_held_out,corridor,5,80.63949572497438,80.63949572497438,44.41846324231818,44.41846324231818,15.962585662977276,15.962585662977276,47.00684821008995,False,
110P57954::MD,110P57954,MD,VA619_NB,NORTHBOUND,38957.0,303.0,3.0,4.0,12.25,12.875,14.25,10.606986134981668,11.72567135829333,13.813568653685556,192.39495112223327,0.3488714906871748,ridge_core,core_network,full_network,True,constrained,aggregate_all_days,corridor_held_out,corridor,5,-98.58083190109994,98.58083190109994,-68.95971850240024,68.95971850240024,-26.18588077886656,26.18588077886656,64.57547706078891,False,
110P57954::PM,110P57954,PM,VA619_NB,NORTHBOUND,38957.0,303.0,3.0,11.0,15.25,17.0,18.5,15.237210167240384,16.7170132885158,18.753394421959456,210.97105528314447,0.4208548284377796,ridge_core,core_network,full_network,True,constrained,aggregate_all_days,corridor_held_out,corridor,5,-0.7673899655770455,0.7673899655770455,-16.97920268905193,16.97920268905193,15.203665317567356,15.203665317567356,10.983419324065444,False,
110P58117::AM,110P58117,AM,VA640_EB,EASTBOUND,35817.0,404.0,4.0,1.0,7.5,7.75,8.5,7.1103651655518645,7.776597554928582,9.549934207405782,146.374142511235,0.2730942957328329,ridge_core,core_network,full_network,True,constrained,aggregate_all_days,corridor_held_out,corridor,5,-23.37809006688813,23.37809006688813,1.5958532957149174,1.5958532957149174,62.99605244434691,62.99605244434691,29.323331935649986,False,
110P58117::MD,110P58117,MD,VA640_EB,EASTBOUND,35817.0,404.0,4.0,6.0,7.875,10.625,14.75,10.833139495587714,11.712428608888349,13.753632243143132,175.2295648533251,0.3010756024087505,ridge_core,core_network,full_network,True,constrained,aggregate_all_days,corridor_held_out,corridor,5,177.48836973526284,177.48836973526284,65.24571653330092,65.24571653330092,-59.78206541141208,59.78206541141208,100.83871722665862,False,
110P58117::PM,110P58117,PM,VA640_EB,EASTBOUND,35817.0,404.0,4.0,4.0,15.875,16.625,19.125,15.556216789860374,16.72320746874993,18.7225040281876,189.97723429963312,0.3685675338495469,ridge_core,core_network,full_network,True,constrained,aggregate_all_days,corridor_held_out,corridor,5,-19.126992608377584,19.126992608377584,5.892448124995795,5.892448124995795,-24.1497583087444,24.1497583087444,16.38973301403926,False,
110P58118::AM,110P58118,AM,VA640_EB,EASTBOUND,36954.0,304.0,4.0,1.0,7.0,8.5,10.0,7.272748705636591,7.975110184788431,9.70598616586206,145.99424761352816,0.2886530766655044,ridge_core,core_network,full_network,True,constrained,aggregate_all_days,corridor_held_out,corridor,5,16.364922338195456,16.364922338195456,-31.49338891269416,31.49338891269416,-17.640830048276328,17.640830048276328,21.83304709972198,False,
110P58118::MD,110P58118,MD,VA640_EB,EASTBOUND,36954.0,304.0,4.0,3.0,9.25,12.5,16.25,10.971491386360666,11.887241654245674,13.842188784638704,172.24184389668235,0.3189992328812894,ridge_core,core_network,full_network,True,constrained,aggregate_all_days,corridor_held_out,corridor,5,103.28948318163998,103.28948318163998,-36.76550074525956,36.76550074525956,-144.46867292167775,144.46867292167775,94.84121894952575,False,
110P58118::PM,110P58118,PM,VA640_EB,EASTBOUND,36954.0,304.0,4.0,2.0,16.5,17.875,19.625,15.70745606277443,16.929020538652278,18.86941333192022,189.7174361487474,0.3863317470472512,ridge_core,core_network,full_network,True,constrained,aggregate_all_days,corridor_held_out,corridor,5,-47.552636233534216,47.552636233534216,-56.75876768086333,56.75876768086333,-45.33520008478675,45.33520008478675,49.88220133306143,False,
110P58119::AM,110P58119,AM,VA640_EB,EASTBOUND,37969.0,304.0,4.0,3.0,5.5,7.5,9.75,7.223928665382756,7.932205162775814,9.668740301591312,146.68869817251337,0.2897059580800517,ridge_core,core_network,full_network,True,constrained,aggregate_all_days,corridor_held_out,corridor,5,103.43571992296536,103.43571992296536,25.93230976654884,25.93230976654884,-4.8755819045213045,4.8755819045213045,44.74787053134517,False,
110P58119::MD,110P58119,MD,VA640_EB,EASTBOUND,37969.0,304.0,4.0,1.0,6.25,12.0,12.75,10.95163044024306,11.880407995469366,13.86919480922424,175.05386213887087,0.318340039075346,ridge_core,core_network,full_network,True,constrained,aggregate_all_days,corridor_held_out,corridor,5,282.09782641458355,282.09782641458355,-7.175520271838067,7.175520271838067,67.15168855345439,67.15168855345439,118.80834507995868,False,
110P58119::PM,110P58119,PM,VA640_EB,EASTBOUND,37969.0,304.0,4.0,2.0,12.75,17.875,19.75,15.674374858064647,16.90669137128922,18.86201171475753,191.25821140157296,0.3865925036715376,ridge_core,core_network,full_network,True,constrained,aggregate_all_days,corridor_held_out,corridor,5,175.46249148387892,175.46249148387892,-58.09851772264679,58.09851772264679,-53.27929711454807,53.27929711454807,95.61343544035792,False,
110P58163::AM,110P58163,AM,VA620_EB,EASTBOUND,36111.0,403.0,3.0,1.0,5.0,7.0,10.25,6.833102768051994,7.8296941186378035,9.848521689493955,180.9251352865178,0.3304984735285944,ridge_core,core_network,full_network,True,constrained,aggregate_all_days,corridor_held_out,corridor,5,109.98616608311964,109.98616608311964,49.78164711826821,49.78164711826821,-24.088698630362583,24.088698630362583,61.28550394391681,False,
